{"type":"FeatureCollection","crs":{"type":"name","properties":{"name":"EPSG:4326"}},"features":[{"type":"Feature","id":1001,"geometry":{"type":"Point","coordinates":[-122.67399899999998,45.620483000000036]},"properties":{"CameraID":1001,"CameraTitle":"I-5 at Interstate Bridge SB, north end","ImageURL":"https://www.tripcheck.com/RoadCams/cams/i5brnbs_pid553.jpg","WSDOTSRID":"005        ","StateRouteMilepost":null,"CompassDirection":"S","Latitude":45.620483,"Longitude":-122.67399899999999,"CameraOwnerName":"Tripcheck (ODOT)","CameraOwnerURL":"http://www.tripcheck.com","ImageWidth":328,"ImageHeight":314}},{"type":"Feature","id":1002,"geometry":{"type":"Point","coordinates":[-122.67498799999998,45.618070000000046]},"properties":{"CameraID":1002,"CameraTitle":"I-5 at Interstate Bridge NB, south end","ImageURL":"https://www.tripcheck.com/RoadCams/cams/i5brnbn_pid552.jpg","WSDOTSRID":"005        ","StateRouteMilepost":null,"CompassDirection":"N","Latitude":45.618070000000003,"Longitude":-122.674988,"CameraOwnerName":"Tripcheck (ODOT)","CameraOwnerURL":"http://www.tripcheck.com","ImageWidth":328,"ImageHeight":314}},{"type":"Feature","id":1003,"geometry":{"type":"Point","coordinates":[-122.66633099999996,45.661803000000077]},"properties":{"CameraID":1003,"CameraTitle":"I-5 at MP 3.2: Main St","ImageURL":"https://images.wsdot.wa.gov/sw/005vc00320.jpg","WSDOTSRID":"005        ","CompassDirection":"B","Latitude":45.661802999999999,"Longitude":-122.666331,"CameraOwnerName":null,"CameraOwnerURL":null,"ImageWidth":335,"ImageHeight":249}},{"type":"Feature","id":1004,"geometry":{"type":"Point","coordinates":[-122.47931599999998,47.163383000000067]},"properties":{"CameraID":1004,"CameraTitle":"I-5 at MP 127.5: SB/SR 512 Interchange","ImageURL":"https://images.wsdot.wa.gov/ORFlow/005vc12750.jpg","WSDOTSRID":"005        ","CompassDirection":"B","Latitude":47.163383000000003,"Longitude":-122.479316,"CameraOwnerName":null,"CameraOwnerURL":null,"ImageWidth":335,"ImageHeight":249}},{"type":"Feature","id":1005,"geometry":{"type":"Point","coordinates":[-122.46227999999996,47.190923000000055]},"properties":{"CameraID":1005,"CameraTitle":"I-5 at MP 129.6: S 72nd/74th St","ImageURL":"https://images.wsdot.wa.gov/ORFlow/005vc12960.jpg","WSDOTSRID":"005        ","CompassDirection":"B","Latitude":47.190922999999998,"Longitude":-122.46228000000001,"CameraOwnerName":null,"CameraOwnerURL":null,"ImageWidth":335,"ImageHeight":249}},{"type":"Feature","id":1006,"geometry":{"type":"Point","coordinates":[-122.46328399999999,47.222566000000029]},"properties":{"CameraID":1006,"CameraTitle":"I-5 at MP 131.8: S 38th St looking South","ImageURL":"https://images.wsdot.wa.gov/orflow/005vc13180.jpg","WSDOTSRID":"005        ","CompassDirection":"B","Latitude":47.222566,"Longitude":-122.463284,"CameraOwnerName":null,"CameraOwnerURL":null,"ImageWidth":335,"ImageHeight":249}},{"type":"Feature","id":1007,"geometry":{"type":"Point","coordinates":[-122.46041699999995,47.230476000000067]},"properties":{"CameraID":1007,"CameraTitle":"I-5 SB at MP 132.4: SR 16 Interchange","ImageURL":"https://images.wsdot.wa.gov/orflow/005vc13240.jpg","WSDOTSRID":"005        ","CompassDirection":"B","Latitude":47.230476000000003,"Longitude":-122.46041700000001,"CameraOwnerName":null,"CameraOwnerURL":null,"ImageWidth":335,"ImageHeight":244}},{"type":"Feature","id":1008,"geometry":{"type":"Point","coordinates":[-122.43597699999998,47.232826000000045]},"properties":{"CameraID":1008,"CameraTitle":"I-5 at MP 133.6: Pacific Ave (Tacoma)","ImageURL":"https://images.wsdot.wa.gov/orflow/005vc13371.jpg","WSDOTSRID":"005        ","CompassDirection":"B","Latitude":47.232826000000003,"Longitude":-122.43597699999999,"CameraOwnerName":null,"CameraOwnerURL":null,"ImageWidth":335,"ImageHeight":244}},{"type":"Feature","id":1009,"geometry":{"type":"Point","coordinates":[-122.41659299999998,47.238432000000046]},"properties":{"CameraID":1009,"CameraTitle":"I-5 at MP 134.6: East L Street","ImageURL":"https://images.wsdot.wa.gov/orflow/005vc13460.jpg","WSDOTSRID":"005        ","CompassDirection":"B","Latitude":47.238432000000003,"Longitude":-122.41659300000001,"CameraOwnerName":null,"CameraOwnerURL":null,"ImageWidth":335,"ImageHeight":249}},{"type":"Feature","id":1010,"geometry":{"type":"Point","coordinates":[-122.40005399999995,47.241041000000052]},"properties":{"CameraID":1010,"CameraTitle":"I-5 at MP 135.4: Puyallup River","ImageURL":"https://images.wsdot.wa.gov/orflow/005vc13540.jpg","WSDOTSRID":"005        ","CompassDirection":"B","Latitude":47.241041000000003,"Longitude":-122.400054,"CameraOwnerName":null,"CameraOwnerURL":null,"ImageWidth":335,"ImageHeight":249}},{"type":"Feature","id":1011,"geometry":{"type":"Point","coordinates":[-122.37493099999995,47.240448000000072]},"properties":{"CameraID":1011,"CameraTitle":"I-5 at MP 136.6: Port of Tacoma Rd","ImageURL":"https://images.wsdot.wa.gov/ORFlow/005vc13660.jpg","WSDOTSRID":"005        ","CompassDirection":"B","Latitude":47.240448000000001,"Longitude":-122.374931,"CameraOwnerName":null,"CameraOwnerURL":null,"ImageWidth":335,"ImageHeight":249}},{"type":"Feature","id":1012,"geometry":{"type":"Point","coordinates":[-122.29743699999995,47.31456200000008]},"properties":{"CameraID":1012,"CameraTitle":"I-5 at MP 143.7: S 320th St","ImageURL":"https://images.wsdot.wa.gov/nw/005vc14379.jpg","WSDOTSRID":"005        ","CompassDirection":"B","Latitude":47.314562000000002,"Longitude":-122.297437,"CameraOwnerName":null,"CameraOwnerURL":null,"ImageWidth":335,"ImageHeight":249}},{"type":"Feature","id":1013,"geometry":{"type":"Point","coordinates":[-122.29306899999995,47.346915000000081]},"properties":{"CameraID":1013,"CameraTitle":"I-5 at MP 146: S 288th St","ImageURL":"https://images.wsdot.wa.gov/nw/005vc14605.jpg","WSDOTSRID":"005        ","CompassDirection":"B","Latitude":47.346915000000003,"Longitude":-122.293069,"CameraOwnerName":null,"CameraOwnerURL":null,"ImageWidth":335,"ImageHeight":249}},{"type":"Feature","id":1014,"geometry":{"type":"Point","coordinates":[-122.29299099999997,47.370687000000032]},"properties":{"CameraID":1014,"CameraTitle":"I-5 at MP 147.7: S 260th St","ImageURL":"https://images.wsdot.wa.gov/nw/005vc14772.jpg","WSDOTSRID":"005        ","CompassDirection":"B","Latitude":47.370686999999997,"Longitude":-122.292991,"CameraOwnerName":null,"CameraOwnerURL":null,"ImageWidth":335,"ImageHeight":249}},{"type":"Feature","id":1015,"geometry":{"type":"Point","coordinates":[-122.29069499999997,47.391474000000073]},"properties":{"CameraID":1015,"CameraTitle":"I-5 at MP 149.1: SR 516 Interchange","ImageURL":"https://images.wsdot.wa.gov/nw/005vc14918.jpg","WSDOTSRID":"005        ","CompassDirection":"B","Latitude":47.391474000000002,"Longitude":-122.290695,"CameraOwnerName":null,"CameraOwnerURL":null,"ImageWidth":335,"ImageHeight":249}},{"type":"Feature","id":1016,"geometry":{"type":"Point","coordinates":[-122.28604199999995,47.421144000000027]},"properties":{"CameraID":1016,"CameraTitle":"I-5 at MP 151.2: S 200th St","ImageURL":"https://images.wsdot.wa.gov/nw/005vc15128.jpg","WSDOTSRID":"005        ","CompassDirection":"B","Latitude":47.421143999999998,"Longitude":-122.28604199999999,"CameraOwnerName":null,"CameraOwnerURL":null,"ImageWidth":335,"ImageHeight":249}},{"type":"Feature","id":1017,"geometry":{"type":"Point","coordinates":[-122.27125999999998,47.431916000000058]},"properties":{"CameraID":1017,"CameraTitle":"I-5 at MP 152.3: S 188th St","ImageURL":"https://images.wsdot.wa.gov/nw/005vc15230.jpg","WSDOTSRID":"005        ","CompassDirection":"B","Latitude":47.431916000000001,"Longitude":-122.27126,"CameraOwnerName":null,"CameraOwnerURL":null,"ImageWidth":335,"ImageHeight":249}},{"type":"Feature","id":1018,"geometry":{"type":"Point","coordinates":[-122.26819999999998,47.443800000000067]},"properties":{"CameraID":1018,"CameraTitle":"I-5 at MP 153.1: S 178th St","ImageURL":"https://images.wsdot.wa.gov/nw/005vc15315.jpg","WSDOTSRID":"005        ","CompassDirection":"B","Latitude":47.443800000000003,"Longitude":-122.26819999999999,"CameraOwnerName":null,"CameraOwnerURL":null,"ImageWidth":335,"ImageHeight":249}},{"type":"Feature","id":1019,"geometry":{"type":"Point","coordinates":[-122.19350799999995,48.152206000000035]},"properties":{"CameraID":1019,"CameraTitle":"SR 531 at MP 6.1: 27th Ave NE","ImageURL":"https://images.wsdot.wa.gov/nw/531vc00614.jpg","WSDOTSRID":"531        ","CompassDirection":"B","Latitude":48.152206,"Longitude":-122.19350799999999,"CameraOwnerName":null,"CameraOwnerURL":null,"ImageWidth":335,"ImageHeight":249}},{"type":"Feature","id":1020,"geometry":{"type":"Point","coordinates":[-122.26835299999999,47.469947000000047]},"properties":{"CameraID":1020,"CameraTitle":"I-5 at MP 155.9: SR 599 Interchange","ImageURL":"https://images.wsdot.wa.gov/nw/005vc15591.jpg","WSDOTSRID":"005        ","CompassDirection":"B","Latitude":47.469946999999998,"Longitude":-122.268353,"CameraOwnerName":null,"CameraOwnerURL":null,"ImageWidth":335,"ImageHeight":249}},{"type":"Feature","id":1021,"geometry":{"type":"Point","coordinates":[-122.26427399999994,47.491137000000037]},"properties":{"CameraID":1021,"CameraTitle":"I-5 at MP 156.6: Duwamish River","ImageURL":"https://images.wsdot.wa.gov/nw/005vc15664.jpg","WSDOTSRID":"005        ","CompassDirection":"B","Latitude":47.491137000000002,"Longitude":-122.264274,"CameraOwnerName":null,"CameraOwnerURL":null,"ImageWidth":335,"ImageHeight":249}},{"type":"Feature","id":1022,"geometry":{"type":"Point","coordinates":[-122.28179599999999,47.508346000000074]},"properties":{"CameraID":1022,"CameraTitle":"I-5 at MP 158: Boeing Access Rd North","ImageURL":"https://images.wsdot.wa.gov/nw/005vc15805.jpg","WSDOTSRID":"005        ","CompassDirection":"B","Latitude":47.508346000000003,"Longitude":-122.281796,"CameraOwnerName":null,"CameraOwnerURL":null,"ImageWidth":335,"ImageHeight":249}},{"type":"Feature","id":1023,"geometry":{"type":"Point","coordinates":[-122.29379999999998,47.530600000000049]},"properties":{"CameraID":1023,"CameraTitle":"I-5 at MP 159.7: S Rose St (Mid-Boeing Field)","ImageURL":"https://images.wsdot.wa.gov/nw/005vc15970.jpg","WSDOTSRID":"005        ","CompassDirection":"B","Latitude":47.5306,"Longitude":-122.2938,"CameraOwnerName":null,"CameraOwnerURL":null,"ImageWidth":335,"ImageHeight":249}},{"type":"Feature","id":1024,"geometry":{"type":"Point","coordinates":[-122.31125999999995,47.548537000000067]},"properties":{"CameraID":1024,"CameraTitle":"I-5 at MP 161.2: Albro Pl","ImageURL":"https://images.wsdot.wa.gov/nw/005vc16123.jpg","WSDOTSRID":"005        ","CompassDirection":"B","Latitude":47.548537000000003,"Longitude":-122.31126,"CameraOwnerName":null,"CameraOwnerURL":null,"ImageWidth":335,"ImageHeight":249}},{"type":"Feature","id":1025,"geometry":{"type":"Point","coordinates":[-122.32340999999997,47.571871000000044]},"properties":{"CameraID":1025,"CameraTitle":"I-5 at MP 162.9: Spokane St","ImageURL":"https://images.wsdot.wa.gov/nw/005vc16297.jpg","WSDOTSRID":"005        ","CompassDirection":"B","Latitude":47.571871000000002,"Longitude":-122.32341,"CameraOwnerName":null,"CameraOwnerURL":null,"ImageWidth":335,"ImageHeight":249}},{"type":"Feature","id":1026,"geometry":{"type":"Point","coordinates":[-122.31945599999995,47.586110000000076]},"properties":{"CameraID":1026,"CameraTitle":"I-5 at MP 163.9: S Holgate St","ImageURL":"https://images.wsdot.wa.gov/nw/005vc16396.jpg","WSDOTSRID":"005        ","CompassDirection":"B","Latitude":47.586109999999998,"Longitude":-122.319456,"CameraOwnerName":null,"CameraOwnerURL":null,"ImageWidth":335,"ImageHeight":249}},{"type":"Feature","id":1027,"geometry":{"type":"Point","coordinates":[-122.32004999999998,47.586164000000053]},"properties":{"CameraID":1027,"CameraTitle":"I-5 at MP 164: I-90 Interchange (8th Ave S)","ImageURL":"https://images.wsdot.wa.gov/nw/090vc00245.jpg","WSDOTSRID":"090        ","CompassDirection":"B","Latitude":47.586163999999997,"Longitude":-122.32004999999999,"CameraOwnerName":null,"CameraOwnerURL":null,"ImageWidth":335,"ImageHeight":249}},{"type":"Feature","id":1028,"geometry":{"type":"Point","coordinates":[-122.32419999999996,47.601400000000069]},"properties":{"CameraID":1028,"CameraTitle":"I-5 at MP 165: Yesler Way","ImageURL":"https://images.wsdot.wa.gov/nw/005vc16508.jpg","WSDOTSRID":"005        ","CompassDirection":"B","Latitude":47.601399999999998,"Longitude":-122.3242,"CameraOwnerName":null,"CameraOwnerURL":null,"ImageWidth":335,"ImageHeight":249}},{"type":"Feature","id":1029,"geometry":{"type":"Point","coordinates":[-122.32984699999997,47.614561000000037]},"properties":{"CameraID":1029,"CameraTitle":"I-5 at MP 166: Pine St","ImageURL":"https://images.wsdot.wa.gov/nw/005vc16607.jpg","WSDOTSRID":"005        ","CompassDirection":"B","Latitude":47.614561000000002,"Longitude":-122.329847,"CameraOwnerName":null,"CameraOwnerURL":null,"ImageWidth":335,"ImageHeight":249}},{"type":"Feature","id":1030,"geometry":{"type":"Point","coordinates":[-122.32779999999997,47.628000000000043]},"properties":{"CameraID":1030,"CameraTitle":"I-5 at MP 167: Mercer St","ImageURL":"https://images.wsdot.wa.gov/nw/005vc16702.jpg","WSDOTSRID":"005        ","CompassDirection":"B","Latitude":47.628,"Longitude":-122.3278,"CameraOwnerName":null,"CameraOwnerURL":null,"ImageWidth":335,"ImageHeight":249}},{"type":"Feature","id":1031,"geometry":{"type":"Point","coordinates":[-122.32259999999997,47.641600000000039]},"properties":{"CameraID":1031,"CameraTitle":"I-5 at MP 168: Roanoke St","ImageURL":"https://images.wsdot.wa.gov/nw/005vc16802.jpg","WSDOTSRID":"005        ","CompassDirection":"B","Latitude":47.641599999999997,"Longitude":-122.32259999999999,"CameraOwnerName":null,"CameraOwnerURL":null,"ImageWidth":335,"ImageHeight":249}},{"type":"Feature","id":1032,"geometry":{"type":"Point","coordinates":[-122.32159899999999,47.661442000000079]},"properties":{"CameraID":1032,"CameraTitle":"I-5 at MP 169.3: NE 45th St","ImageURL":"https://images.wsdot.wa.gov/nw/005vc16939.jpg","WSDOTSRID":"005        ","CompassDirection":"B","Latitude":47.661442000000001,"Longitude":-122.32159900000001,"CameraOwnerName":null,"CameraOwnerURL":null,"ImageWidth":335,"ImageHeight":249}},{"type":"Feature","id":1033,"geometry":{"type":"Point","coordinates":[-122.31941999999998,47.682990000000075]},"properties":{"CameraID":1033,"CameraTitle":"I-5 at MP 170.7: Lake City Way","ImageURL":"https://images.wsdot.wa.gov/nw/005vc17078.jpg","WSDOTSRID":"005        ","CompassDirection":"B","Latitude":47.682989999999997,"Longitude":-122.31941999999999,"CameraOwnerName":null,"CameraOwnerURL":null,"ImageWidth":335,"ImageHeight":249}},{"type":"Feature","id":1034,"geometry":{"type":"Point","coordinates":[-122.32987999999995,47.69165600000008]},"properties":{"CameraID":1034,"CameraTitle":"I-5 at MP 171.5: NE 85th St","ImageURL":"https://images.wsdot.wa.gov/nw/005vc17153.jpg","WSDOTSRID":"005        ","CompassDirection":"B","Latitude":47.691656000000002,"Longitude":-122.32988,"CameraOwnerName":null,"CameraOwnerURL":null,"ImageWidth":335,"ImageHeight":249}},{"type":"Feature","id":1035,"geometry":{"type":"Point","coordinates":[-122.32977799999998,47.708662000000061]},"properties":{"CameraID":1035,"CameraTitle":"I-5 at MP 172.7: N Northgate Way","ImageURL":"https://images.wsdot.wa.gov/nw/005vc17277.jpg","WSDOTSRID":"005        ","CompassDirection":"B","Latitude":47.708661999999997,"Longitude":-122.329778,"CameraOwnerName":null,"CameraOwnerURL":null,"ImageWidth":335,"ImageHeight":249}},{"type":"Feature","id":1036,"geometry":{"type":"Point","coordinates":[-122.32458999999994,47.734250000000031]},"properties":{"CameraID":1036,"CameraTitle":"I-5 at MP 174.6: NE 145th St","ImageURL":"https://images.wsdot.wa.gov/nw/005vc17461.jpg","WSDOTSRID":"005        ","CompassDirection":"B","Latitude":47.734250000000003,"Longitude":-122.32459,"CameraOwnerName":null,"CameraOwnerURL":null,"ImageWidth":335,"ImageHeight":249}},{"type":"Feature","id":1037,"geometry":{"type":"Point","coordinates":[-122.32997699999999,47.754417000000046]},"properties":{"CameraID":1037,"CameraTitle":"I-5 at MP 176: NE 175th St","ImageURL":"https://images.wsdot.wa.gov/nw/005vc17603.jpg","WSDOTSRID":"005        ","CompassDirection":"B","Latitude":47.754416999999997,"Longitude":-122.329977,"CameraOwnerName":null,"CameraOwnerURL":null,"ImageWidth":335,"ImageHeight":209}},{"type":"Feature","id":1038,"geometry":{"type":"Point","coordinates":[-122.32159999999999,47.77010000000007]},"properties":{"CameraID":1038,"CameraTitle":"I-5 at MP 177.2: NE 195th St","ImageURL":"https://images.wsdot.wa.gov/nw/005vc17722.jpg","WSDOTSRID":"005        ","CompassDirection":"B","Latitude":47.770099999999999,"Longitude":-122.3216,"CameraOwnerName":null,"CameraOwnerURL":null,"ImageWidth":335,"ImageHeight":249}},{"type":"Feature","id":1039,"geometry":{"type":"Point","coordinates":[-122.31498599999998,47.785260000000051]},"properties":{"CameraID":1039,"CameraTitle":"I-5 at MP 178.2: 236th St SW","ImageURL":"https://images.wsdot.wa.gov/nw/005vc17828.jpg","WSDOTSRID":"005        ","CompassDirection":"B","Latitude":47.785260000000001,"Longitude":-122.314986,"CameraOwnerName":null,"CameraOwnerURL":null,"ImageWidth":335,"ImageHeight":249}},{"type":"Feature","id":1040,"geometry":{"type":"Point","coordinates":[-122.31489999999997,47.799400000000048]},"properties":{"CameraID":1040,"CameraTitle":"I-5 at MP 179.2: 220th St SW","ImageURL":"https://images.wsdot.wa.gov/nw/005vc17928.jpg","WSDOTSRID":"005        ","CompassDirection":"B","Latitude":47.799399999999999,"Longitude":-122.31489999999999,"CameraOwnerName":null,"CameraOwnerURL":null,"ImageWidth":335,"ImageHeight":249}},{"type":"Feature","id":1041,"geometry":{"type":"Point","coordinates":[-122.51091899999994,47.622963000000027]},"properties":{"CameraID":1041,"CameraTitle":"SR 305 at MP 0.2: Winslow Way South","ImageURL":"https://images.wsdot.wa.gov/orflow/305vc00022.jpg","WSDOTSRID":"305        ","CompassDirection":"S","Latitude":47.622962999999999,"Longitude":-122.510919,"CameraOwnerName":null,"CameraOwnerURL":null,"ImageWidth":335,"ImageHeight":249}},{"type":"Feature","id":1042,"geometry":{"type":"Point","coordinates":[-122.26091899999994,47.83683700000006]},"properties":{"CameraID":1042,"CameraTitle":"I-5 at MP 183: I-405 Interchange (Alderwood)","ImageURL":"https://images.wsdot.wa.gov/nw/405vc03022.jpg","WSDOTSRID":"405        ","CompassDirection":"B","Latitude":47.836837000000003,"Longitude":-122.260919,"CameraOwnerName":null,"CameraOwnerURL":null,"ImageWidth":335,"ImageHeight":209}},{"type":"Feature","id":1043,"geometry":{"type":"Point","coordinates":[-122.25775899999996,47.849327000000073]},"properties":{"CameraID":1043,"CameraTitle":"I-5 at MP 183.9: 164th St SW","ImageURL":"https://images.wsdot.wa.gov/nw/005vc18391.jpg","WSDOTSRID":"005        ","CompassDirection":"B","Latitude":47.849327000000002,"Longitude":-122.25775899999999,"CameraOwnerName":null,"CameraOwnerURL":null,"ImageWidth":335,"ImageHeight":249}},{"type":"Feature","id":1044,"geometry":{"type":"Point","coordinates":[-122.24615899999998,47.86473600000005]},"properties":{"CameraID":1044,"CameraTitle":"I-5 at MP 185: 148th St SW","ImageURL":"https://images.wsdot.wa.gov/nw/005vc18507.jpg","WSDOTSRID":"005        ","CompassDirection":"B","Latitude":47.864736000000001,"Longitude":-122.24615900000001,"CameraOwnerName":null,"CameraOwnerURL":null,"ImageWidth":335,"ImageHeight":249}},{"type":"Feature","id":1045,"geometry":{"type":"Point","coordinates":[-122.23352199999999,47.882470000000069]},"properties":{"CameraID":1045,"CameraTitle":"I-5 at MP 186.4: 128th St SW","ImageURL":"https://images.wsdot.wa.gov/nw/005vc18648.jpg","WSDOTSRID":"005        ","CompassDirection":"B","Latitude":47.882469999999998,"Longitude":-122.23352199999999,"CameraOwnerName":null,"CameraOwnerURL":null,"ImageWidth":335,"ImageHeight":249}},{"type":"Feature","id":1046,"geometry":{"type":"Point","coordinates":[-122.22413999999998,47.888861000000077]},"properties":{"CameraID":1046,"CameraTitle":"I-5 at MP 187.4: 112th St SW, SB","ImageURL":"https://images.wsdot.wa.gov/nw/005vc18748.jpg","WSDOTSRID":"005        ","CompassDirection":"B","Latitude":47.888860999999999,"Longitude":-122.22414000000001,"CameraOwnerName":null,"CameraOwnerURL":null,"ImageWidth":335,"ImageHeight":249}},{"type":"Feature","id":1047,"geometry":{"type":"Point","coordinates":[-122.21309999999994,47.899600000000078]},"properties":{"CameraID":1047,"CameraTitle":"I-5 at MP 187.9: 112th St SW, NB","ImageURL":"https://images.wsdot.wa.gov/nw/005vc18797.jpg","WSDOTSRID":"005        ","CompassDirection":"B","Latitude":47.8996,"Longitude":-122.2131,"CameraOwnerName":null,"CameraOwnerURL":null,"ImageWidth":335,"ImageHeight":209}},{"type":"Feature","id":1048,"geometry":{"type":"Point","coordinates":[-122.20639999999997,47.91900000000004]},"properties":{"CameraID":1048,"CameraTitle":"I-5 at MP 189.3: SR 526 Interchange","ImageURL":"https://images.wsdot.wa.gov/nw/005vc18935.jpg","WSDOTSRID":"005        ","CompassDirection":"B","Latitude":47.918999999999997,"Longitude":-122.2064,"CameraOwnerName":null,"CameraOwnerURL":null,"ImageWidth":335,"ImageHeight":249}},{"type":"Feature","id":1049,"geometry":{"type":"Point","coordinates":[-122.90219999999999,46.970400000000041]},"properties":{"CameraID":1049,"CameraTitle":"Olympia Regional Airport South","ImageURL":"https://images.wsdot.wa.gov/airports/olysoutht.jpg","WSDOTSRID":null,"StateRouteMilepost":null,"CompassDirection":"S","Latitude":46.970399999999998,"Longitude":-122.90219999999999,"CameraOwnerName":"WSDOT Aviation","CameraOwnerURL":"https://www.wsdot.wa.gov/aviation/WebCam/Olympia.htm","ImageWidth":335,"ImageHeight":262}},{"type":"Feature","id":1050,"geometry":{"type":"Point","coordinates":[-122.90219999999999,46.970400000000041]},"properties":{"CameraID":1050,"CameraTitle":"Olympia Regional Airport South Southwest","ImageURL":"https://images.wsdot.wa.gov/airports/olyssw.jpg","WSDOTSRID":null,"StateRouteMilepost":null,"CompassDirection":"S","Latitude":46.970399999999998,"Longitude":-122.90219999999999,"CameraOwnerName":"WSDOT Aviation","CameraOwnerURL":"https://www.wsdot.wa.gov/aviation/WebCam/Olympia.htm","ImageWidth":335,"ImageHeight":262}},{"type":"Feature","id":1051,"geometry":{"type":"Point","coordinates":[-122.90219999999999,46.970400000000041]},"properties":{"CameraID":1051,"CameraTitle":"Olympia Regional Airport Southwest","ImageURL":"https://images.wsdot.wa.gov/airports/olysw.jpg","WSDOTSRID":null,"StateRouteMilepost":null,"CompassDirection":"S","Latitude":46.970399999999998,"Longitude":-122.90219999999999,"CameraOwnerName":"WSDOT Aviation","CameraOwnerURL":"https://www.wsdot.wa.gov/aviation/WebCam/Olympia.htm","ImageWidth":335,"ImageHeight":262}},{"type":"Feature","id":1054,"geometry":{"type":"Point","coordinates":[-122.39940399999995,48.68808800000005]},"properties":{"CameraID":1054,"CameraTitle":"I-5 at MP 246.2: Lake Samish Park and Ride","ImageURL":"https://images.wsdot.wa.gov/nw/005vc24625.jpg","WSDOTSRID":"005        ","CompassDirection":"N","Latitude":48.688088,"Longitude":-122.399404,"CameraOwnerName":null,"CameraOwnerURL":null,"ImageWidth":335,"ImageHeight":249}},{"type":"Feature","id":1055,"geometry":{"type":"Point","coordinates":[-122.68166799999995,48.948100000000068]},"properties":{"CameraID":1055,"CameraTitle":"I-5 at MP 271.4: Loomis Trail Rd","ImageURL":"https://images.wsdot.wa.gov/nw/005vc27149.jpg","WSDOTSRID":"005        ","CompassDirection":"B","Latitude":48.948099999999997,"Longitude":-122.681668,"CameraOwnerName":null,"CameraOwnerURL":null,"ImageWidth":335,"ImageHeight":249}},{"type":"Feature","id":1056,"geometry":{"type":"Point","coordinates":[-122.72332699999998,48.975121000000058]},"properties":{"CameraID":1056,"CameraTitle":"I-5 at MP 274.1: Peace Portal Dr","ImageURL":"https://images.wsdot.wa.gov/nw/005vc27416.jpg","WSDOTSRID":"005        ","CompassDirection":"B","Latitude":48.975121000000001,"Longitude":-122.723327,"CameraOwnerName":null,"CameraOwnerURL":null,"ImageWidth":335,"ImageHeight":249}},{"type":"Feature","id":1057,"geometry":{"type":"Point","coordinates":[-122.75544399999995,49.00133500000004]},"properties":{"CameraID":1057,"CameraTitle":"I-5 at MP 276.5: Peace Arch","ImageURL":"https://images.wsdot.wa.gov/nw/005vc27650.jpg","WSDOTSRID":"005        ","CompassDirection":"N","Latitude":49.001334999999997,"Longitude":-122.755444,"CameraOwnerName":null,"CameraOwnerURL":null,"ImageWidth":335,"ImageHeight":249}},{"type":"Feature","id":1058,"geometry":{"type":"Point","coordinates":[-122.75082599999996,48.997016000000031]},"properties":{"CameraID":1058,"CameraTitle":"I-5 at MP 276.1: D St Offramp","ImageURL":"https://images.wsdot.wa.gov/nw/005vc27613.jpg","WSDOTSRID":"005        ","CompassDirection":"B","Latitude":48.997016000000002,"Longitude":-122.750826,"CameraOwnerName":null,"CameraOwnerURL":null,"ImageWidth":335,"ImageHeight":249}},{"type":"Feature","id":1060,"geometry":{"type":"Point","coordinates":[-122.24728999999996,47.463119000000063]},"properties":{"CameraID":1060,"CameraTitle":"I-405 at MP 0.8: West Valley Hwy (SR 181)","ImageURL":"https://images.wsdot.wa.gov/nw/405vc00088.jpg","WSDOTSRID":"405        ","CompassDirection":"B","Latitude":47.463118999999999,"Longitude":-122.24729000000001,"CameraOwnerName":null,"CameraOwnerURL":null,"ImageWidth":335,"ImageHeight":249}},{"type":"Feature","id":1061,"geometry":{"type":"Point","coordinates":[-122.22491999999994,47.467360000000042]},"properties":{"CameraID":1061,"CameraTitle":"I-405 at MP 2.2: SR 167 Interchange","ImageURL":"https://images.wsdot.wa.gov/nw/405vc00229.jpg","WSDOTSRID":"405        ","CompassDirection":"B","Latitude":47.467359999999999,"Longitude":-122.22492,"CameraOwnerName":null,"CameraOwnerURL":null,"ImageWidth":335,"ImageHeight":249}},{"type":"Feature","id":1062,"geometry":{"type":"Point","coordinates":[-122.19486799999999,47.485276000000056]},"properties":{"CameraID":1062,"CameraTitle":"I-405 at MP 4.1: SR 169 Interchange","ImageURL":"https://images.wsdot.wa.gov/nw/405vc00417.jpg","WSDOTSRID":"405        ","CompassDirection":"N","Latitude":47.485275999999999,"Longitude":-122.194868,"CameraOwnerName":null,"CameraOwnerURL":null,"ImageWidth":335,"ImageHeight":249}},{"type":"Feature","id":1063,"geometry":{"type":"Point","coordinates":[-122.19146499999999,47.49331200000006]},"properties":{"CameraID":1063,"CameraTitle":"I-405 at MP 4.7: Sunset Blvd","ImageURL":"https://images.wsdot.wa.gov/nw/405vc00475.jpg","WSDOTSRID":"405        ","CompassDirection":"B","Latitude":47.493312000000003,"Longitude":-122.19146499999999,"CameraOwnerName":null,"CameraOwnerURL":null,"ImageWidth":335,"ImageHeight":249}},{"type":"Feature","id":1064,"geometry":{"type":"Point","coordinates":[-122.19659999999999,47.502000000000066]},"properties":{"CameraID":1064,"CameraTitle":"I-405 at MP 5.3: NE Park Dr","ImageURL":"https://images.wsdot.wa.gov/nw/405vc00537.jpg","WSDOTSRID":"405        ","CompassDirection":"B","Latitude":47.502000000000002,"Longitude":-122.1966,"CameraOwnerName":null,"CameraOwnerURL":null,"ImageWidth":335,"ImageHeight":249}},{"type":"Feature","id":1065,"geometry":{"type":"Point","coordinates":[-122.19880999999998,47.51885800000008]},"properties":{"CameraID":1065,"CameraTitle":"I-405 at MP 6.5: NE 30th St","ImageURL":"https://images.wsdot.wa.gov/nw/405vc00652.jpg","WSDOTSRID":"405        ","CompassDirection":"B","Latitude":47.518858000000002,"Longitude":-122.19880999999999,"CameraOwnerName":null,"CameraOwnerURL":null,"ImageWidth":335,"ImageHeight":249}},{"type":"Feature","id":1066,"geometry":{"type":"Point","coordinates":[-122.19739999999996,47.532300000000077]},"properties":{"CameraID":1066,"CameraTitle":"I-405 at MP 7.4: NE 44th St","ImageURL":"https://images.wsdot.wa.gov/nw/405vc00747.jpg","WSDOTSRID":"405        ","CompassDirection":"B","Latitude":47.532299999999999,"Longitude":-122.1974,"CameraOwnerName":null,"CameraOwnerURL":null,"ImageWidth":335,"ImageHeight":249}},{"type":"Feature","id":1067,"geometry":{"type":"Point","coordinates":[-122.19521799999995,47.545175000000029]},"properties":{"CameraID":1067,"CameraTitle":"I-405 at MP 8.4: SE 64th St","ImageURL":"https://images.wsdot.wa.gov/nw/405vc00840.jpg","WSDOTSRID":"405        ","CompassDirection":"B","Latitude":47.545175,"Longitude":-122.195218,"CameraOwnerName":null,"CameraOwnerURL":null,"ImageWidth":335,"ImageHeight":249}},{"type":"Feature","id":1068,"geometry":{"type":"Point","coordinates":[-122.19019999999995,47.557000000000073]},"properties":{"CameraID":1068,"CameraTitle":"I-405 at MP 9.2: 112th Ave SE","ImageURL":"https://images.wsdot.wa.gov/nw/405vc00926.jpg","WSDOTSRID":"405        ","CompassDirection":"B","Latitude":47.557000000000002,"Longitude":-122.1902,"CameraOwnerName":null,"CameraOwnerURL":null,"ImageWidth":335,"ImageHeight":249}},{"type":"Feature","id":1069,"geometry":{"type":"Point","coordinates":[-122.18209999999999,47.567617000000041]},"properties":{"CameraID":1069,"CameraTitle":"I-405 at MP 10.1: Coal Creek Pkwy","ImageURL":"https://images.wsdot.wa.gov/nw/405vc01016.jpg","WSDOTSRID":"405        ","CompassDirection":"B","Latitude":47.567616999999998,"Longitude":-122.18210000000001,"CameraOwnerName":null,"CameraOwnerURL":null,"ImageWidth":335,"ImageHeight":249}},{"type":"Feature","id":1070,"geometry":{"type":"Point","coordinates":[-122.17379999999997,47.579270000000065]},"properties":{"CameraID":1070,"CameraTitle":"I-405 at MP 11: I-90 Interchange (Factoria)","ImageURL":"https://images.wsdot.wa.gov/nw/405vc01106.jpg","WSDOTSRID":"405        ","CompassDirection":"B","Latitude":47.579270000000001,"Longitude":-122.1738,"CameraOwnerName":null,"CameraOwnerURL":null,"ImageWidth":335,"ImageHeight":249}},{"type":"Feature","id":1071,"geometry":{"type":"Point","coordinates":[-122.18047999999999,47.59268000000003]},"properties":{"CameraID":1071,"CameraTitle":"I-405 at MP 11.9: SE 20th St, SB","ImageURL":"https://images.wsdot.wa.gov/nw/405vc01194.jpg","WSDOTSRID":"405        ","CompassDirection":"S","Latitude":47.592680000000001,"Longitude":-122.18048,"CameraOwnerName":null,"CameraOwnerURL":null,"ImageWidth":335,"ImageHeight":249}},{"type":"Feature","id":1072,"geometry":{"type":"Point","coordinates":[-122.18449999999996,47.603900000000067]},"properties":{"CameraID":1072,"CameraTitle":"I-405 at MP 12.8: SE 8th St","ImageURL":"https://images.wsdot.wa.gov/nw/405vc01286.jpg","WSDOTSRID":"405        ","CompassDirection":"B","Latitude":47.603900000000003,"Longitude":-122.1845,"CameraOwnerName":null,"CameraOwnerURL":null,"ImageWidth":335,"ImageHeight":249}},{"type":"Feature","id":1073,"geometry":{"type":"Point","coordinates":[-122.18889999999999,47.617500000000064]},"properties":{"CameraID":1073,"CameraTitle":"I-405 at MP 13.8: NE 8th St","ImageURL":"https://images.wsdot.wa.gov/nw/405vc01383.jpg","WSDOTSRID":"405        ","CompassDirection":"B","Latitude":47.6175,"Longitude":-122.1889,"CameraOwnerName":null,"CameraOwnerURL":null,"ImageWidth":335,"ImageHeight":249}},{"type":"Feature","id":1075,"geometry":{"type":"Point","coordinates":[-122.18688499999996,47.659689000000071]},"properties":{"CameraID":1075,"CameraTitle":"I-405 at MP 16.7: NE 59th St","ImageURL":"https://images.wsdot.wa.gov/nw/405vc01675.jpg","WSDOTSRID":"405        ","CompassDirection":"B","Latitude":47.659689,"Longitude":-122.186885,"CameraOwnerName":null,"CameraOwnerURL":null,"ImageWidth":335,"ImageHeight":249}},{"type":"Feature","id":1076,"geometry":{"type":"Point","coordinates":[-122.18429999999995,47.679900000000032]},"properties":{"CameraID":1076,"CameraTitle":"I-405 at MP 18: NE 85th St","ImageURL":"https://images.wsdot.wa.gov/nw/405vc01801.jpg","WSDOTSRID":"405        ","CompassDirection":"B","Latitude":47.679900000000004,"Longitude":-122.18429999999999,"CameraOwnerName":null,"CameraOwnerURL":null,"ImageWidth":335,"ImageHeight":249}},{"type":"Feature","id":1077,"geometry":{"type":"Point","coordinates":[-122.17959299999995,47.704526000000044]},"properties":{"CameraID":1077,"CameraTitle":"I-405 at MP 19.8: NE 116th St","ImageURL":"https://images.wsdot.wa.gov/nw/405vc01987.jpg","WSDOTSRID":"405        ","CompassDirection":"B","Latitude":47.704526000000001,"Longitude":-122.179593,"CameraOwnerName":null,"CameraOwnerURL":null,"ImageWidth":335,"ImageHeight":249}},{"type":"Feature","id":1078,"geometry":{"type":"Point","coordinates":[-122.18229999999994,47.709900000000061]},"properties":{"CameraID":1078,"CameraTitle":"I-405 at MP 20.3: NE 124th St","ImageURL":"https://images.wsdot.wa.gov/nw/405vc02030.jpg","WSDOTSRID":"405        ","CompassDirection":"B","Latitude":47.709899999999998,"Longitude":-122.1823,"CameraOwnerName":null,"CameraOwnerURL":null,"ImageWidth":335,"ImageHeight":249}},{"type":"Feature","id":1079,"geometry":{"type":"Point","coordinates":[-122.18812999999994,47.71879000000007]},"properties":{"CameraID":1079,"CameraTitle":"I-405 at MP 20.9: NE 132nd St","ImageURL":"https://images.wsdot.wa.gov/nw/405vc02095.jpg","WSDOTSRID":"405        ","CompassDirection":"B","Latitude":47.718789999999998,"Longitude":-122.18813,"CameraOwnerName":null,"CameraOwnerURL":null,"ImageWidth":335,"ImageHeight":249}},{"type":"Feature","id":1080,"geometry":{"type":"Point","coordinates":[-122.18689999999998,47.74270000000007]},"properties":{"CameraID":1080,"CameraTitle":"I-405 at MP 22.5: NE 160th St","ImageURL":"https://images.wsdot.wa.gov/nw/405vc02256.jpg","WSDOTSRID":"405        ","CompassDirection":"B","Latitude":47.742699999999999,"Longitude":-122.18689999999999,"CameraOwnerName":null,"CameraOwnerURL":null,"ImageWidth":335,"ImageHeight":249}},{"type":"Feature","id":1082,"geometry":{"type":"Point","coordinates":[-122.18949999999995,47.769200000000069]},"properties":{"CameraID":1082,"CameraTitle":"I-405 at MP 24.5: NE 195th St","ImageURL":"https://images.wsdot.wa.gov/nw/405vc02452.jpg","WSDOTSRID":"405        ","CompassDirection":"B","Latitude":47.769199999999998,"Longitude":-122.1895,"CameraOwnerName":null,"CameraOwnerURL":null,"ImageWidth":335,"ImageHeight":249}},{"type":"Feature","id":1084,"geometry":{"type":"Point","coordinates":[-122.23181999999997,47.814469000000031]},"properties":{"CameraID":1084,"CameraTitle":"I-405 at MP 28.3: 202nd St SE, NB","ImageURL":"https://images.wsdot.wa.gov/nw/405vc02838.jpg","WSDOTSRID":"405        ","CompassDirection":"B","Latitude":47.814469000000003,"Longitude":-122.23182,"CameraOwnerName":null,"CameraOwnerURL":null,"ImageWidth":335,"ImageHeight":249}},{"type":"Feature","id":1085,"geometry":{"type":"Point","coordinates":[-122.23049999999995,47.81290000000007]},"properties":{"CameraID":1085,"CameraTitle":"I-405 at MP 28.2: 204th St SE, SB","ImageURL":"https://images.wsdot.wa.gov/nw/405vc02826.jpg","WSDOTSRID":"405        ","CompassDirection":"B","Latitude":47.812899999999999,"Longitude":-122.23050000000001,"CameraOwnerName":null,"CameraOwnerURL":null,"ImageWidth":335,"ImageHeight":249}},{"type":"Feature","id":1086,"geometry":{"type":"Point","coordinates":[-122.25170899999995,47.823734000000059]},"properties":{"CameraID":1086,"CameraTitle":"I-405 at MP 29.5: Filbert Rd","ImageURL":"https://images.wsdot.wa.gov/nw/405vc02951.jpg","WSDOTSRID":"405        ","CompassDirection":"B","Latitude":47.823734000000002,"Longitude":-122.25170900000001,"CameraOwnerName":null,"CameraOwnerURL":null,"ImageWidth":335,"ImageHeight":249}},{"type":"Feature","id":1088,"geometry":{"type":"Point","coordinates":[-122.32247699999999,47.593343000000061]},"properties":{"CameraID":1088,"CameraTitle":"I-90 at MP 2.4: 8th Ave S, EB","ImageURL":"https://images.wsdot.wa.gov/nw/090vc00245.jpg","WSDOTSRID":"090        ","CompassDirection":"N","Latitude":47.593342999999997,"Longitude":-122.32247700000001,"CameraOwnerName":null,"CameraOwnerURL":null,"ImageWidth":335,"ImageHeight":249}},{"type":"Feature","id":1089,"geometry":{"type":"Point","coordinates":[-122.31055299999997,47.590903000000026]},"properties":{"CameraID":1089,"CameraTitle":"I-90 at MP 3.1: 18th Ave S (Near Rainier Ave)","ImageURL":"https://images.wsdot.wa.gov/nw/090vc00318.jpg","WSDOTSRID":"090        ","CompassDirection":"B","Latitude":47.590902999999997,"Longitude":-122.310553,"CameraOwnerName":null,"CameraOwnerURL":null,"ImageWidth":335,"ImageHeight":249}},{"type":"Feature","id":1090,"geometry":{"type":"Point","coordinates":[-122.26914499999998,47.58956500000005]},"properties":{"CameraID":1090,"CameraTitle":"I-90 at MP 5: Floating Bridge Midspan","ImageURL":"https://images.wsdot.wa.gov/nw/090vc00508.jpg","WSDOTSRID":"090        ","CompassDirection":"B","Latitude":47.589565,"Longitude":-122.26914499999999,"CameraOwnerName":null,"CameraOwnerURL":null,"ImageWidth":335,"ImageHeight":249}},{"type":"Feature","id":1091,"geometry":{"type":"Point","coordinates":[-122.23769999999996,47.589596000000029]},"properties":{"CameraID":1091,"CameraTitle":"I-90 at MP 6.7: 76th Ave SE","ImageURL":"https://images.wsdot.wa.gov/nw/090vc00670.jpg","WSDOTSRID":"090        ","CompassDirection":"B","Latitude":47.589596,"Longitude":-122.2377,"CameraOwnerName":null,"CameraOwnerURL":null,"ImageWidth":335,"ImageHeight":249}},{"type":"Feature","id":1092,"geometry":{"type":"Point","coordinates":[-122.18988699999994,47.579048000000057]},"properties":{"CameraID":1092,"CameraTitle":"I-90 at MP 9.2: Bellevue Way SE","ImageURL":"https://images.wsdot.wa.gov/nw/090vc00921.jpg","WSDOTSRID":"090        ","CompassDirection":"B","Latitude":47.579048,"Longitude":-122.189887,"CameraOwnerName":null,"CameraOwnerURL":null,"ImageWidth":335,"ImageHeight":249}},{"type":"Feature","id":1094,"geometry":{"type":"Point","coordinates":[-122.15129799999994,47.579486000000031]},"properties":{"CameraID":1094,"CameraTitle":"I-90 at MP 11: 142nd Pl SE","ImageURL":"https://images.wsdot.wa.gov/nw/090vc01103.jpg","WSDOTSRID":"090        ","CompassDirection":"E","Latitude":47.579486000000003,"Longitude":-122.151298,"CameraOwnerName":null,"CameraOwnerURL":null,"ImageWidth":335,"ImageHeight":249}},{"type":"Feature","id":1095,"geometry":{"type":"Point","coordinates":[-122.12317999999999,47.567437000000041]},"properties":{"CameraID":1095,"CameraTitle":"I-90 at MP 13.5: W Lk Sammamish Pkwy","ImageURL":"https://images.wsdot.wa.gov/nw/090vc01350.jpg","WSDOTSRID":"090        ","CompassDirection":"B","Latitude":47.567436999999998,"Longitude":-122.12318,"CameraOwnerName":null,"CameraOwnerURL":null,"ImageWidth":335,"ImageHeight":249}},{"type":"Feature","id":1096,"geometry":{"type":"Point","coordinates":[-122.03985399999999,47.542013000000054]},"properties":{"CameraID":1096,"CameraTitle":"I-90 at MP 15.8: SR 900 Interchange","ImageURL":"https://images.wsdot.wa.gov/nw/090vc01581.jpg","WSDOTSRID":"090        ","CompassDirection":"B","Latitude":47.542012999999997,"Longitude":-122.03985400000001,"CameraOwnerName":null,"CameraOwnerURL":null,"ImageWidth":335,"ImageHeight":249}},{"type":"Feature","id":1099,"geometry":{"type":"Point","coordinates":[-121.43169899999998,47.423486000000025]},"properties":{"CameraID":1099,"CameraTitle":"I-90 at MP 51.3: Franklin Falls","ImageURL":"https://images.wsdot.wa.gov/sc/090VC05130.jpg","WSDOTSRID":"090        ","CompassDirection":"E","Latitude":47.423485999999997,"Longitude":-121.43169899999999,"CameraOwnerName":null,"CameraOwnerURL":null,"ImageWidth":320,"ImageHeight":283}},{"type":"Feature","id":1100,"geometry":{"type":"Point","coordinates":[-121.41965899999997,47.428397000000075]},"properties":{"CameraID":1100,"CameraTitle":"I-90 at MP 52: Snoqualmie Summit","ImageURL":"https://images.wsdot.wa.gov/sc/090VC05200.jpg","WSDOTSRID":"090        ","CompassDirection":"W","Latitude":47.428396999999997,"Longitude":-121.419659,"CameraOwnerName":null,"CameraOwnerURL":null,"ImageWidth":320,"ImageHeight":261}},{"type":"Feature","id":1102,"geometry":{"type":"Point","coordinates":[-121.38890599999996,47.392815000000041]},"properties":{"CameraID":1102,"CameraTitle":"I-90 at MP 55.1: Hyak","ImageURL":"https://images.wsdot.wa.gov/sc/090VC05517.jpg","WSDOTSRID":"090        ","CompassDirection":"B","Latitude":47.392814999999999,"Longitude":-121.38890600000001,"CameraOwnerName":null,"CameraOwnerURL":null,"ImageWidth":320,"ImageHeight":283}},{"type":"Feature","id":1103,"geometry":{"type":"Point","coordinates":[-121.18588199999999,47.246581000000049]},"properties":{"CameraID":1103,"CameraTitle":"I-90 at MP 70.6: Easton","ImageURL":"https://images.wsdot.wa.gov/sc/090VC07060.jpg","WSDOTSRID":"090        ","CompassDirection":"E","Latitude":47.246580999999999,"Longitude":-121.18588200000001,"CameraOwnerName":null,"CameraOwnerURL":null,"ImageWidth":320,"ImageHeight":283}},{"type":"Feature","id":1104,"geometry":{"type":"Point","coordinates":[-120.80964799999998,47.132458000000042]},"properties":{"CameraID":1104,"CameraTitle":"I-90 at MP 92.1: Elk Heights","ImageURL":"https://images.wsdot.wa.gov/sc/090VC09212.jpg","WSDOTSRID":"090        ","CompassDirection":"B","Latitude":47.132458,"Longitude":-120.809648,"CameraOwnerName":null,"CameraOwnerURL":null,"ImageWidth":320,"ImageHeight":239}},{"type":"Feature","id":1105,"geometry":{"type":"Point","coordinates":[-120.75098499999996,47.091975000000048]},"properties":{"CameraID":1105,"CameraTitle":"I-90 at MP 96.2: Rocky Canyon","ImageURL":"https://images.wsdot.wa.gov/rweather/rocky_medium.jpg","WSDOTSRID":"090        ","CompassDirection":"E","Latitude":47.091974999999998,"Longitude":-120.750985,"CameraOwnerName":null,"CameraOwnerURL":null,"ImageWidth":320,"ImageHeight":261}},{"type":"Feature","id":1106,"geometry":{"type":"Point","coordinates":[-120.20518299999998,46.942321000000049]},"properties":{"CameraID":1106,"CameraTitle":"I-90 at MP 125.8: Ryegrass Summit","ImageURL":"https://images.wsdot.wa.gov/sc/090VC12585.jpg","WSDOTSRID":"090        ","CompassDirection":"W","Latitude":46.942321,"Longitude":-120.20518300000001,"CameraOwnerName":null,"CameraOwnerURL":null,"ImageWidth":320,"ImageHeight":240}},{"type":"Feature","id":1107,"geometry":{"type":"Point","coordinates":[-119.96092899999996,46.947933000000035]},"properties":{"CameraID":1107,"CameraTitle":"I-90 at MP 138: Vantage Br. (View West)","ImageURL":"https://images.wsdot.wa.gov/nc/090vc13766.jpg","WSDOTSRID":"090        ","CompassDirection":"W","Latitude":46.947932999999999,"Longitude":-119.96092899999999,"CameraOwnerName":null,"CameraOwnerURL":null,"ImageWidth":335,"ImageHeight":272}},{"type":"Feature","id":1108,"geometry":{"type":"Point","coordinates":[-119.96092899999996,46.947933000000035]},"properties":{"CameraID":1108,"CameraTitle":"I-90 at MP 138: Vantage Br. (View East)","ImageURL":"https://images.wsdot.wa.gov/nc/090vc13767.jpg","WSDOTSRID":"090        ","CompassDirection":"W","Latitude":46.947932999999999,"Longitude":-119.96092899999999,"CameraOwnerName":null,"CameraOwnerURL":null,"ImageWidth":335,"ImageHeight":272}},{"type":"Feature","id":1109,"geometry":{"type":"Point","coordinates":[-119.94898299999994,47.015017000000057]},"properties":{"CameraID":1109,"CameraTitle":"I-90 at MP 144: Gorge Concert Exit","ImageURL":"https://images.wsdot.wa.gov/nc/090vc14386.jpg","WSDOTSRID":"090        ","CompassDirection":"W","Latitude":47.015017,"Longitude":-119.948983,"CameraOwnerName":null,"CameraOwnerURL":null,"ImageWidth":335,"ImageHeight":272}},{"type":"Feature","id":1110,"geometry":{"type":"Point","coordinates":[-119.02351399999998,47.085350000000062]},"properties":{"CameraID":1110,"CameraTitle":"I-90 at MP 189: Warden Exit","ImageURL":"https://images.wsdot.wa.gov/nc/090vc18889.jpg","WSDOTSRID":"090        ","CompassDirection":"W","Latitude":47.085349999999998,"Longitude":-119.02351400000001,"CameraOwnerName":null,"CameraOwnerURL":null,"ImageWidth":335,"ImageHeight":272}},{"type":"Feature","id":1113,"geometry":{"type":"Point","coordinates":[-117.48363799999998,47.631255000000067]},"properties":{"CameraID":1113,"CameraTitle":"I-90 at MP 277.5: US 2 Interchange","ImageURL":"https://images.wsdot.wa.gov/spokane/i90/CCTV001.jpg","WSDOTSRID":"090        ","CompassDirection":"B","Latitude":47.631255000000003,"Longitude":-117.483638,"CameraOwnerName":null,"CameraOwnerURL":null,"ImageWidth":352,"ImageHeight":280}},{"type":"Feature","id":1115,"geometry":{"type":"Point","coordinates":[-117.39565699999997,47.652097000000026]},"properties":{"CameraID":1115,"CameraTitle":"I-90 at MP 282: Arthur St","ImageURL":"https://images.wsdot.wa.gov/spokane/i90/CCTV003.jpg","WSDOTSRID":"090        ","CompassDirection":"B","Latitude":47.652096999999998,"Longitude":-117.395657,"CameraOwnerName":null,"CameraOwnerURL":null,"ImageWidth":352,"ImageHeight":280}},{"type":"Feature","id":1116,"geometry":{"type":"Point","coordinates":[-117.39151899999996,47.65293900000006]},"properties":{"CameraID":1116,"CameraTitle":"I-90 at MP 282.2: Hamilton St","ImageURL":"https://images.wsdot.wa.gov/spokane/i90/CCTV004.jpg","WSDOTSRID":"090        ","CompassDirection":"B","Latitude":47.652939000000003,"Longitude":-117.391519,"CameraOwnerName":null,"CameraOwnerURL":null,"ImageWidth":352,"ImageHeight":280}},{"type":"Feature","id":1117,"geometry":{"type":"Point","coordinates":[-117.34241799999995,47.653796000000057]},"properties":{"CameraID":1117,"CameraTitle":"I-90 at MP 285.2: Havana","ImageURL":"https://images.wsdot.wa.gov/spokane/i90/CCTV005.jpg","WSDOTSRID":"090        ","CompassDirection":"B","Latitude":47.653796,"Longitude":-117.342418,"CameraOwnerName":null,"CameraOwnerURL":null,"ImageWidth":352,"ImageHeight":280}},{"type":"Feature","id":1119,"geometry":{"type":"Point","coordinates":[-117.31240499999996,47.663922000000071]},"properties":{"CameraID":1119,"CameraTitle":"I-90 at MP 286.2: Broadway Ave","ImageURL":"https://images.wsdot.wa.gov/spokane/i90/CCTV009.jpg","WSDOTSRID":"090        ","CompassDirection":"B","Latitude":47.663921999999999,"Longitude":-117.312405,"CameraOwnerName":null,"CameraOwnerURL":null,"ImageWidth":352,"ImageHeight":280}},{"type":"Feature","id":1127,"geometry":{"type":"Point","coordinates":[-120.43772999999999,46.891840000000059]},"properties":{"CameraID":1127,"CameraTitle":"I-82 at MP 7.7: Manastash Ridge Summit","ImageURL":"https://images.wsdot.wa.gov/rweather/UMRidge_medium.jpg","WSDOTSRID":"082        ","CompassDirection":"E","Latitude":46.891840000000002,"Longitude":-120.43773,"CameraOwnerName":null,"CameraOwnerURL":null,"ImageWidth":320,"ImageHeight":251}},{"type":"Feature","id":1128,"geometry":{"type":"Point","coordinates":[-122.54333299999996,45.582519000000048]},"properties":{"CameraID":1128,"CameraTitle":"I-205 at Government Island","ImageURL":"https://www.tripcheck.com/roadcams/cams/i205govt_pid537.jpg","WSDOTSRID":"205        ","StateRouteMilepost":null,"CompassDirection":"E","Latitude":45.582518999999998,"Longitude":-122.543333,"CameraOwnerName":"Tripcheck (ODOT)","CameraOwnerURL":"http://www.tripcheck.com","ImageWidth":328,"ImageHeight":314}},{"type":"Feature","id":1131,"geometry":{"type":"Point","coordinates":[-122.13921599999998,47.977176000000043]},"properties":{"CameraID":1131,"CameraTitle":"US 2 at MP 2.4:  SR 204 Interchange","ImageURL":"https://images.wsdot.wa.gov/nw/002vc00240.jpg","WSDOTSRID":"002        ","CompassDirection":"E","Latitude":47.977176,"Longitude":-122.139216,"CameraOwnerName":null,"CameraOwnerURL":null,"ImageWidth":335,"ImageHeight":249}},{"type":"Feature","id":1135,"geometry":{"type":"Point","coordinates":[-117.42041999999998,46.435990000000061]},"properties":{"CameraID":1135,"CameraTitle":"US 12 at MP 413.3: Alpowa Summit","ImageURL":"https://images.wsdot.wa.gov/rweather/alpowa_medium.jpg","WSDOTSRID":"012        ","CompassDirection":"W","Latitude":46.435989999999997,"Longitude":-117.42041999999999,"CameraOwnerName":null,"CameraOwnerURL":null,"ImageWidth":320,"ImageHeight":253}},{"type":"Feature","id":1136,"geometry":{"type":"Point","coordinates":[-120.82998999999995,45.684300000000064]},"properties":{"CameraID":1136,"CameraTitle":"US 97 at MP 2.2: Maryhill","ImageURL":"https://images.wsdot.wa.gov/sw/097vc00228.jpg","WSDOTSRID":"097        ","CompassDirection":"N","Latitude":45.6843,"Longitude":-120.82999,"CameraOwnerName":null,"CameraOwnerURL":null,"ImageWidth":335,"ImageHeight":249}},{"type":"Feature","id":1137,"geometry":{"type":"Point","coordinates":[-120.65380999999996,45.982960000000048]},"properties":{"CameraID":1137,"CameraTitle":"US 97 at MP 27.1: Satus Pass","ImageURL":"https://images.wsdot.wa.gov/sw/097vc02711.jpg","WSDOTSRID":"097        ","CompassDirection":"N","Latitude":45.982959999999999,"Longitude":-120.65380999999999,"CameraOwnerName":null,"CameraOwnerURL":null,"ImageWidth":335,"ImageHeight":249}},{"type":"Feature","id":1138,"geometry":{"type":"Point","coordinates":[-120.57839699999994,47.334975000000043]},"properties":{"CameraID":1138,"CameraTitle":"US 97 at MP 163.8: Blewett Pass Summit","ImageURL":"https://images.wsdot.wa.gov/nc/097vc16375.jpg","WSDOTSRID":"097        ","CompassDirection":"N","Latitude":47.334975,"Longitude":-120.578397,"CameraOwnerName":null,"CameraOwnerURL":null,"ImageWidth":335,"ImageHeight":249}},{"type":"Feature","id":1139,"geometry":{"type":"Point","coordinates":[-119.50887799999998,48.50035900000006]},"properties":{"CameraID":1139,"CameraTitle":"US 97 at MP 299: Riverside","ImageURL":"https://images.wsdot.wa.gov/nc/097vc29902.jpg","WSDOTSRID":"097        ","CompassDirection":"N","Latitude":48.500359000000003,"Longitude":-119.508878,"CameraOwnerName":null,"CameraOwnerURL":null,"ImageWidth":335,"ImageHeight":272}},{"type":"Feature","id":1141,"geometry":{"type":"Point","coordinates":[-123.72984999999994,46.933937000000071]},"properties":{"CameraID":1141,"CameraTitle":"US 101 at MP 78.3: Cosmopolis Hill","ImageURL":"https://images.wsdot.wa.gov/rweather/Cosmopolis.jpg","WSDOTSRID":"101        ","CompassDirection":"N","Latitude":46.933937,"Longitude":-123.72985,"CameraOwnerName":null,"CameraOwnerURL":null,"ImageWidth":320,"ImageHeight":253}},{"type":"Feature","id":1142,"geometry":{"type":"Point","coordinates":[-123.89392999999995,47.139125000000035]},"properties":{"CameraID":1142,"CameraTitle":"US 101 at MP 100.4: State Camp Hill","ImageURL":"https://images.wsdot.wa.gov/rweather/statecamp_medium.jpg","WSDOTSRID":"101        ","CompassDirection":"N","Latitude":47.139125,"Longitude":-123.89393,"CameraOwnerName":null,"CameraOwnerURL":null,"ImageWidth":320,"ImageHeight":261}},{"type":"Feature","id":1143,"geometry":{"type":"Point","coordinates":[-124.03450099999998,48.070399000000066]},"properties":{"CameraID":1143,"CameraTitle":"US 101 at MP 214.7: Heckelsville Shed","ImageURL":"https://images.wsdot.wa.gov/rweather/HeckShed_medium.jpg","WSDOTSRID":"101        ","CompassDirection":"N","Latitude":48.070399000000002,"Longitude":-124.03450100000001,"CameraOwnerName":null,"CameraOwnerURL":null,"ImageWidth":320,"ImageHeight":261}},{"type":"Feature","id":1144,"geometry":{"type":"Point","coordinates":[-123.27506999999997,48.09373000000005]},"properties":{"CameraID":1144,"CameraTitle":"US 101 at MP 256: Siebert","ImageURL":"https://images.wsdot.wa.gov/orflow/Siebert.jpg","WSDOTSRID":"101        ","CompassDirection":"N","Latitude":48.093730000000001,"Longitude":-123.27507,"CameraOwnerName":null,"CameraOwnerURL":null,"ImageWidth":352,"ImageHeight":219}},{"type":"Feature","id":1145,"geometry":{"type":"Point","coordinates":[-122.95244199999996,48.050278000000048]},"properties":{"CameraID":1145,"CameraTitle":"US 101 at MP 274.6: Diamond Point","ImageURL":"https://images.wsdot.wa.gov/rweather/diamond_medium.jpg","WSDOTSRID":"101        ","CompassDirection":"N","Latitude":48.050277999999999,"Longitude":-122.952442,"CameraOwnerName":null,"CameraOwnerURL":null,"ImageWidth":320,"ImageHeight":261}},{"type":"Feature","id":1150,"geometry":{"type":"Point","coordinates":[-122.61684999999994,47.840440000000058]},"properties":{"CameraID":1150,"CameraTitle":"SR 3 at MP 58: Sunset Way - S of Hood Canal Bridge","ImageURL":"https://images.wsdot.wa.gov/orflow/003vc05807.jpg","WSDOTSRID":"003        ","CompassDirection":"S","Latitude":47.840440000000001,"Longitude":-122.61685,"CameraOwnerName":null,"CameraOwnerURL":null,"ImageWidth":335,"ImageHeight":272}},{"type":"Feature","id":1151,"geometry":{"type":"Point","coordinates":[-123.09857,47.033480000000054]},"properties":{"CameraID":1151,"CameraTitle":"SR 8 at MP 16.1: Rock Candy Mountain","ImageURL":"https://images.wsdot.wa.gov/rweather/rockcandymtn_medium.jpg","WSDOTSRID":"008        ","CompassDirection":"N","Latitude":47.033479999999997,"Longitude":-123.09857,"CameraOwnerName":null,"CameraOwnerURL":null,"ImageWidth":352,"ImageHeight":309}},{"type":"Feature","id":1152,"geometry":{"type":"Point","coordinates":[-122.26498999999995,48.992726000000062]},"properties":{"CameraID":1152,"CameraTitle":"SR 9 at MP 97.5: Front St","ImageURL":"https://images.wsdot.wa.gov/nw/009vc09750.jpg","WSDOTSRID":"009        ","CompassDirection":"B","Latitude":48.992725999999998,"Longitude":-122.26499,"CameraOwnerName":null,"CameraOwnerURL":null,"ImageWidth":335,"ImageHeight":249}},{"type":"Feature","id":1154,"geometry":{"type":"Point","coordinates":[-122.20895499999995,45.568634000000031]},"properties":{"CameraID":1154,"CameraTitle":"SR 14 at MP 23.9: CapeHorn","ImageURL":"https://images.wsdot.wa.gov/sw/014vc02396.jpg","WSDOTSRID":"014        ","CompassDirection":"E","Latitude":45.568634000000003,"Longitude":-122.208955,"CameraOwnerName":null,"CameraOwnerURL":null,"ImageWidth":335,"ImageHeight":249}},{"type":"Feature","id":1156,"geometry":{"type":"Point","coordinates":[-122.49751499999996,47.235274000000061]},"properties":{"CameraID":1156,"CameraTitle":"SR 16 at MP 1.9: Center St","ImageURL":"https://images.wsdot.wa.gov/ORFlow/016vc00190.jpg","WSDOTSRID":"016        ","CompassDirection":"B","Latitude":47.235273999999997,"Longitude":-122.49751500000001,"CameraOwnerName":null,"CameraOwnerURL":null,"ImageWidth":335,"ImageHeight":249}},{"type":"Feature","id":1157,"geometry":{"type":"Point","coordinates":[-122.51687199999998,47.257772000000045]},"properties":{"CameraID":1157,"CameraTitle":"SR 16 at MP 3.7: SR 163 Interchange (Pearl St)","ImageURL":"https://images.wsdot.wa.gov/ORFlow/016vc00370.jpg","WSDOTSRID":"016        ","CompassDirection":"B","Latitude":47.257772000000003,"Longitude":-122.51687200000001,"CameraOwnerName":null,"CameraOwnerURL":null,"ImageWidth":335,"ImageHeight":249}},{"type":"Feature","id":1158,"geometry":{"type":"Point","coordinates":[-122.53929099999999,47.259673000000078]},"properties":{"CameraID":1158,"CameraTitle":"SR 16 at MP 4.7: Tacoma Narrows Bridge, Eastside","ImageURL":"https://images.wsdot.wa.gov/ORFlow/016vc00479.jpg","WSDOTSRID":"016        ","CompassDirection":"B","Latitude":47.259672999999999,"Longitude":-122.53929100000001,"CameraOwnerName":null,"CameraOwnerURL":null,"ImageWidth":335,"ImageHeight":249}},{"type":"Feature","id":1159,"geometry":{"type":"Point","coordinates":[-122.55955699999998,47.275850000000048]},"properties":{"CameraID":1159,"CameraTitle":"SR 16 at MP 8.5: Tacoma Narrows Bridge, Westside","ImageURL":"https://images.wsdot.wa.gov/orflow/016vc00850.jpg","WSDOTSRID":"016        ","CompassDirection":"B","Latitude":47.275849999999998,"Longitude":-122.559557,"CameraOwnerName":null,"CameraOwnerURL":null,"ImageWidth":335,"ImageHeight":249}},{"type":"Feature","id":1160,"geometry":{"type":"Point","coordinates":[-119.36263099999996,47.812178000000074]},"properties":{"CameraID":1160,"CameraTitle":"SR 17 at MP 112 E. Mansfield","ImageURL":"https://images.wsdot.wa.gov/nc/017vc11222.jpg","WSDOTSRID":"017        ","CompassDirection":"N","Latitude":47.812178000000003,"Longitude":-119.36263099999999,"CameraOwnerName":null,"CameraOwnerURL":null,"ImageWidth":335,"ImageHeight":249}},{"type":"Feature","id":1161,"geometry":{"type":"Point","coordinates":[-118.45991199999997,48.604742000000044]},"properties":{"CameraID":1161,"CameraTitle":"SR 20 at MP 319.5: Sherman Pass","ImageURL":"https://images.wsdot.wa.gov/rweather/ShermanPass-1.jpg","WSDOTSRID":"020        ","CompassDirection":"E","Latitude":48.604742000000002,"Longitude":-118.459912,"CameraOwnerName":null,"CameraOwnerURL":null,"ImageWidth":320,"ImageHeight":261}},{"type":"Feature","id":1166,"geometry":{"type":"Point","coordinates":[-120.29599099999996,47.40981000000005]},"properties":{"CameraID":1166,"CameraTitle":"SR 285 at MP 0.6: Wenatchee","ImageURL":"https://images.wsdot.wa.gov/nc/285vc00061.jpg","WSDOTSRID":"285        ","CompassDirection":"E","Latitude":47.40981,"Longitude":-120.295991,"CameraOwnerName":null,"CameraOwnerURL":null,"ImageWidth":335,"ImageHeight":249}},{"type":"Feature","id":1167,"geometry":{"type":"Point","coordinates":[-120.29083299999996,47.409722000000045]},"properties":{"CameraID":1167,"CameraTitle":"SR 28 Spur at MP 4: 5th St NE","ImageURL":"https://images.wsdot.wa.gov/nc/028vc00431.jpg","WSDOTSRID":"028        ","CompassDirection":"W","Latitude":47.409722000000002,"Longitude":-120.29083300000001,"CameraOwnerName":null,"CameraOwnerURL":null,"ImageWidth":335,"ImageHeight":249}},{"type":"Feature","id":1170,"geometry":{"type":"Point","coordinates":[-122.33536999999995,47.541610000000048]},"properties":{"CameraID":1170,"CameraTitle":"SR 99 at MP 26.7: W Marginal Way","ImageURL":"https://images.wsdot.wa.gov/nw/099vc02671.jpg","WSDOTSRID":"099        ","CompassDirection":"B","Latitude":47.541609999999999,"Longitude":-122.33537,"CameraOwnerName":null,"CameraOwnerURL":null,"ImageWidth":335,"ImageHeight":249}},{"type":"Feature","id":1171,"geometry":{"type":"Point","coordinates":[-122.33376999999996,47.544198000000051]},"properties":{"CameraID":1171,"CameraTitle":"SR 99 at MP 27: S Michigan St","ImageURL":"https://images.wsdot.wa.gov/nw/099vc02701.jpg","WSDOTSRID":"099        ","CompassDirection":"B","Latitude":47.544198000000002,"Longitude":-122.33377,"CameraOwnerName":null,"CameraOwnerURL":null,"ImageWidth":335,"ImageHeight":249}},{"type":"Feature","id":1172,"geometry":{"type":"Point","coordinates":[-122.27728299999995,47.870699000000059]},"properties":{"CameraID":1172,"CameraTitle":"SR 99 at MP 2.8: SR 525 Interchange","ImageURL":"https://images.wsdot.wa.gov/nw/525vc00285.jpg","WSDOTSRID":"525        ","CompassDirection":"N","Latitude":47.870699000000002,"Longitude":-122.277283,"CameraOwnerName":null,"CameraOwnerURL":null,"ImageWidth":335,"ImageHeight":249}},{"type":"Feature","id":1173,"geometry":{"type":"Point","coordinates":[-122.27728299999995,47.870699000000059]},"properties":{"CameraID":1173,"CameraTitle":"SR 525 at MP 2.8: SR 99 Interchange","ImageURL":"https://images.wsdot.wa.gov/nw/525vc00285.jpg","WSDOTSRID":"525        ","CompassDirection":"B","Latitude":47.870699000000002,"Longitude":-122.277283,"CameraOwnerName":null,"CameraOwnerURL":null,"ImageWidth":335,"ImageHeight":249}},{"type":"Feature","id":1174,"geometry":{"type":"Point","coordinates":[-122.67219699999998,47.87049600000006]},"properties":{"CameraID":1174,"CameraTitle":"SR 104 at MP 12.1: W of Hood Canal Bridge VMS East","ImageURL":"https://images.wsdot.wa.gov/orflow/104vc01218.jpg","WSDOTSRID":"104        ","CompassDirection":"N","Latitude":47.870496000000003,"Longitude":-122.672197,"CameraOwnerName":null,"CameraOwnerURL":null,"ImageWidth":335,"ImageHeight":249}},{"type":"Feature","id":1175,"geometry":{"type":"Point","coordinates":[-122.62879999999996,47.862350000000049]},"properties":{"CameraID":1175,"CameraTitle":"SR 104 at MP 14.7: Hood Canal Bridge Looking East","ImageURL":"https://images.wsdot.wa.gov/orflow/104vc01470_e.jpg","WSDOTSRID":"104        ","CompassDirection":"E","Latitude":47.862349999999999,"Longitude":-122.6288,"CameraOwnerName":"Sign up to receive Hood Canal traffic updates by e-mail.","CameraOwnerURL":"http://service.govdelivery.com/service/multi_subscribe.html?code=WADOT","ImageWidth":352,"ImageHeight":261}},{"type":"Feature","id":1176,"geometry":{"type":"Point","coordinates":[-122.25769699999995,47.201984000000039]},"properties":{"CameraID":1176,"CameraTitle":"SR 167 at MP 7: SR 410 Interchange","ImageURL":"https://images.wsdot.wa.gov/ORFlow/167vc00700.jpg","WSDOTSRID":"167        ","CompassDirection":"B","Latitude":47.201984000000003,"Longitude":-122.25769699999999,"CameraOwnerName":null,"CameraOwnerURL":null,"ImageWidth":335,"ImageHeight":209}},{"type":"Feature","id":1177,"geometry":{"type":"Point","coordinates":[-122.24471499999999,47.322811000000058]},"properties":{"CameraID":1177,"CameraTitle":"SR 167 at MP 15.8: 15th St NW","ImageURL":"https://images.wsdot.wa.gov/nw/167vc01580.jpg","WSDOTSRID":"167        ","CompassDirection":"B","Latitude":47.322811000000002,"Longitude":-122.244715,"CameraOwnerName":null,"CameraOwnerURL":null,"ImageWidth":335,"ImageHeight":249}},{"type":"Feature","id":1178,"geometry":{"type":"Point","coordinates":[-122.24455799999998,47.354111000000046]},"properties":{"CameraID":1178,"CameraTitle":"SR 167 at MP 17.9: S 277th St, East","ImageURL":"https://images.wsdot.wa.gov/nw/167vc01796.jpg","WSDOTSRID":"167        ","CompassDirection":"B","Latitude":47.354111000000003,"Longitude":-122.244558,"CameraOwnerName":null,"CameraOwnerURL":null,"ImageWidth":335,"ImageHeight":249}},{"type":"Feature","id":1179,"geometry":{"type":"Point","coordinates":[-122.24428999999998,47.378255000000081]},"properties":{"CameraID":1179,"CameraTitle":"SR 167 at MP 19.6: Willis St","ImageURL":"https://images.wsdot.wa.gov/nw/167vc01964.jpg","WSDOTSRID":"167        ","CompassDirection":"B","Latitude":47.378255000000003,"Longitude":-122.24429000000001,"CameraOwnerName":null,"CameraOwnerURL":null,"ImageWidth":335,"ImageHeight":249}},{"type":"Feature","id":1180,"geometry":{"type":"Point","coordinates":[-122.22753899999998,47.39873700000004]},"properties":{"CameraID":1180,"CameraTitle":"SR 167 at MP 21.3: 84th Ave S","ImageURL":"https://images.wsdot.wa.gov/nw/167vc02136.jpg","WSDOTSRID":"167        ","CompassDirection":"B","Latitude":47.398736999999997,"Longitude":-122.22753899999999,"CameraOwnerName":null,"CameraOwnerURL":null,"ImageWidth":335,"ImageHeight":249}},{"type":"Feature","id":1181,"geometry":{"type":"Point","coordinates":[-122.22068299999995,47.404973000000041]},"properties":{"CameraID":1181,"CameraTitle":"SR 167 at MP 21.8: S 222nd St","ImageURL":"https://images.wsdot.wa.gov/nw/167vc02189.jpg","WSDOTSRID":"167        ","CompassDirection":"B","Latitude":47.404972999999998,"Longitude":-122.22068299999999,"CameraOwnerName":null,"CameraOwnerURL":null,"ImageWidth":335,"ImageHeight":249}},{"type":"Feature","id":1182,"geometry":{"type":"Point","coordinates":[-122.21680399999997,47.443571000000077]},"properties":{"CameraID":1182,"CameraTitle":"SR 167 at MP 24.4: SW 41st St","ImageURL":"https://images.wsdot.wa.gov/nw/167vc02459.jpg","WSDOTSRID":"167        ","CompassDirection":"B","Latitude":47.443570999999999,"Longitude":-122.216804,"CameraOwnerName":null,"CameraOwnerURL":null,"ImageWidth":335,"ImageHeight":209}},{"type":"Feature","id":1189,"geometry":{"type":"Point","coordinates":[-122.10856799999999,47.358127000000081]},"properties":{"CameraID":1189,"CameraTitle":"SR 516 at MP 11.5: SR 18 Interchange","ImageURL":"https://images.wsdot.wa.gov/nw/516vc01152.jpg","WSDOTSRID":"516        ","CompassDirection":"E","Latitude":47.358127000000003,"Longitude":-122.10856800000001,"CameraOwnerName":null,"CameraOwnerURL":null,"ImageWidth":335,"ImageHeight":249}},{"type":"Feature","id":1190,"geometry":{"type":"Point","coordinates":[-122.12786899999998,47.352712000000054]},"properties":{"CameraID":1190,"CameraTitle":"SR 18 at MP 11.5: SR 516 Interchange","ImageURL":"https://images.wsdot.wa.gov/nw/516vc01152.jpg","WSDOTSRID":"516        ","CompassDirection":"E","Latitude":47.352711999999997,"Longitude":-122.127869,"CameraOwnerName":null,"CameraOwnerURL":null,"ImageWidth":335,"ImageHeight":249}},{"type":"Feature","id":1191,"geometry":{"type":"Point","coordinates":[-122.30419999999998,47.644300000000044]},"properties":{"CameraID":1191,"CameraTitle":"SR 520 at MP 0.9: Montlake Ramp","ImageURL":"https://images.wsdot.wa.gov/nw/520vc00095.jpg","WSDOTSRID":"520        ","CompassDirection":"B","Latitude":47.644300000000001,"Longitude":-122.30419999999999,"CameraOwnerName":null,"CameraOwnerURL":null,"ImageWidth":335,"ImageHeight":249}},{"type":"Feature","id":1192,"geometry":{"type":"Point","coordinates":[-122.27331599999997,47.64292400000005]},"properties":{"CameraID":1192,"CameraTitle":"SR 520 at MP 2.4: West Bridge","ImageURL":"https://images.wsdot.wa.gov/nw/520vc00241.jpg","WSDOTSRID":"520        ","CompassDirection":"B","Latitude":47.642924000000001,"Longitude":-122.27331599999999,"CameraOwnerName":null,"CameraOwnerURL":null,"ImageWidth":335,"ImageHeight":249}},{"type":"Feature","id":1193,"geometry":{"type":"Point","coordinates":[-122.24012199999999,47.637835000000052]},"properties":{"CameraID":1193,"CameraTitle":"SR 520 at MP 4: East Highrise","ImageURL":"https://images.wsdot.wa.gov/nw/520vc00400.jpg","WSDOTSRID":"520        ","CompassDirection":"B","Latitude":47.637835000000003,"Longitude":-122.240122,"CameraOwnerName":null,"CameraOwnerURL":null,"ImageWidth":335,"ImageHeight":249}},{"type":"Feature","id":1194,"geometry":{"type":"Point","coordinates":[-122.21729299999998,47.640547000000026]},"properties":{"CameraID":1194,"CameraTitle":"SR 520 at MP 5.2: 92nd Ave NE","ImageURL":"https://images.wsdot.wa.gov/nw/520vc00522.jpg","WSDOTSRID":"520        ","CompassDirection":"B","Latitude":47.640546999999998,"Longitude":-122.217293,"CameraOwnerName":null,"CameraOwnerURL":null,"ImageWidth":335,"ImageHeight":249}},{"type":"Feature","id":1195,"geometry":{"type":"Point","coordinates":[-122.20238599999999,47.642318000000046]},"properties":{"CameraID":1195,"CameraTitle":"SR 520 at MP 5.9: Bellevue Way NE (104th Ave NE)","ImageURL":"https://images.wsdot.wa.gov/nw/520vc00593.jpg","WSDOTSRID":"520        ","CompassDirection":"B","Latitude":47.642318000000003,"Longitude":-122.202386,"CameraOwnerName":null,"CameraOwnerURL":null,"ImageWidth":335,"ImageHeight":249}},{"type":"Feature","id":1196,"geometry":{"type":"Point","coordinates":[-122.20074899999997,47.642126000000076]},"properties":{"CameraID":1196,"CameraTitle":"I-405 at MP 14.8: SR 520 Interchange","ImageURL":"https://images.wsdot.wa.gov/nw/405vc01483.jpg","WSDOTSRID":"405        ","CompassDirection":"B","Latitude":47.642125999999998,"Longitude":-122.200749,"CameraOwnerName":null,"CameraOwnerURL":null,"ImageWidth":335,"ImageHeight":249}},{"type":"Feature","id":1197,"geometry":{"type":"Point","coordinates":[-122.17433499999999,47.630342000000041]},"properties":{"CameraID":1197,"CameraTitle":"SR 520 at MP 7.6: 124th Ave NE","ImageURL":"https://images.wsdot.wa.gov/nw/520vc00760.jpg","WSDOTSRID":"520        ","CompassDirection":"B","Latitude":47.630341999999999,"Longitude":-122.174335,"CameraOwnerName":null,"CameraOwnerURL":null,"ImageWidth":335,"ImageHeight":249}},{"type":"Feature","id":1198,"geometry":{"type":"Point","coordinates":[-122.14265299999994,47.63426000000004]},"properties":{"CameraID":1198,"CameraTitle":"SR 520 at MP 9.1: 148th Ave NE","ImageURL":"https://images.wsdot.wa.gov/nw/520vc00918.jpg","WSDOTSRID":"520        ","CompassDirection":"B","Latitude":47.634259999999998,"Longitude":-122.142653,"CameraOwnerName":null,"CameraOwnerURL":null,"ImageWidth":335,"ImageHeight":249}},{"type":"Feature","id":1199,"geometry":{"type":"Point","coordinates":[-122.13874399999997,47.654276000000038]},"properties":{"CameraID":1199,"CameraTitle":"SR 520 at MP 10.7: NE 51st St","ImageURL":"https://images.wsdot.wa.gov/nw/520vc01074.jpg","WSDOTSRID":"520        ","CompassDirection":"B","Latitude":47.654276000000003,"Longitude":-122.138744,"CameraOwnerName":null,"CameraOwnerURL":null,"ImageWidth":335,"ImageHeight":249}},{"type":"Feature","id":1200,"geometry":{"type":"Point","coordinates":[-122.12974599999995,47.666920000000061]},"properties":{"CameraID":1200,"CameraTitle":"SR 520 at MP 11.6: W Lk Sammamish Pkwy","ImageURL":"https://images.wsdot.wa.gov/nw/520vc01169.jpg","WSDOTSRID":"520        ","CompassDirection":"B","Latitude":47.666919999999998,"Longitude":-122.129746,"CameraOwnerName":null,"CameraOwnerURL":null,"ImageWidth":335,"ImageHeight":249}},{"type":"Feature","id":1201,"geometry":{"type":"Point","coordinates":[-122.10709999999995,47.670100000000048]},"properties":{"CameraID":1201,"CameraTitle":"SR 520 at MP 12.8: Redmond Way","ImageURL":"https://images.wsdot.wa.gov/nw/520vc01283.jpg","WSDOTSRID":"520        ","CompassDirection":"B","Latitude":47.670099999999998,"Longitude":-122.1071,"CameraOwnerName":null,"CameraOwnerURL":null,"ImageWidth":335,"ImageHeight":249}},{"type":"Feature","id":1202,"geometry":{"type":"Point","coordinates":[-122.27639999999997,47.753600000000063]},"properties":{"CameraID":1202,"CameraTitle":"SR 522 at MP 5.8: Ballinger Way (SR 104)","ImageURL":"https://images.wsdot.wa.gov/nw/522vc00585.jpg","WSDOTSRID":"522        ","CompassDirection":"B","Latitude":47.753599999999999,"Longitude":-122.2764,"CameraOwnerName":null,"CameraOwnerURL":null,"ImageWidth":335,"ImageHeight":249}},{"type":"Feature","id":1203,"geometry":{"type":"Point","coordinates":[-122.24934699999994,47.758229000000028]},"properties":{"CameraID":1203,"CameraTitle":"SR 522 at MP 7.2: 68th Ave","ImageURL":"https://images.wsdot.wa.gov/nw/522vc00721.jpg","WSDOTSRID":"522        ","CompassDirection":"B","Latitude":47.758229,"Longitude":-122.249347,"CameraOwnerName":null,"CameraOwnerURL":null,"ImageWidth":335,"ImageHeight":249}},{"type":"Feature","id":1209,"geometry":{"type":"Point","coordinates":[-122.48506599999996,49.001224000000036]},"properties":{"CameraID":1209,"CameraTitle":"SR 539 at MP 15.1: Canadian Border","ImageURL":"https://images.wsdot.wa.gov/nw/539vc01510.jpg","WSDOTSRID":"539        ","CompassDirection":"S","Latitude":49.001224000000001,"Longitude":-122.485066,"CameraOwnerName":null,"CameraOwnerURL":null,"ImageWidth":335,"ImageHeight":244}},{"type":"Feature","id":1210,"geometry":{"type":"Point","coordinates":[-122.73540899999995,48.986635000000035]},"properties":{"CameraID":1210,"CameraTitle":"I-5 at MP 275.1: SR 543 Interchange","ImageURL":"https://images.wsdot.wa.gov/nw/005vc27512.jpg","WSDOTSRID":"005        ","CompassDirection":"B","Latitude":48.986635,"Longitude":-122.735409,"CameraOwnerName":null,"CameraOwnerURL":null,"ImageWidth":335,"ImageHeight":249}},{"type":"Feature","id":1211,"geometry":{"type":"Point","coordinates":[-122.73494099999999,48.990043000000071]},"properties":{"CameraID":1211,"CameraTitle":"SR 543 at MP 0.2: Boblett St","ImageURL":"https://images.wsdot.wa.gov/nw/543vc00026.jpg","WSDOTSRID":"543        ","CompassDirection":"B","Latitude":48.990043,"Longitude":-122.73494100000001,"CameraOwnerName":null,"CameraOwnerURL":null,"ImageWidth":335,"ImageHeight":249}},{"type":"Feature","id":1213,"geometry":{"type":"Point","coordinates":[-122.73494699999998,48.99450900000005]},"properties":{"CameraID":1213,"CameraTitle":"SR 543 at MP 0.5: H St","ImageURL":"https://images.wsdot.wa.gov/nw/543vc00056.jpg","WSDOTSRID":"543        ","CompassDirection":"B","Latitude":48.994509000000001,"Longitude":-122.73494700000001,"CameraOwnerName":null,"CameraOwnerURL":null,"ImageWidth":335,"ImageHeight":249}},{"type":"Feature","id":1214,"geometry":{"type":"Point","coordinates":[-122.73518399999995,49.00053500000007]},"properties":{"CameraID":1214,"CameraTitle":"SR 543 at MP 0.9: Duty Free","ImageURL":"https://images.wsdot.wa.gov/nw/543vc00098.jpg","WSDOTSRID":"543        ","CompassDirection":"B","Latitude":49.000534999999999,"Longitude":-122.735184,"CameraOwnerName":"A & A Contract Customs Brokers","CameraOwnerURL":"http://www.aacb.com","ImageWidth":335,"ImageHeight":249}},{"type":"Feature","id":1219,"geometry":{"type":"Point","coordinates":[-122.54216999999994,47.127095000000054]},"properties":{"CameraID":1219,"CameraTitle":"I-5 at MP 123.5: Thorne Lane NB","ImageURL":"https://images.wsdot.wa.gov/orflow/005vc12359.jpg","WSDOTSRID":"005        ","CompassDirection":"N","Latitude":47.127094999999997,"Longitude":-122.54217,"CameraOwnerName":null,"CameraOwnerURL":null,"ImageWidth":335,"ImageHeight":249}},{"type":"Feature","id":1220,"geometry":{"type":"Point","coordinates":[-122.52607399999999,47.136512000000039]},"properties":{"CameraID":1220,"CameraTitle":"I-5 at MP 124.6: Gravelly Lk Dr","ImageURL":"https://images.wsdot.wa.gov/orflow/005vc12460.jpg","WSDOTSRID":"005        ","CompassDirection":"B","Latitude":47.136512000000003,"Longitude":-122.52607399999999,"CameraOwnerName":null,"CameraOwnerURL":null,"ImageWidth":335,"ImageHeight":249}},{"type":"Feature","id":1221,"geometry":{"type":"Point","coordinates":[-122.50375899999995,47.147413000000029]},"properties":{"CameraID":1221,"CameraTitle":"I-5 at MP 125.9: Bridgeport Way","ImageURL":"https://images.wsdot.wa.gov/orflow/005vc12590.jpg","WSDOTSRID":"005        ","CompassDirection":"B","Latitude":47.147413,"Longitude":-122.503759,"CameraOwnerName":null,"CameraOwnerURL":null,"ImageWidth":335,"ImageHeight":249}},{"type":"Feature","id":1233,"geometry":{"type":"Point","coordinates":[-123.00659999999999,48.535100000000057]},"properties":{"CameraID":1233,"CameraTitle":"WSF Friday Harbor Ferry Holding","ImageURL":"https://images.wsdot.wa.gov/wsf/fridayharbor/friholding.jpg","WSDOTSRID":null,"StateRouteMilepost":null,"CompassDirection":"N","Latitude":48.5351,"Longitude":-123.00660000000001,"CameraOwnerName":null,"CameraOwnerURL":null,"ImageWidth":352,"ImageHeight":261}},{"type":"Feature","id":1237,"geometry":{"type":"Point","coordinates":[-122.10014999999999,47.907177000000047]},"properties":{"CameraID":1237,"CameraTitle":"Harvey Airfield(Snohomish)","ImageURL":"http://www.harveyfield.com/WebcamImageHandler.ashx","WSDOTSRID":null,"StateRouteMilepost":null,"CompassDirection":"S","Latitude":47.907176999999997,"Longitude":-122.10015,"CameraOwnerName":"Harvey Enterprises and Air Design Ltd","CameraOwnerURL":"http://www.harveyfield.com/","ImageWidth":341,"ImageHeight":192}},{"type":"Feature","id":1240,"geometry":{"type":"Point","coordinates":[-124.63659999999999,47.908700000000067]},"properties":{"CameraID":1240,"CameraTitle":"LaPush","ImageURL":"http://webcam.forkswa.com/webcam1/netcam.jpg","WSDOTSRID":null,"StateRouteMilepost":null,"CompassDirection":"N","Latitude":47.908700000000003,"Longitude":-124.6366,"CameraOwnerName":"Forks Chamber of Commerce","CameraOwnerURL":"http://www.forkswa.com/","ImageWidth":320,"ImageHeight":240}},{"type":"Feature","id":1246,"geometry":{"type":"Point","coordinates":[-120.25668999999999,48.477640000000065]},"properties":{"CameraID":1246,"CameraTitle":"Winthrop","ImageURL":"https://www.sunmountainlodge.com/webcam/viewpic.jpg","WSDOTSRID":null,"StateRouteMilepost":null,"CompassDirection":"N","Latitude":48.477640000000001,"Longitude":-120.25669000000001,"CameraOwnerName":"Sun Mountain Lodge","CameraOwnerURL":"https://www.sunmountainlodge.com/","ImageWidth":320,"ImageHeight":240}},{"type":"Feature","id":1251,"geometry":{"type":"Point","coordinates":[-123.51619799999997,46.345576000000051]},"properties":{"CameraID":1251,"CameraTitle":"SR 4 at MP 22.2: KM Mountain","ImageURL":"https://images.wsdot.wa.gov/sw/004vc02220.jpg","WSDOTSRID":"004        ","CompassDirection":"N","Latitude":46.345576000000001,"Longitude":-123.516198,"CameraOwnerName":null,"CameraOwnerURL":null,"ImageWidth":335,"ImageHeight":249}},{"type":"Feature","id":1252,"geometry":{"type":"Point","coordinates":[-122.95772199999999,46.109156000000041]},"properties":{"CameraID":1252,"CameraTitle":"SR 433 at MP 0.9: Lewis and Clark Bridge","ImageURL":"https://images.wsdot.wa.gov/sw/433vc00093.jpg","WSDOTSRID":"433        ","CompassDirection":"N","Latitude":46.109155999999999,"Longitude":-122.957722,"CameraOwnerName":null,"CameraOwnerURL":null,"ImageWidth":335,"ImageHeight":249}},{"type":"Feature","id":1254,"geometry":{"type":"Point","coordinates":[-122.58915399999995,45.653398000000038]},"properties":{"CameraID":1254,"CameraTitle":"SR 500 at MP 3.8: Thurston Way","ImageURL":"https://images.wsdot.wa.gov/sw/500vc00380.jpg","WSDOTSRID":"500        ","CompassDirection":"B","Latitude":45.653398000000003,"Longitude":-122.58915399999999,"CameraOwnerName":null,"CameraOwnerURL":null,"ImageWidth":335,"ImageHeight":249}},{"type":"Feature","id":1255,"geometry":{"type":"Point","coordinates":[-122.55829199999999,45.661864000000037]},"properties":{"CameraID":1255,"CameraTitle":"SR 500 at MP 5.4: 112th & Gher Rd.","ImageURL":"https://images.wsdot.wa.gov/sw/500vc00546.jpg","WSDOTSRID":"500        ","CompassDirection":"B","Latitude":45.661864000000001,"Longitude":-122.55829199999999,"CameraOwnerName":"","CameraOwnerURL":"","ImageWidth":335,"ImageHeight":249}},{"type":"Feature","id":1263,"geometry":{"type":"Point","coordinates":[-122.55885299999994,45.62059400000004]},"properties":{"CameraID":1263,"CameraTitle":"I-205 at MP 28.3: Mill Plain Blvd Camera 1","ImageURL":"https://images.wsdot.wa.gov/sw/205vc02830.jpg","WSDOTSRID":"205        ","CompassDirection":"B","Latitude":45.620593999999997,"Longitude":-122.558853,"CameraOwnerName":null,"CameraOwnerURL":null,"ImageWidth":335,"ImageHeight":249}},{"type":"Feature","id":1264,"geometry":{"type":"Point","coordinates":[-122.55215899999996,45.608661000000041]},"properties":{"CameraID":1264,"CameraTitle":"I-205 at MP 27.4: SR-14 Interchange","ImageURL":"https://images.wsdot.wa.gov/sw/205vc02740.jpg","WSDOTSRID":"205        ","CompassDirection":"B","Latitude":45.608660999999998,"Longitude":-122.552159,"CameraOwnerName":null,"CameraOwnerURL":null,"ImageWidth":335,"ImageHeight":249}},{"type":"Feature","id":1265,"geometry":{"type":"Point","coordinates":[-122.66171699999995,45.641812000000073]},"properties":{"CameraID":1265,"CameraTitle":"I-5 at MP 1.8: 29th St","ImageURL":"https://images.wsdot.wa.gov/sw/005vc00180.jpg","WSDOTSRID":"005        ","CompassDirection":"B","Latitude":45.641812000000002,"Longitude":-122.661717,"CameraOwnerName":null,"CameraOwnerURL":null,"ImageWidth":335,"ImageHeight":249}},{"type":"Feature","id":1266,"geometry":{"type":"Point","coordinates":[-122.66457399999996,45.63199300000008]},"properties":{"CameraID":1266,"CameraTitle":"I-5 at MP 1.1: Mill Plain Blvd","ImageURL":"https://images.wsdot.wa.gov/sw/005vc00110.jpg","WSDOTSRID":"005        ","CompassDirection":"B","Latitude":45.631993000000001,"Longitude":-122.664574,"CameraOwnerName":null,"CameraOwnerURL":null,"ImageWidth":335,"ImageHeight":249}},{"type":"Feature","id":1267,"geometry":{"type":"Point","coordinates":[-122.67001799999997,45.624166000000059]},"properties":{"CameraID":1267,"CameraTitle":"I-5 at MP 0.5: SR 14 Interchange","ImageURL":"https://images.wsdot.wa.gov/sw/005vc00050.jpg","WSDOTSRID":"005        ","CompassDirection":"B","Latitude":45.624166000000002,"Longitude":-122.670018,"CameraOwnerName":null,"CameraOwnerURL":null,"ImageWidth":335,"ImageHeight":249}},{"type":"Feature","id":1271,"geometry":{"type":"Point","coordinates":[-122.90219999999999,46.970400000000041]},"properties":{"CameraID":1271,"CameraTitle":"Olympia Regional Airport Weather Station","ImageURL":"https://images.wsdot.wa.gov/airports/olysouthr.jpg","WSDOTSRID":null,"StateRouteMilepost":null,"CompassDirection":"E","Latitude":46.970399999999998,"Longitude":-122.90219999999999,"CameraOwnerName":"WSDOT Aviation","CameraOwnerURL":"https://www.wsdot.wa.gov/aviation/WebCam/Olympia.htm","ImageWidth":335,"ImageHeight":262}},{"type":"Feature","id":1273,"geometry":{"type":"Point","coordinates":[-122.66443799999996,45.676443000000063]},"properties":{"CameraID":1273,"CameraTitle":"I-5 at MP 4.2: 78th St","ImageURL":"https://images.wsdot.wa.gov/sw/005vc00425.jpg","WSDOTSRID":"005        ","CompassDirection":"B","Latitude":45.676442999999999,"Longitude":-122.664438,"CameraOwnerName":null,"CameraOwnerURL":null,"ImageWidth":335,"ImageHeight":249}},{"type":"Feature","id":1274,"geometry":{"type":"Point","coordinates":[-122.66090399999996,45.693534000000056]},"properties":{"CameraID":1274,"CameraTitle":"I-5 at MP 5.4: 99th St","ImageURL":"https://images.wsdot.wa.gov/sw/005vc00546.jpg","WSDOTSRID":"005        ","CompassDirection":"B","Latitude":45.693534,"Longitude":-122.660904,"CameraOwnerName":null,"CameraOwnerURL":null,"ImageWidth":335,"ImageHeight":249}},{"type":"Feature","id":1275,"geometry":{"type":"Point","coordinates":[-122.65503699999999,45.719132000000059]},"properties":{"CameraID":1275,"CameraTitle":"I-5 at MP 7.3: 134th St","ImageURL":"https://images.wsdot.wa.gov/sw/005vc00730.jpg","WSDOTSRID":"005        ","CompassDirection":"B","Latitude":45.719132000000002,"Longitude":-122.65503699999999,"CameraOwnerName":null,"CameraOwnerURL":null,"ImageWidth":335,"ImageHeight":249}},{"type":"Feature","id":1279,"geometry":{"type":"Point","coordinates":[-117.64458099999996,47.642919000000063]},"properties":{"CameraID":1279,"CameraTitle":"US 2 at MP 275.3: Fairchild looking East","ImageURL":"https://images.wsdot.wa.gov/Spokane/SR2/SR2E.jpg","WSDOTSRID":"002        ","CompassDirection":"E","Latitude":47.642918999999999,"Longitude":-117.644581,"CameraOwnerName":null,"CameraOwnerURL":null,"ImageWidth":352,"ImageHeight":280}},{"type":"Feature","id":1280,"geometry":{"type":"Point","coordinates":[-117.64458099999996,47.642919000000063]},"properties":{"CameraID":1280,"CameraTitle":"US 2 at MP 275.3: Fairchild looking West","ImageURL":"https://images.wsdot.wa.gov/Spokane/SR2/SR2W.jpg","WSDOTSRID":"002        ","CompassDirection":"W","Latitude":47.642918999999999,"Longitude":-117.644581,"CameraOwnerName":null,"CameraOwnerURL":null,"ImageWidth":352,"ImageHeight":280}},{"type":"Feature","id":1281,"geometry":{"type":"Point","coordinates":[-122.75230599999998,48.998067000000049]},"properties":{"CameraID":1281,"CameraTitle":"I-5 at MP 276.2: D St","ImageURL":"https://images.wsdot.wa.gov/nw/005vc27623.jpg","WSDOTSRID":"005        ","CompassDirection":"B","Latitude":48.998066999999999,"Longitude":-122.752306,"CameraOwnerName":null,"CameraOwnerURL":null,"ImageWidth":335,"ImageHeight":249}},{"type":"Feature","id":1283,"geometry":{"type":"Point","coordinates":[-122.73482399999995,48.998137000000042]},"properties":{"CameraID":1283,"CameraTitle":"SR 543 at MP 0.8: D St","ImageURL":"https://images.wsdot.wa.gov/nw/543vc00081.jpg","WSDOTSRID":"543        ","CompassDirection":"B","Latitude":48.998137,"Longitude":-122.734824,"CameraOwnerName":null,"CameraOwnerURL":null,"ImageWidth":335,"ImageHeight":249}},{"type":"Feature","id":1286,"geometry":{"type":"Point","coordinates":[-122.85705699999994,47.040283000000045]},"properties":{"CameraID":1286,"CameraTitle":"I-5 at MP 107.2: Pacific Ave (Olympia)","ImageURL":"https://images.wsdot.wa.gov/orflow/005vc10720.jpg","WSDOTSRID":"005        ","CompassDirection":"B","Latitude":47.040283000000002,"Longitude":-122.857057,"CameraOwnerName":null,"CameraOwnerURL":null,"ImageWidth":335,"ImageHeight":249}},{"type":"Feature","id":1287,"geometry":{"type":"Point","coordinates":[-122.89849599999997,47.025349000000062]},"properties":{"CameraID":1287,"CameraTitle":"I-5 at MP 104.8: Capitol Blvd","ImageURL":"https://images.wsdot.wa.gov/orflow/005vc10480.jpg","WSDOTSRID":"005        ","CompassDirection":"B","Latitude":47.025348999999999,"Longitude":-122.89849599999999,"CameraOwnerName":null,"CameraOwnerURL":null,"ImageWidth":335,"ImageHeight":249}},{"type":"Feature","id":1289,"geometry":{"type":"Point","coordinates":[-117.36101099999996,47.653862000000061]},"properties":{"CameraID":1289,"CameraTitle":"I-90 at MP 283.7: Freya St","ImageURL":"https://images.wsdot.wa.gov/spokane/i90/CCTV006.jpg","WSDOTSRID":"090        ","CompassDirection":"B","Latitude":47.653861999999997,"Longitude":-117.361011,"CameraOwnerName":null,"CameraOwnerURL":null,"ImageWidth":352,"ImageHeight":280}},{"type":"Feature","id":1290,"geometry":{"type":"Point","coordinates":[-117.32864499999999,47.653728000000058]},"properties":{"CameraID":1290,"CameraTitle":"I-90 at MP 284.5: Fancher Rd","ImageURL":"https://images.wsdot.wa.gov/spokane/i90/CCTV007.jpg","WSDOTSRID":"090        ","CompassDirection":"B","Latitude":47.653728000000001,"Longitude":-117.32864499999999,"CameraOwnerName":null,"CameraOwnerURL":null,"ImageWidth":352,"ImageHeight":280}},{"type":"Feature","id":1291,"geometry":{"type":"Point","coordinates":[-117.32309499999997,47.655639000000065]},"properties":{"CameraID":1291,"CameraTitle":"I-90 at MP 285.5: Sprague Ave","ImageURL":"https://images.wsdot.wa.gov/spokane/i90/CCTV008.jpg","WSDOTSRID":"090        ","CompassDirection":"B","Latitude":47.655639000000001,"Longitude":-117.323095,"CameraOwnerName":null,"CameraOwnerURL":null,"ImageWidth":352,"ImageHeight":280}},{"type":"Feature","id":1292,"geometry":{"type":"Point","coordinates":[-117.29731199999998,47.670253000000059]},"properties":{"CameraID":1292,"CameraTitle":"I-90 at MP 287.1: Park Rd","ImageURL":"https://images.wsdot.wa.gov/spokane/i90/CCTV010.jpg","WSDOTSRID":"090        ","CompassDirection":"B","Latitude":47.670253000000002,"Longitude":-117.29731200000001,"CameraOwnerName":null,"CameraOwnerURL":null,"ImageWidth":352,"ImageHeight":280}},{"type":"Feature","id":1293,"geometry":{"type":"Point","coordinates":[-117.28342899999996,47.673464000000081]},"properties":{"CameraID":1293,"CameraTitle":"I-90 at MP 287.8: Argonne Rd","ImageURL":"https://images.wsdot.wa.gov/spokane/i90/CCTV011.jpg","WSDOTSRID":"090        ","CompassDirection":"B","Latitude":47.673464000000003,"Longitude":-117.283429,"CameraOwnerName":null,"CameraOwnerURL":null,"ImageWidth":352,"ImageHeight":280}},{"type":"Feature","id":1294,"geometry":{"type":"Point","coordinates":[-122.80953,48.05687000000006]},"properties":{"CameraID":1294,"CameraTitle":"Jefferson County International Airport East","ImageURL":"https://images.wsdot.wa.gov/airports/PortTownsendE.jpg","WSDOTSRID":null,"StateRouteMilepost":null,"CompassDirection":"W","Latitude":48.056870000000004,"Longitude":-122.80953,"CameraOwnerName":"WSDOT Aviation","CameraOwnerURL":"https://www.wsdot.wa.gov/aviation/WebCam/PtTownsend.htm","ImageWidth":301,"ImageHeight":231}},{"type":"Feature","id":1295,"geometry":{"type":"Point","coordinates":[-119.95366399999995,47.233036000000027]},"properties":{"CameraID":1295,"CameraTitle":"SR 28 at MP 25: Quincy Rest Area","ImageURL":"https://images.wsdot.wa.gov/nc/028vc02490.jpg","WSDOTSRID":"028        ","CompassDirection":"E","Latitude":47.233035999999998,"Longitude":-119.953664,"CameraOwnerName":null,"CameraOwnerURL":null,"ImageWidth":335,"ImageHeight":249}},{"type":"Feature","id":1296,"geometry":{"type":"Point","coordinates":[-122.02249999999998,47.531600000000026]},"properties":{"CameraID":1296,"CameraTitle":"I-90 at MP 18: Sunset Way","ImageURL":"https://images.wsdot.wa.gov/nw/090vc01808.jpg","WSDOTSRID":"090        ","CompassDirection":"B","Latitude":47.531599999999997,"Longitude":-122.02249999999999,"CameraOwnerName":null,"CameraOwnerURL":null,"ImageWidth":335,"ImageHeight":249}},{"type":"Feature","id":1302,"geometry":{"type":"Point","coordinates":[-122.29559499999999,47.463955000000055]},"properties":{"CameraID":1302,"CameraTitle":"SR 99 at MP 20.3: SR 518 Interchange","ImageURL":"https://images.wsdot.wa.gov/nw/518vc00252.jpg","WSDOTSRID":"099        ","CompassDirection":"B","Latitude":47.463954999999999,"Longitude":-122.29559500000001,"CameraOwnerName":null,"CameraOwnerURL":null,"ImageWidth":335,"ImageHeight":249}},{"type":"Feature","id":1303,"geometry":{"type":"Point","coordinates":[-122.29559499999999,47.463955000000055]},"properties":{"CameraID":1303,"CameraTitle":"SR 518 at MP 2.5: SR 99 Interchange","ImageURL":"https://images.wsdot.wa.gov/nw/518vc00252.jpg","WSDOTSRID":"518        ","CompassDirection":"E","Latitude":47.463954999999999,"Longitude":-122.29559500000001,"CameraOwnerName":null,"CameraOwnerURL":null,"ImageWidth":335,"ImageHeight":249}},{"type":"Feature","id":1304,"geometry":{"type":"Point","coordinates":[-122.11038999999994,47.804106000000047]},"properties":{"CameraID":1304,"CameraTitle":"SR 522 at MP 16.5: Paradise Lake Rd","ImageURL":"https://images.wsdot.wa.gov/nw/522vc01657.jpg","WSDOTSRID":"522        ","CompassDirection":"B","Latitude":47.804105999999997,"Longitude":-122.11039,"CameraOwnerName":null,"CameraOwnerURL":null,"ImageWidth":335,"ImageHeight":249}},{"type":"Feature","id":1306,"geometry":{"type":"Point","coordinates":[-122.30038999999999,47.925756000000035]},"properties":{"CameraID":1306,"CameraTitle":"SR 525 at MP 6.9: 76th St SW (south)","ImageURL":"https://images.wsdot.wa.gov/nw/525vc00694.jpg","WSDOTSRID":"525        ","CompassDirection":"S","Latitude":47.925756,"Longitude":-122.30038999999999,"CameraOwnerName":null,"CameraOwnerURL":null,"ImageWidth":335,"ImageHeight":249}},{"type":"Feature","id":1308,"geometry":{"type":"Point","coordinates":[-122.21750499999996,47.849555000000066]},"properties":{"CameraID":1308,"CameraTitle":"SR 527 at MP 6.6: 164th St SE","ImageURL":"https://images.wsdot.wa.gov/nw/527vc00662.jpg","WSDOTSRID":"527        ","CompassDirection":"B","Latitude":47.849555000000002,"Longitude":-122.217505,"CameraOwnerName":null,"CameraOwnerURL":null,"ImageWidth":335,"ImageHeight":249}},{"type":"Feature","id":1309,"geometry":{"type":"Point","coordinates":[-122.30614499999996,47.290213000000051]},"properties":{"CameraID":1309,"CameraTitle":"I-5 at MP 142: SR 18 Interchange","ImageURL":"https://images.wsdot.wa.gov/nw/005vc14205.jpg","WSDOTSRID":"005        ","CompassDirection":"B","Latitude":47.290213000000001,"Longitude":-122.306145,"CameraOwnerName":null,"CameraOwnerURL":null,"ImageWidth":335,"ImageHeight":249}},{"type":"Feature","id":1310,"geometry":{"type":"Point","coordinates":[-122.32187199999998,47.26524100000006]},"properties":{"CameraID":1310,"CameraTitle":"I-5 at MP 140.1: S 375th St","ImageURL":"https://images.wsdot.wa.gov/nw/005vc14016.jpg","WSDOTSRID":"005        ","CompassDirection":"B","Latitude":47.265241000000003,"Longitude":-122.321872,"CameraOwnerName":null,"CameraOwnerURL":null,"ImageWidth":335,"ImageHeight":249}},{"type":"Feature","id":1313,"geometry":{"type":"Point","coordinates":[-122.31050199999999,47.279068000000052]},"properties":{"CameraID":1313,"CameraTitle":"I-5 at MP 141.2: Enchanted Pkwy","ImageURL":"https://images.wsdot.wa.gov/nw/005vc14126.jpg","WSDOTSRID":"005        ","CompassDirection":"B","Latitude":47.279068000000002,"Longitude":-122.310502,"CameraOwnerName":null,"CameraOwnerURL":null,"ImageWidth":335,"ImageHeight":249}},{"type":"Feature","id":1316,"geometry":{"type":"Point","coordinates":[-122.34099799999996,48.435747000000049]},"properties":{"CameraID":1316,"CameraTitle":"I-5 at MP 227.7: College Way","ImageURL":"https://images.wsdot.wa.gov/nw/005vc22773.jpg","WSDOTSRID":"005        ","CompassDirection":"S","Latitude":48.435746999999999,"Longitude":-122.340998,"CameraOwnerName":null,"CameraOwnerURL":null,"ImageWidth":335,"ImageHeight":249}},{"type":"Feature","id":1322,"geometry":{"type":"Point","coordinates":[-122.47650399999998,48.708634000000075]},"properties":{"CameraID":1322,"CameraTitle":"I-5 at MP 250.3: South of Old Fairhaven Parkway NB","ImageURL":"https://images.wsdot.wa.gov/nw/005vc25036.jpg","WSDOTSRID":"005        ","CompassDirection":"N","Latitude":48.708634000000004,"Longitude":-122.47650400000001,"CameraOwnerName":null,"CameraOwnerURL":null,"ImageWidth":335,"ImageHeight":249}},{"type":"Feature","id":1323,"geometry":{"type":"Point","coordinates":[-122.46524099999999,48.746344000000079]},"properties":{"CameraID":1323,"CameraTitle":"I-5 at MP 253: Lakeway Dr","ImageURL":"https://images.wsdot.wa.gov/nw/005vc25308.jpg","WSDOTSRID":"005        ","CompassDirection":"B","Latitude":48.746344000000001,"Longitude":-122.46524100000001,"CameraOwnerName":null,"CameraOwnerURL":null,"ImageWidth":335,"ImageHeight":249}},{"type":"Feature","id":1324,"geometry":{"type":"Point","coordinates":[-122.46181299999995,48.754655000000071]},"properties":{"CameraID":1324,"CameraTitle":"I-5 at MP 253.6: Iowa St","ImageURL":"https://images.wsdot.wa.gov/nw/005vc25368.jpg","WSDOTSRID":"005        ","CompassDirection":"B","Latitude":48.754655,"Longitude":-122.46181300000001,"CameraOwnerName":null,"CameraOwnerURL":null,"ImageWidth":335,"ImageHeight":249}},{"type":"Feature","id":1325,"geometry":{"type":"Point","coordinates":[-122.46435899999994,48.772598000000073]},"properties":{"CameraID":1325,"CameraTitle":"I-5 at MP 254.9: Sunset Dr","ImageURL":"https://images.wsdot.wa.gov/nw/005vc25494.jpg","WSDOTSRID":"005        ","CompassDirection":"B","Latitude":48.772598000000002,"Longitude":-122.464359,"CameraOwnerName":null,"CameraOwnerURL":null,"ImageWidth":335,"ImageHeight":249}},{"type":"Feature","id":1326,"geometry":{"type":"Point","coordinates":[-122.48785499999997,48.783086000000026]},"properties":{"CameraID":1326,"CameraTitle":"I-5 at MP 256.3: Meridian St","ImageURL":"https://images.wsdot.wa.gov/nw/005vc25630.jpg","WSDOTSRID":"005        ","CompassDirection":"B","Latitude":48.783085999999997,"Longitude":-122.487855,"CameraOwnerName":null,"CameraOwnerURL":null,"ImageWidth":335,"ImageHeight":249}},{"type":"Feature","id":1328,"geometry":{"type":"Point","coordinates":[-122.56194699999998,48.831643000000042]},"properties":{"CameraID":1328,"CameraTitle":"I-5 at MP 261.3: Smith Rd","ImageURL":"https://images.wsdot.wa.gov/nw/005vc26132.jpg","WSDOTSRID":"005        ","CompassDirection":"B","Latitude":48.831643,"Longitude":-122.561947,"CameraOwnerName":null,"CameraOwnerURL":null,"ImageWidth":335,"ImageHeight":249}},{"type":"Feature","id":1329,"geometry":{"type":"Point","coordinates":[-122.51648799999998,48.788561000000072]},"properties":{"CameraID":1329,"CameraTitle":"I-5 at MP 257.6: Bakerview Rd","ImageURL":"https://images.wsdot.wa.gov/nw/005vc25766.jpg","WSDOTSRID":"005        ","CompassDirection":"B","Latitude":48.788561000000001,"Longitude":-122.516488,"CameraOwnerName":null,"CameraOwnerURL":null,"ImageWidth":335,"ImageHeight":249}},{"type":"Feature","id":1330,"geometry":{"type":"Point","coordinates":[-122.70221799999996,48.961636000000055]},"properties":{"CameraID":1330,"CameraTitle":"I-5 at MP 272.8: W 88th St","ImageURL":"https://images.wsdot.wa.gov/nw/005vc27281.jpg","WSDOTSRID":"005        ","CompassDirection":"B","Latitude":48.961635999999999,"Longitude":-122.702218,"CameraOwnerName":null,"CameraOwnerURL":null,"ImageWidth":335,"ImageHeight":249}},{"type":"Feature","id":1331,"geometry":{"type":"Point","coordinates":[-122.29322799999994,47.910172000000046]},"properties":{"CameraID":1331,"CameraTitle":"SR 525 at MP 5.5: Paine Field Blvd","ImageURL":"https://images.wsdot.wa.gov/nw/525vc00559.jpg","WSDOTSRID":"525        ","CompassDirection":"B","Latitude":47.910172000000003,"Longitude":-122.293228,"CameraOwnerName":null,"CameraOwnerURL":null,"ImageWidth":335,"ImageHeight":249}},{"type":"Feature","id":1332,"geometry":{"type":"Point","coordinates":[-122.27971799999995,47.882239000000027]},"properties":{"CameraID":1332,"CameraTitle":"SR 525 at MP 3.5: Beverly Park Rd","ImageURL":"https://images.wsdot.wa.gov/nw/525vc00353.jpg","WSDOTSRID":"525        ","CompassDirection":"B","Latitude":47.882238999999998,"Longitude":-122.279718,"CameraOwnerName":null,"CameraOwnerURL":null,"ImageWidth":335,"ImageHeight":249}},{"type":"Feature","id":1333,"geometry":{"type":"Point","coordinates":[-122.56496899999996,47.292483000000061]},"properties":{"CameraID":1333,"CameraTitle":"SR 16 at MP 9.7: 36th Street","ImageURL":"https://images.wsdot.wa.gov/orflow/016vc00970.jpg","WSDOTSRID":"016        ","CompassDirection":"B","Latitude":47.292482999999997,"Longitude":-122.564969,"CameraOwnerName":null,"CameraOwnerURL":null,"ImageWidth":335,"ImageHeight":249}},{"type":"Feature","id":1334,"geometry":{"type":"Point","coordinates":[-122.57594099999994,47.304869000000053]},"properties":{"CameraID":1334,"CameraTitle":"SR 16 at MP 10.7: Olympic Drive","ImageURL":"https://images.wsdot.wa.gov/orflow/016vc01070.jpg","WSDOTSRID":"016        ","CompassDirection":"B","Latitude":47.304868999999997,"Longitude":-122.575941,"CameraOwnerName":null,"CameraOwnerURL":null,"ImageWidth":335,"ImageHeight":249}},{"type":"Feature","id":1335,"geometry":{"type":"Point","coordinates":[-122.59346099999999,47.324658000000056]},"properties":{"CameraID":1335,"CameraTitle":"SR 16 at MP 12.3: Wollochet","ImageURL":"https://images.wsdot.wa.gov/orflow/016vc01230.jpg","WSDOTSRID":"016        ","CompassDirection":"B","Latitude":47.324657999999999,"Longitude":-122.593461,"CameraOwnerName":null,"CameraOwnerURL":null,"ImageWidth":335,"ImageHeight":249}},{"type":"Feature","id":1336,"geometry":{"type":"Point","coordinates":[-122.61340099999995,47.356344000000036]},"properties":{"CameraID":1336,"CameraTitle":"SR 16 at MP 14.7: Burnham Drive","ImageURL":"https://images.wsdot.wa.gov/orflow/016vc01470.jpg","WSDOTSRID":"016        ","CompassDirection":"B","Latitude":47.356344,"Longitude":-122.613401,"CameraOwnerName":null,"CameraOwnerURL":null,"ImageWidth":335,"ImageHeight":249}},{"type":"Feature","id":1337,"geometry":{"type":"Point","coordinates":[-122.61782299999999,47.366119000000026]},"properties":{"CameraID":1337,"CameraTitle":"SR 16 at MP 15.4: SR 302 Interchange","ImageURL":"https://images.wsdot.wa.gov/orflow/016vc01540.jpg","WSDOTSRID":"016        ","CompassDirection":"B","Latitude":47.366118999999998,"Longitude":-122.617823,"CameraOwnerName":null,"CameraOwnerURL":null,"ImageWidth":335,"ImageHeight":249}},{"type":"Feature","id":1338,"geometry":{"type":"Point","coordinates":[-122.29359099999999,47.813019000000054]},"properties":{"CameraID":1338,"CameraTitle":"I-5 at MP 180.6: 44th Ave W","ImageURL":"https://images.wsdot.wa.gov/nw/005vc18065.jpg","WSDOTSRID":"005        ","CompassDirection":"B","Latitude":47.813018999999997,"Longitude":-122.29359100000001,"CameraOwnerName":null,"CameraOwnerURL":null,"ImageWidth":335,"ImageHeight":249}},{"type":"Feature","id":1339,"geometry":{"type":"Point","coordinates":[-122.50439999999998,47.242760000000033]},"properties":{"CameraID":1339,"CameraTitle":"SR 16 at MP 2.5: South 19th St","ImageURL":"https://images.wsdot.wa.gov/orflow/016vc00250.jpg","WSDOTSRID":"016        ","CompassDirection":"B","Latitude":47.242759999999997,"Longitude":-122.5044,"CameraOwnerName":null,"CameraOwnerURL":null,"ImageWidth":335,"ImageHeight":249}},{"type":"Feature","id":1340,"geometry":{"type":"Point","coordinates":[-118.28803699999997,46.094562000000053]},"properties":{"CameraID":1340,"CameraTitle":"Walla Walla Regional Airport Southwest","ImageURL":"https://images.wsdot.wa.gov/airports/walla2.jpg","WSDOTSRID":null,"StateRouteMilepost":null,"CompassDirection":"S","Latitude":46.094562000000003,"Longitude":-118.288037,"CameraOwnerName":"WSDOT Aviation","CameraOwnerURL":"https://www.wsdot.wa.gov/aviation/WebCam/WallaWalla.htm","ImageWidth":335,"ImageHeight":246}},{"type":"Feature","id":1343,"geometry":{"type":"Point","coordinates":[-120.33752699999997,47.468171000000041]},"properties":{"CameraID":1343,"CameraTitle":"US 2 at MP 118.7: US 97 Interchange (View South)","ImageURL":"https://images.wsdot.wa.gov/nc/002vc11875.jpg","WSDOTSRID":"002        ","CompassDirection":"E","Latitude":47.468170999999998,"Longitude":-120.33752699999999,"CameraOwnerName":null,"CameraOwnerURL":null,"ImageWidth":335,"ImageHeight":249}},{"type":"Feature","id":1345,"geometry":{"type":"Point","coordinates":[-120.47323699999998,46.585243000000048]},"properties":{"CameraID":1345,"CameraTitle":"I-82 at MP 34.7: SR 24 Interchange @ Yakima","ImageURL":"https://images.wsdot.wa.gov/sc/082VC03475.jpg","WSDOTSRID":"082        ","CompassDirection":"N","Latitude":46.585242999999998,"Longitude":-120.473237,"CameraOwnerName":null,"CameraOwnerURL":null,"ImageWidth":320,"ImageHeight":237}},{"type":"Feature","id":1346,"geometry":{"type":"Point","coordinates":[-122.66163699999998,45.647548000000029]},"properties":{"CameraID":1346,"CameraTitle":"I-5 at MP 2.1: 35th St","ImageURL":"https://images.wsdot.wa.gov/sw/005vc00212.jpg","WSDOTSRID":"005        ","CompassDirection":"B","Latitude":45.647548,"Longitude":-122.661637,"CameraOwnerName":null,"CameraOwnerURL":null,"ImageWidth":335,"ImageHeight":249}},{"type":"Feature","id":1347,"geometry":{"type":"Point","coordinates":[-122.59182399999997,45.682360000000074]},"properties":{"CameraID":1347,"CameraTitle":"I-205 at MP 32.9: Padden","ImageURL":"https://images.wsdot.wa.gov/sw/205vc03295.jpg","WSDOTSRID":"205        ","CompassDirection":"N","Latitude":45.682360000000003,"Longitude":-122.591824,"CameraOwnerName":null,"CameraOwnerURL":null,"ImageWidth":335,"ImageHeight":249}},{"type":"Feature","id":1348,"geometry":{"type":"Point","coordinates":[-122.58645199999995,45.678744000000052]},"properties":{"CameraID":1348,"CameraTitle":"I-205 at MP 32.6: 78th St","ImageURL":"https://images.wsdot.wa.gov/sw/205vc03260.jpg","WSDOTSRID":"205        ","CompassDirection":"B","Latitude":45.678744000000002,"Longitude":-122.58645199999999,"CameraOwnerName":null,"CameraOwnerURL":null,"ImageWidth":335,"ImageHeight":249}},{"type":"Feature","id":1349,"geometry":{"type":"Point","coordinates":[-122.56075599999997,45.635827000000063]},"properties":{"CameraID":1349,"CameraTitle":"I-205 at MP 29.3: 18th St","ImageURL":"https://images.wsdot.wa.gov/sw/205vc02936.jpg","WSDOTSRID":"205        ","CompassDirection":"B","Latitude":45.635826999999999,"Longitude":-122.560756,"CameraOwnerName":null,"CameraOwnerURL":null,"ImageWidth":335,"ImageHeight":249}},{"type":"Feature","id":1350,"geometry":{"type":"Point","coordinates":[-121.73639399999996,46.785799000000054]},"properties":{"CameraID":1350,"CameraTitle":"Mt. Rainier","ImageURL":"https://www.nps.gov/webcams-mora/east.jpg","WSDOTSRID":null,"StateRouteMilepost":null,"CompassDirection":"S","Latitude":46.785798999999997,"Longitude":-121.736394,"CameraOwnerName":"National Park  Service - Mount Rainier","CameraOwnerURL":"http://www.nps.gov/mora/","ImageWidth":360,"ImageHeight":202}},{"type":"Feature","id":1351,"geometry":{"type":"Point","coordinates":[-122.70799899999997,45.86919800000004]},"properties":{"CameraID":1351,"CameraTitle":"I-5 at MP 18.2: Paradise Point","ImageURL":"https://images.wsdot.wa.gov/sw/005vc01820.jpg","WSDOTSRID":"005        ","CompassDirection":"B","Latitude":45.869197999999997,"Longitude":-122.707999,"CameraOwnerName":null,"CameraOwnerURL":null,"ImageWidth":335,"ImageHeight":249}},{"type":"Feature","id":1352,"geometry":{"type":"Point","coordinates":[-122.55905199999995,45.622040000000027]},"properties":{"CameraID":1352,"CameraTitle":"I-205 at MP 28.4: Mill Plain Interchange","ImageURL":"https://images.wsdot.wa.gov/sw/205vc02840.jpg","WSDOTSRID":"205        ","CompassDirection":"N","Latitude":45.622039999999998,"Longitude":-122.55905199999999,"CameraOwnerName":null,"CameraOwnerURL":null,"ImageWidth":335,"ImageHeight":249}},{"type":"Feature","id":1353,"geometry":{"type":"Point","coordinates":[-122.91844799999996,47.025667000000055]},"properties":{"CameraID":1353,"CameraTitle":"US 101 at MP 366.6: Crosby Blvd","ImageURL":"https://images.wsdot.wa.gov/orflow/101vc36664.jpg","WSDOTSRID":"101        ","CompassDirection":"B","Latitude":47.025666999999999,"Longitude":-122.918448,"CameraOwnerName":null,"CameraOwnerURL":null,"ImageWidth":335,"ImageHeight":249}},{"type":"Feature","id":1354,"geometry":{"type":"Point","coordinates":[-122.58565099999998,45.611082000000067]},"properties":{"CameraID":1354,"CameraTitle":"SR 14 at MP 4.3: Lieser Rd","ImageURL":"https://images.wsdot.wa.gov/sw/014vc00435.jpg","WSDOTSRID":"014        ","CompassDirection":"B","Latitude":45.611082000000003,"Longitude":-122.585651,"CameraOwnerName":null,"CameraOwnerURL":null,"ImageWidth":335,"ImageHeight":249}},{"type":"Feature","id":1355,"geometry":{"type":"Point","coordinates":[-120.56478699999997,46.984351000000061]},"properties":{"CameraID":1355,"CameraTitle":"I-90 at MP 107.5: Ellensburg","ImageURL":"https://images.wsdot.wa.gov/sc/090VC10753.jpg","WSDOTSRID":"090        ","CompassDirection":"W","Latitude":46.984350999999997,"Longitude":-120.564787,"CameraOwnerName":null,"CameraOwnerURL":null,"ImageWidth":320,"ImageHeight":237}},{"type":"Feature","id":1356,"geometry":{"type":"Point","coordinates":[-122.67017199999998,45.775326000000064]},"properties":{"CameraID":1356,"CameraTitle":"I-5 SB at MP 11.7: SR502 on ramp","ImageURL":"https://images.wsdot.wa.gov/sw/005vc01176.jpg","WSDOTSRID":"005        ","CompassDirection":"S","Latitude":45.775326,"Longitude":-122.67017199999999,"CameraOwnerName":null,"CameraOwnerURL":null,"ImageWidth":335,"ImageHeight":249}},{"type":"Feature","id":1357,"geometry":{"type":"Point","coordinates":[-122.67348299999998,45.786057000000028]},"properties":{"CameraID":1357,"CameraTitle":"I-5 NB at MP 11.6: SR502 on ramp","ImageURL":"https://images.wsdot.wa.gov/sw/005vc01165.jpg","WSDOTSRID":"005        ","CompassDirection":"N","Latitude":45.786057,"Longitude":-122.673483,"CameraOwnerName":null,"CameraOwnerURL":null,"ImageWidth":335,"ImageHeight":249}},{"type":"Feature","id":1358,"geometry":{"type":"Point","coordinates":[-122.66157199999998,45.764462000000037]},"properties":{"CameraID":1358,"CameraTitle":"SR 502 at MP 0.5: I-5 NB off ramp","ImageURL":"https://images.wsdot.wa.gov/sw/502vc00050.jpg","WSDOTSRID":"502        ","CompassDirection":"E","Latitude":45.764462000000002,"Longitude":-122.66157200000001,"CameraOwnerName":null,"CameraOwnerURL":null,"ImageWidth":335,"ImageHeight":249}},{"type":"Feature","id":1359,"geometry":{"type":"Point","coordinates":[-122.66173699999996,45.779131000000064]},"properties":{"CameraID":1359,"CameraTitle":"SR 502 at MP 0.6: 10th Ave","ImageURL":"https://images.wsdot.wa.gov/sw/502vc00060.jpg","WSDOTSRID":"502        ","CompassDirection":"E","Latitude":45.779131,"Longitude":-122.661737,"CameraOwnerName":null,"CameraOwnerURL":null,"ImageWidth":335,"ImageHeight":249}},{"type":"Feature","id":1360,"geometry":{"type":"Point","coordinates":[-122.66703099999995,45.765144000000078]},"properties":{"CameraID":1360,"CameraTitle":"I-5 at MP 10.8: 199th St","ImageURL":"https://images.wsdot.wa.gov/sw/005vc01080.jpg","WSDOTSRID":"005        ","CompassDirection":"B","Latitude":45.765143999999999,"Longitude":-122.66703099999999,"CameraOwnerName":null,"CameraOwnerURL":null,"ImageWidth":335,"ImageHeight":249}},{"type":"Feature","id":1361,"geometry":{"type":"Point","coordinates":[-122.26729999999998,47.448800000000062]},"properties":{"CameraID":1361,"CameraTitle":"I-405 at MP 0.3: Southcenter","ImageURL":"https://images.wsdot.wa.gov/nw/405vc00034.jpg","WSDOTSRID":"405        ","CompassDirection":"B","Latitude":47.448799999999999,"Longitude":-122.26730000000001,"CameraOwnerName":null,"CameraOwnerURL":null,"ImageWidth":335,"ImageHeight":249}},{"type":"Feature","id":1362,"geometry":{"type":"Point","coordinates":[-122.23746499999999,47.466253000000052]},"properties":{"CameraID":1362,"CameraTitle":"I-405 at MP 1.4: Longacres Dr","ImageURL":"https://images.wsdot.wa.gov/nw/405vc00140.jpg","WSDOTSRID":"405        ","CompassDirection":"B","Latitude":47.466253000000002,"Longitude":-122.237465,"CameraOwnerName":null,"CameraOwnerURL":null,"ImageWidth":335,"ImageHeight":249}},{"type":"Feature","id":1363,"geometry":{"type":"Point","coordinates":[-122.20832499999995,47.468841000000054]},"properties":{"CameraID":1363,"CameraTitle":"I-405 at MP 2.7: Talbot Rd S","ImageURL":"https://images.wsdot.wa.gov/nw/405vc00277.jpg","WSDOTSRID":"405        ","CompassDirection":"B","Latitude":47.468840999999998,"Longitude":-122.208325,"CameraOwnerName":null,"CameraOwnerURL":null,"ImageWidth":335,"ImageHeight":249}},{"type":"Feature","id":1364,"geometry":{"type":"Point","coordinates":[-118.28803699999997,46.094562000000053]},"properties":{"CameraID":1364,"CameraTitle":"Walla Walla Regional Airport West","ImageURL":"https://images.wsdot.wa.gov/airports/walla3.jpg","WSDOTSRID":null,"StateRouteMilepost":null,"CompassDirection":"W","Latitude":46.094562000000003,"Longitude":-118.288037,"CameraOwnerName":"WSDOT Aviation","CameraOwnerURL":"https://www.wsdot.wa.gov/aviation/WebCam/WallaWalla.htm","ImageWidth":335,"ImageHeight":246}},{"type":"Feature","id":1365,"geometry":{"type":"Point","coordinates":[-118.28803699999997,46.094562000000053]},"properties":{"CameraID":1365,"CameraTitle":"Walla Walla Regional Airport North","ImageURL":"https://images.wsdot.wa.gov/airports/walla4.jpg","WSDOTSRID":null,"StateRouteMilepost":null,"CompassDirection":"N","Latitude":46.094562000000003,"Longitude":-118.288037,"CameraOwnerName":"WSDOT Aviation","CameraOwnerURL":"https://www.wsdot.wa.gov/aviation/WebCam/WallaWalla.htm","ImageWidth":335,"ImageHeight":246}},{"type":"Feature","id":1366,"geometry":{"type":"Point","coordinates":[-122.19841999999994,47.51126400000004]},"properties":{"CameraID":1366,"CameraTitle":"I-405 at MP 6: NE 24th St","ImageURL":"https://images.wsdot.wa.gov/nw/405vc00602.jpg","WSDOTSRID":"405        ","CompassDirection":"B","Latitude":47.511263999999997,"Longitude":-122.19842,"CameraOwnerName":null,"CameraOwnerURL":null,"ImageWidth":335,"ImageHeight":249}},{"type":"Feature","id":1367,"geometry":{"type":"Point","coordinates":[-122.19472699999994,47.539878000000044]},"properties":{"CameraID":1367,"CameraTitle":"I-405 at MP 8: SE 71st St","ImageURL":"https://images.wsdot.wa.gov/nw/405vc00800.jpg","WSDOTSRID":"405        ","CompassDirection":"B","Latitude":47.539878000000002,"Longitude":-122.194727,"CameraOwnerName":null,"CameraOwnerURL":null,"ImageWidth":335,"ImageHeight":249}},{"type":"Feature","id":1368,"geometry":{"type":"Point","coordinates":[-122.19394899999998,47.55219500000004]},"properties":{"CameraID":1368,"CameraTitle":"I-405 at MP 8.8: SE 59th St","ImageURL":"https://images.wsdot.wa.gov/nw/405vc00889.jpg","WSDOTSRID":"405        ","CompassDirection":"B","Latitude":47.552194999999998,"Longitude":-122.193949,"CameraOwnerName":null,"CameraOwnerURL":null,"ImageWidth":335,"ImageHeight":249}},{"type":"Feature","id":1369,"geometry":{"type":"Point","coordinates":[-122.18725399999994,47.562519000000066]},"properties":{"CameraID":1369,"CameraTitle":"I-405 at MP 9.8: SE 45th St","ImageURL":"https://images.wsdot.wa.gov/nw/405vc00986.jpg","WSDOTSRID":"405        ","CompassDirection":"B","Latitude":47.562519000000002,"Longitude":-122.187254,"CameraOwnerName":null,"CameraOwnerURL":null,"ImageWidth":335,"ImageHeight":249}},{"type":"Feature","id":1370,"geometry":{"type":"Point","coordinates":[-122.17579999999998,47.573900000000037]},"properties":{"CameraID":1370,"CameraTitle":"I-405 at MP 10.6: SE 40th St","ImageURL":"https://images.wsdot.wa.gov/nw/405vc01066.jpg","WSDOTSRID":"405        ","CompassDirection":"B","Latitude":47.573900000000002,"Longitude":-122.1758,"CameraOwnerName":null,"CameraOwnerURL":null,"ImageWidth":335,"ImageHeight":249}},{"type":"Feature","id":1371,"geometry":{"type":"Point","coordinates":[-122.17481799999996,47.579582000000073]},"properties":{"CameraID":1371,"CameraTitle":"I-405 at MP 11: I-90 Interchange SE Quad","ImageURL":"https://images.wsdot.wa.gov/nw/405vc01105.jpg","WSDOTSRID":"405        ","CompassDirection":"B","Latitude":47.579582000000002,"Longitude":-122.174818,"CameraOwnerName":null,"CameraOwnerURL":null,"ImageWidth":335,"ImageHeight":249}},{"type":"Feature","id":1372,"geometry":{"type":"Point","coordinates":[-118.28803699999997,46.094562000000053]},"properties":{"CameraID":1372,"CameraTitle":"Walla Walla Regional Airport East","ImageURL":"https://images.wsdot.wa.gov/airports/walla5.jpg","WSDOTSRID":null,"StateRouteMilepost":null,"CompassDirection":"E","Latitude":46.094562000000003,"Longitude":-118.288037,"CameraOwnerName":"WSDOT Aviation","CameraOwnerURL":"https://www.wsdot.wa.gov/aviation/WebCam/WallaWalla.htm","ImageWidth":335,"ImageHeight":246}},{"type":"Feature","id":1374,"geometry":{"type":"Point","coordinates":[-122.18836199999998,47.610050000000058]},"properties":{"CameraID":1374,"CameraTitle":"I-405 at MP 13.3: Main St","ImageURL":"https://images.wsdot.wa.gov/nw/405vc01331.jpg","WSDOTSRID":"405        ","CompassDirection":"B","Latitude":47.610050000000001,"Longitude":-122.188362,"CameraOwnerName":null,"CameraOwnerURL":null,"ImageWidth":335,"ImageHeight":249}},{"type":"Feature","id":1375,"geometry":{"type":"Point","coordinates":[-122.18844099999995,47.613634000000047]},"properties":{"CameraID":1375,"CameraTitle":"I-405 at MP 13.5: NE 4th St","ImageURL":"https://images.wsdot.wa.gov/nw/405vc01355.jpg","WSDOTSRID":"405        ","CompassDirection":"B","Latitude":47.613633999999998,"Longitude":-122.188441,"CameraOwnerName":null,"CameraOwnerURL":null,"ImageWidth":335,"ImageHeight":249}},{"type":"Feature","id":1376,"geometry":{"type":"Point","coordinates":[-122.18889999999999,47.615400000000079]},"properties":{"CameraID":1376,"CameraTitle":"I-405 at MP 13.6: NE 6th St","ImageURL":"https://images.wsdot.wa.gov/nw/405vc01368.jpg","WSDOTSRID":"405        ","CompassDirection":"B","Latitude":47.615400000000001,"Longitude":-122.1889,"CameraOwnerName":null,"CameraOwnerURL":null,"ImageWidth":335,"ImageHeight":249}},{"type":"Feature","id":1377,"geometry":{"type":"Point","coordinates":[-122.18917899999997,47.624113000000079]},"properties":{"CameraID":1377,"CameraTitle":"I-405 at MP 14.2: NE 14th St","ImageURL":"https://images.wsdot.wa.gov/nw/405vc01427.jpg","WSDOTSRID":"405        ","CompassDirection":"B","Latitude":47.624113000000001,"Longitude":-122.189179,"CameraOwnerName":null,"CameraOwnerURL":null,"ImageWidth":335,"ImageHeight":249}},{"type":"Feature","id":1379,"geometry":{"type":"Point","coordinates":[-122.18652599999996,47.645260000000064]},"properties":{"CameraID":1379,"CameraTitle":"I-405 at MP 15.7: NE 40th St","ImageURL":"https://images.wsdot.wa.gov/nw/405vc01575.jpg","WSDOTSRID":"405        ","CompassDirection":"B","Latitude":47.64526,"Longitude":-122.186526,"CameraOwnerName":null,"CameraOwnerURL":null,"ImageWidth":335,"ImageHeight":249}},{"type":"Feature","id":1380,"geometry":{"type":"Point","coordinates":[-122.18748999999997,47.669434000000081]},"properties":{"CameraID":1380,"CameraTitle":"I-405 at MP 17.4: NE 70nd Pl","ImageURL":"https://images.wsdot.wa.gov/nw/405vc01742.jpg","WSDOTSRID":"405        ","CompassDirection":"B","Latitude":47.669434000000003,"Longitude":-122.18749,"CameraOwnerName":null,"CameraOwnerURL":null,"ImageWidth":335,"ImageHeight":249}},{"type":"Feature","id":1381,"geometry":{"type":"Point","coordinates":[-122.18132299999996,47.689710000000048]},"properties":{"CameraID":1381,"CameraTitle":"I-405 at MP 18.8: NE 100th St","ImageURL":"https://images.wsdot.wa.gov/nw/405vc01887.jpg","WSDOTSRID":"405        ","CompassDirection":"B","Latitude":47.689709999999998,"Longitude":-122.18132300000001,"CameraOwnerName":null,"CameraOwnerURL":null,"ImageWidth":335,"ImageHeight":249}},{"type":"Feature","id":1382,"geometry":{"type":"Point","coordinates":[-122.18933799999996,47.729810000000043]},"properties":{"CameraID":1382,"CameraTitle":"I-405 at MP 21.8: NE 144th St","ImageURL":"https://images.wsdot.wa.gov/nw/405vc02182.jpg","WSDOTSRID":"405        ","CompassDirection":"B","Latitude":47.729810000000001,"Longitude":-122.18933800000001,"CameraOwnerName":null,"CameraOwnerURL":null,"ImageWidth":335,"ImageHeight":249}},{"type":"Feature","id":1383,"geometry":{"type":"Point","coordinates":[-122.18455699999998,47.758480000000077]},"properties":{"CameraID":1383,"CameraTitle":"I-405 at MP 23.6: SR 522 Interchange","ImageURL":"https://images.wsdot.wa.gov/nw/405vc02371.jpg","WSDOTSRID":"405        ","CompassDirection":"B","Latitude":47.758479999999999,"Longitude":-122.184557,"CameraOwnerName":null,"CameraOwnerURL":null,"ImageWidth":335,"ImageHeight":249}},{"type":"Feature","id":1384,"geometry":{"type":"Point","coordinates":[-122.19459999999998,47.78350000000006]},"properties":{"CameraID":1384,"CameraTitle":"I-405 at MP 25.5: 236th St SE, SB","ImageURL":"https://images.wsdot.wa.gov/nw/405vc02553.jpg","WSDOTSRID":"405        ","CompassDirection":"S","Latitude":47.783499999999997,"Longitude":-122.19459999999999,"CameraOwnerName":null,"CameraOwnerURL":null,"ImageWidth":335,"ImageHeight":249}},{"type":"Feature","id":1385,"geometry":{"type":"Point","coordinates":[-122.19529299999999,47.784913000000074]},"properties":{"CameraID":1385,"CameraTitle":"I-405 at MP 25.6: 236th St SE, NB","ImageURL":"https://images.wsdot.wa.gov/nw/405vc02563.jpg","WSDOTSRID":"405        ","CompassDirection":"N","Latitude":47.784913000000003,"Longitude":-122.19529300000001,"CameraOwnerName":null,"CameraOwnerURL":null,"ImageWidth":335,"ImageHeight":249}},{"type":"Feature","id":1387,"geometry":{"type":"Point","coordinates":[-122.21388199999996,47.794210000000078]},"properties":{"CameraID":1387,"CameraTitle":"I-405 at MP 26.6: SR 527, Westside","ImageURL":"https://images.wsdot.wa.gov/nw/405vc02665.jpg","WSDOTSRID":"405        ","CompassDirection":"B","Latitude":47.79421,"Longitude":-122.213882,"CameraOwnerName":null,"CameraOwnerURL":null,"ImageWidth":335,"ImageHeight":249}},{"type":"Feature","id":1388,"geometry":{"type":"Point","coordinates":[-122.21399999999994,47.794900000000041]},"properties":{"CameraID":1388,"CameraTitle":"I-405 at MP 26.7: SR 527, Median","ImageURL":"https://images.wsdot.wa.gov/nw/405vc02674.jpg","WSDOTSRID":"405        ","CompassDirection":"B","Latitude":47.794899999999998,"Longitude":-122.214,"CameraOwnerName":null,"CameraOwnerURL":null,"ImageWidth":335,"ImageHeight":249}},{"type":"Feature","id":1389,"geometry":{"type":"Point","coordinates":[-122.22466599999996,47.801781000000062]},"properties":{"CameraID":1389,"CameraTitle":"I-405 at MP 27.4: 216th St SE","ImageURL":"https://images.wsdot.wa.gov/nw/405vc02745.jpg","WSDOTSRID":"405        ","CompassDirection":"B","Latitude":47.801780999999998,"Longitude":-122.224666,"CameraOwnerName":null,"CameraOwnerURL":null,"ImageWidth":335,"ImageHeight":249}},{"type":"Feature","id":1390,"geometry":{"type":"Point","coordinates":[-122.24213799999995,47.819649000000027]},"properties":{"CameraID":1390,"CameraTitle":"I-405 at MP 28.9: Damson Rd","ImageURL":"https://images.wsdot.wa.gov/nw/405vc02895.jpg","WSDOTSRID":"405        ","CompassDirection":"B","Latitude":47.819648999999998,"Longitude":-122.242138,"CameraOwnerName":null,"CameraOwnerURL":null,"ImageWidth":335,"ImageHeight":249}},{"type":"Feature","id":1392,"geometry":{"type":"Point","coordinates":[-122.33201299999996,47.253197000000057]},"properties":{"CameraID":1392,"CameraTitle":"I-5 at MP 139.2: Emerald St","ImageURL":"https://images.wsdot.wa.gov/nw/005vc13921.jpg","WSDOTSRID":"005        ","CompassDirection":"B","Latitude":47.253197,"Longitude":-122.332013,"CameraOwnerName":null,"CameraOwnerURL":null,"ImageWidth":335,"ImageHeight":249}},{"type":"Feature","id":1393,"geometry":{"type":"Point","coordinates":[-122.32972399999994,47.257490000000075]},"properties":{"CameraID":1393,"CameraTitle":"I-5 at MP 139.5: Pierce Co Line","ImageURL":"https://images.wsdot.wa.gov/nw/005vc13951.jpg","WSDOTSRID":"005        ","CompassDirection":"B","Latitude":47.257489999999997,"Longitude":-122.329724,"CameraOwnerName":null,"CameraOwnerURL":null,"ImageWidth":335,"ImageHeight":249}},{"type":"Feature","id":1394,"geometry":{"type":"Point","coordinates":[-122.30171299999995,47.30344800000006]},"properties":{"CameraID":1394,"CameraTitle":"I-5 at MP 143: S 333rd St","ImageURL":"https://images.wsdot.wa.gov/nw/005vc14300.jpg","WSDOTSRID":"005        ","CompassDirection":"B","Latitude":47.303448000000003,"Longitude":-122.30171300000001,"CameraOwnerName":null,"CameraOwnerURL":null,"ImageWidth":335,"ImageHeight":249}},{"type":"Feature","id":1395,"geometry":{"type":"Point","coordinates":[-122.29625199999998,47.317485000000033]},"properties":{"CameraID":1395,"CameraTitle":"I-5 at MP 144: S 317th St","ImageURL":"https://images.wsdot.wa.gov/nw/005vc14400.jpg","WSDOTSRID":"005        ","CompassDirection":"B","Latitude":47.317484999999998,"Longitude":-122.296252,"CameraOwnerName":null,"CameraOwnerURL":null,"ImageWidth":335,"ImageHeight":249}},{"type":"Feature","id":1396,"geometry":{"type":"Point","coordinates":[-122.29399399999994,47.326054000000056]},"properties":{"CameraID":1396,"CameraTitle":"I-5 at MP 144.6: S 308th St","ImageURL":"https://images.wsdot.wa.gov/nw/005vc14460.jpg","WSDOTSRID":"005        ","CompassDirection":"B","Latitude":47.326053999999999,"Longitude":-122.293994,"CameraOwnerName":null,"CameraOwnerURL":null,"ImageWidth":335,"ImageHeight":249}},{"type":"Feature","id":1397,"geometry":{"type":"Point","coordinates":[-122.29312699999997,47.336258000000043]},"properties":{"CameraID":1397,"CameraTitle":"I-5 at MP 145.3: S 296th St","ImageURL":"https://images.wsdot.wa.gov/nw/005vc14531.jpg","WSDOTSRID":"005        ","CompassDirection":"B","Latitude":47.336258000000001,"Longitude":-122.293127,"CameraOwnerName":null,"CameraOwnerURL":null,"ImageWidth":335,"ImageHeight":249}},{"type":"Feature","id":1398,"geometry":{"type":"Point","coordinates":[-122.29623099999998,47.357842000000062]},"properties":{"CameraID":1398,"CameraTitle":"I-5 at MP 146.8: S 272nd St","ImageURL":"https://images.wsdot.wa.gov/nw/005vc14683.jpg","WSDOTSRID":"005        ","CompassDirection":"B","Latitude":47.357841999999998,"Longitude":-122.29623100000001,"CameraOwnerName":null,"CameraOwnerURL":null,"ImageWidth":335,"ImageHeight":249}},{"type":"Feature","id":1399,"geometry":{"type":"Point","coordinates":[-122.29041099999995,47.380906000000039]},"properties":{"CameraID":1399,"CameraTitle":"I-5 at MP 148.4: S 248th St","ImageURL":"https://images.wsdot.wa.gov/nw/005vc14844.jpg","WSDOTSRID":"005        ","CompassDirection":"B","Latitude":47.380906000000003,"Longitude":-122.29041100000001,"CameraOwnerName":null,"CameraOwnerURL":null,"ImageWidth":335,"ImageHeight":249}},{"type":"Feature","id":1400,"geometry":{"type":"Point","coordinates":[-122.29166799999996,47.408608000000072]},"properties":{"CameraID":1400,"CameraTitle":"I-5 at MP 150.3: S 216th St","ImageURL":"https://images.wsdot.wa.gov/nw/005vc15036.jpg","WSDOTSRID":"005        ","CompassDirection":"B","Latitude":47.408608000000001,"Longitude":-122.291668,"CameraOwnerName":null,"CameraOwnerURL":null,"ImageWidth":335,"ImageHeight":249}},{"type":"Feature","id":1401,"geometry":{"type":"Point","coordinates":[-122.26399099999998,47.457242000000065]},"properties":{"CameraID":1401,"CameraTitle":"I-5 at MP 154.1: Klickitat Rd","ImageURL":"https://images.wsdot.wa.gov/nw/005vc15410.jpg","WSDOTSRID":"005        ","CompassDirection":"B","Latitude":47.457242000000001,"Longitude":-122.263991,"CameraOwnerName":null,"CameraOwnerURL":null,"ImageWidth":335,"ImageHeight":249}},{"type":"Feature","id":1402,"geometry":{"type":"Point","coordinates":[-122.27149999999995,47.474234000000081]},"properties":{"CameraID":1402,"CameraTitle":"I-5 at MP 155.3: S 144th St","ImageURL":"https://images.wsdot.wa.gov/nw/005vc15531.jpg","WSDOTSRID":"005        ","CompassDirection":"B","Latitude":47.474234000000003,"Longitude":-122.2715,"CameraOwnerName":null,"CameraOwnerURL":null,"ImageWidth":335,"ImageHeight":249}},{"type":"Feature","id":1403,"geometry":{"type":"Point","coordinates":[-122.29684999999995,47.535350000000051]},"properties":{"CameraID":1403,"CameraTitle":"I-5 at MP 160: S Webster St","ImageURL":"https://images.wsdot.wa.gov/nw/005vc16006.jpg","WSDOTSRID":"005        ","CompassDirection":"B","Latitude":47.535350000000001,"Longitude":-122.29685000000001,"CameraOwnerName":null,"CameraOwnerURL":null,"ImageWidth":335,"ImageHeight":249}},{"type":"Feature","id":1406,"geometry":{"type":"Point","coordinates":[-122.32209999999998,47.65850000000006]},"properties":{"CameraID":1406,"CameraTitle":"I-5 at MP 169.1: NE 42nd St Ramp","ImageURL":"https://images.wsdot.wa.gov/nw/005vc16913.jpg","WSDOTSRID":"005        ","CompassDirection":"B","Latitude":47.658499999999997,"Longitude":-122.32210000000001,"CameraOwnerName":null,"CameraOwnerURL":null,"ImageWidth":335,"ImageHeight":249}},{"type":"Feature","id":1409,"geometry":{"type":"Point","coordinates":[-122.32969999999995,47.706800000000044]},"properties":{"CameraID":1409,"CameraTitle":"I-5 at MP 172.6: NE 107th St","ImageURL":"https://images.wsdot.wa.gov/nw/005vc17263.jpg","WSDOTSRID":"005        ","CompassDirection":"B","Latitude":47.706800000000001,"Longitude":-122.3297,"CameraOwnerName":null,"CameraOwnerURL":null,"ImageWidth":335,"ImageHeight":249}},{"type":"Feature","id":1411,"geometry":{"type":"Point","coordinates":[-122.32378399999999,47.723235000000045]},"properties":{"CameraID":1411,"CameraTitle":"I-5 at MP 173.8: NE 130th St","ImageURL":"https://images.wsdot.wa.gov/nw/005vc17386.jpg","WSDOTSRID":"005        ","CompassDirection":"B","Latitude":47.723235000000003,"Longitude":-122.323784,"CameraOwnerName":null,"CameraOwnerURL":null,"ImageWidth":335,"ImageHeight":249}},{"type":"Feature","id":1412,"geometry":{"type":"Point","coordinates":[-122.25789999999995,47.849700000000041]},"properties":{"CameraID":1412,"CameraTitle":"I-5 at MP 183.8: 164th St, Ramp","ImageURL":"https://images.wsdot.wa.gov/nw/005vc18389.jpg","WSDOTSRID":"005        ","CompassDirection":"B","Latitude":47.849699999999999,"Longitude":-122.25790000000001,"CameraOwnerName":null,"CameraOwnerURL":null,"ImageWidth":335,"ImageHeight":249}},{"type":"Feature","id":1413,"geometry":{"type":"Point","coordinates":[-122.22139999999996,47.890900000000045]},"properties":{"CameraID":1413,"CameraTitle":"I-5 at MP 187.2: 118th St SW","ImageURL":"https://images.wsdot.wa.gov/nw/005vc18726.jpg","WSDOTSRID":"005        ","CompassDirection":"B","Latitude":47.890900000000002,"Longitude":-122.2214,"CameraOwnerName":null,"CameraOwnerURL":null,"ImageWidth":335,"ImageHeight":249}},{"type":"Feature","id":1416,"geometry":{"type":"Point","coordinates":[-122.20747699999998,47.91644000000008]},"properties":{"CameraID":1416,"CameraTitle":"I-5 at MP 189.1: Everett Mall Way","ImageURL":"https://images.wsdot.wa.gov/nw/005vc18918.jpg","WSDOTSRID":"005        ","CompassDirection":"B","Latitude":47.916440000000001,"Longitude":-122.207477,"CameraOwnerName":null,"CameraOwnerURL":null,"ImageWidth":335,"ImageHeight":249}},{"type":"Feature","id":1417,"geometry":{"type":"Point","coordinates":[-122.20590599999997,47.919980000000066]},"properties":{"CameraID":1417,"CameraTitle":"I-5 at MP 189.4: Broadway SB Ramp","ImageURL":"https://images.wsdot.wa.gov/nw/005vc18943.jpg","WSDOTSRID":"005        ","CompassDirection":"B","Latitude":47.919980000000002,"Longitude":-122.205906,"CameraOwnerName":null,"CameraOwnerURL":null,"ImageWidth":335,"ImageHeight":249}},{"type":"Feature","id":1418,"geometry":{"type":"Point","coordinates":[-122.20305899999994,47.926762000000053]},"properties":{"CameraID":1418,"CameraTitle":"I-5 at MP 189.9: 77th St SE","ImageURL":"https://images.wsdot.wa.gov/nw/005vc18997.jpg","WSDOTSRID":"005        ","CompassDirection":"B","Latitude":47.926761999999997,"Longitude":-122.203059,"CameraOwnerName":null,"CameraOwnerURL":null,"ImageWidth":335,"ImageHeight":249}},{"type":"Feature","id":1419,"geometry":{"type":"Point","coordinates":[-122.19626999999997,47.931853000000046]},"properties":{"CameraID":1419,"CameraTitle":"I-5 at MP 190.3: 73rd St SE, SB","ImageURL":"https://images.wsdot.wa.gov/nw/005vc19039.jpg","WSDOTSRID":"005        ","CompassDirection":"B","Latitude":47.931852999999997,"Longitude":-122.19627,"CameraOwnerName":null,"CameraOwnerURL":null,"ImageWidth":335,"ImageHeight":249}},{"type":"Feature","id":1420,"geometry":{"type":"Point","coordinates":[-122.19649999999996,47.932300000000055]},"properties":{"CameraID":1420,"CameraTitle":"I-5 at MP 190.4: 73rd St SE, NB","ImageURL":"https://images.wsdot.wa.gov/nw/005vc19041.jpg","WSDOTSRID":"005        ","CompassDirection":"B","Latitude":47.932299999999998,"Longitude":-122.1965,"CameraOwnerName":null,"CameraOwnerURL":null,"ImageWidth":335,"ImageHeight":249}},{"type":"Feature","id":1421,"geometry":{"type":"Point","coordinates":[-122.19714299999998,47.942813000000058]},"properties":{"CameraID":1421,"CameraTitle":"I-5 at MP 191.1: 61st St SE, NB","ImageURL":"https://images.wsdot.wa.gov/nw/005vc19115.jpg","WSDOTSRID":"005        ","CompassDirection":"B","Latitude":47.942813000000001,"Longitude":-122.197143,"CameraOwnerName":null,"CameraOwnerURL":null,"ImageWidth":335,"ImageHeight":249}},{"type":"Feature","id":1422,"geometry":{"type":"Point","coordinates":[-122.19690399999996,47.943519000000038]},"properties":{"CameraID":1422,"CameraTitle":"I-5 at MP 191.2: 60th St SE, SB","ImageURL":"https://images.wsdot.wa.gov/nw/005vc19120.jpg","WSDOTSRID":"005        ","CompassDirection":"B","Latitude":47.943519000000002,"Longitude":-122.196904,"CameraOwnerName":null,"CameraOwnerURL":null,"ImageWidth":335,"ImageHeight":249}},{"type":"Feature","id":1423,"geometry":{"type":"Point","coordinates":[-122.19899999999996,47.950900000000047]},"properties":{"CameraID":1423,"CameraTitle":"I-5 at MP 191.6: 52nd St SE","ImageURL":"https://images.wsdot.wa.gov/nw/005vc19169.jpg","WSDOTSRID":"005        ","CompassDirection":"B","Latitude":47.950899999999997,"Longitude":-122.199,"CameraOwnerName":null,"CameraOwnerURL":null,"ImageWidth":335,"ImageHeight":249}},{"type":"Feature","id":1424,"geometry":{"type":"Point","coordinates":[-122.19922299999996,47.954721000000063]},"properties":{"CameraID":1424,"CameraTitle":"I-5 at MP 191.9: 47th St SE","ImageURL":"https://images.wsdot.wa.gov/nw/005vc19195.jpg","WSDOTSRID":"005        ","CompassDirection":"B","Latitude":47.954720999999999,"Longitude":-122.199223,"CameraOwnerName":null,"CameraOwnerURL":null,"ImageWidth":335,"ImageHeight":249}},{"type":"Feature","id":1425,"geometry":{"type":"Point","coordinates":[-122.19951999999995,47.959895000000074]},"properties":{"CameraID":1425,"CameraTitle":"I-5 at MP 192.3: 43rd St SE","ImageURL":"https://images.wsdot.wa.gov/nw/005vc19234.jpg","WSDOTSRID":"005        ","CompassDirection":"B","Latitude":47.959895000000003,"Longitude":-122.19952000000001,"CameraOwnerName":null,"CameraOwnerURL":null,"ImageWidth":335,"ImageHeight":249}},{"type":"Feature","id":1426,"geometry":{"type":"Point","coordinates":[-122.19901999999996,47.964481000000035]},"properties":{"CameraID":1426,"CameraTitle":"I-5 at MP 192.6: 41st St","ImageURL":"https://images.wsdot.wa.gov/nw/005vc19267.jpg","WSDOTSRID":"005        ","CompassDirection":"B","Latitude":47.964480999999999,"Longitude":-122.19902,"CameraOwnerName":null,"CameraOwnerURL":null,"ImageWidth":335,"ImageHeight":249}},{"type":"Feature","id":1427,"geometry":{"type":"Point","coordinates":[-122.19956699999994,47.956425000000081]},"properties":{"CameraID":1427,"CameraTitle":"I-5 at MP 192.7: 40th St","ImageURL":"https://images.wsdot.wa.gov/nw/005vc19273.jpg","WSDOTSRID":"005        ","CompassDirection":"B","Latitude":47.956425000000003,"Longitude":-122.199567,"CameraOwnerName":null,"CameraOwnerURL":null,"ImageWidth":335,"ImageHeight":249}},{"type":"Feature","id":1428,"geometry":{"type":"Point","coordinates":[-122.19669999999996,47.969300000000032]},"properties":{"CameraID":1428,"CameraTitle":"I-5 at MP 193: 36th St","ImageURL":"https://images.wsdot.wa.gov/nw/005vc19303.jpg","WSDOTSRID":"005        ","CompassDirection":"B","Latitude":47.969299999999997,"Longitude":-122.19670000000001,"CameraOwnerName":null,"CameraOwnerURL":null,"ImageWidth":335,"ImageHeight":249}},{"type":"Feature","id":1429,"geometry":{"type":"Point","coordinates":[-122.19089999999994,47.975600000000043]},"properties":{"CameraID":1429,"CameraTitle":"I-5 at MP 193.5: Pacific Ave","ImageURL":"https://images.wsdot.wa.gov/nw/005vc19357.jpg","WSDOTSRID":"005        ","CompassDirection":"B","Latitude":47.9756,"Longitude":-122.1909,"CameraOwnerName":null,"CameraOwnerURL":null,"ImageWidth":335,"ImageHeight":249}},{"type":"Feature","id":1430,"geometry":{"type":"Point","coordinates":[-122.18623199999996,47.982032000000061]},"properties":{"CameraID":1430,"CameraTitle":"I-5 at MP 194: Everett Ave","ImageURL":"https://images.wsdot.wa.gov/nw/005vc19406.jpg","WSDOTSRID":"005        ","CompassDirection":"B","Latitude":47.982031999999997,"Longitude":-122.186232,"CameraOwnerName":null,"CameraOwnerURL":null,"ImageWidth":335,"ImageHeight":249}},{"type":"Feature","id":1431,"geometry":{"type":"Point","coordinates":[-122.18258699999996,47.990392000000043]},"properties":{"CameraID":1431,"CameraTitle":"I-5 at MP 194.6: Marine View Dr","ImageURL":"https://images.wsdot.wa.gov/nw/005vc19469.jpg","WSDOTSRID":"005        ","CompassDirection":"B","Latitude":47.990392,"Longitude":-122.182587,"CameraOwnerName":null,"CameraOwnerURL":null,"ImageWidth":335,"ImageHeight":249}},{"type":"Feature","id":1433,"geometry":{"type":"Point","coordinates":[-122.18869699999999,48.152468000000056]},"properties":{"CameraID":1433,"CameraTitle":"I-5 at MP 206: SR 531 Interchange","ImageURL":"https://images.wsdot.wa.gov/nw/005vc20609.jpg","WSDOTSRID":"005        ","CompassDirection":"B","Latitude":48.152467999999999,"Longitude":-122.188697,"CameraOwnerName":null,"CameraOwnerURL":null,"ImageWidth":335,"ImageHeight":249}},{"type":"Feature","id":1434,"geometry":{"type":"Point","coordinates":[-122.32914999999997,47.594500000000039]},"properties":{"CameraID":1434,"CameraTitle":"I-90 at MP 2: 4th Ave S, EB","ImageURL":"https://images.wsdot.wa.gov/nw/090vc00207.jpg","WSDOTSRID":"090        ","CompassDirection":"B","Latitude":47.594499999999996,"Longitude":-122.32915,"CameraOwnerName":null,"CameraOwnerURL":null,"ImageWidth":335,"ImageHeight":249}},{"type":"Feature","id":1435,"geometry":{"type":"Point","coordinates":[-122.32399999999996,47.592800000000068]},"properties":{"CameraID":1435,"CameraTitle":"I-90 at MP 2.3: Airport Way, WB","ImageURL":"https://images.wsdot.wa.gov/nw/090vc00237.jpg","WSDOTSRID":"090        ","CompassDirection":"B","Latitude":47.592799999999997,"Longitude":-122.324,"CameraOwnerName":null,"CameraOwnerURL":null,"ImageWidth":335,"ImageHeight":249}},{"type":"Feature","id":1436,"geometry":{"type":"Point","coordinates":[-122.31732699999998,47.594823000000076]},"properties":{"CameraID":1436,"CameraTitle":"I-90 at MP 2.7: 12th Ave S, WB","ImageURL":"https://images.wsdot.wa.gov/nw/090vc00272.jpg","WSDOTSRID":"090        ","CompassDirection":"B","Latitude":47.594822999999998,"Longitude":-122.31732700000001,"CameraOwnerName":null,"CameraOwnerURL":null,"ImageWidth":335,"ImageHeight":249}},{"type":"Feature","id":1437,"geometry":{"type":"Point","coordinates":[-122.31732299999999,47.594821000000081]},"properties":{"CameraID":1437,"CameraTitle":"I-90 at MP 2.7: 12th Ave S, EB","ImageURL":"https://images.wsdot.wa.gov/nw/090vc00271.jpg","WSDOTSRID":"090        ","CompassDirection":"B","Latitude":47.594821000000003,"Longitude":-122.317323,"CameraOwnerName":null,"CameraOwnerURL":null,"ImageWidth":335,"ImageHeight":249}},{"type":"Feature","id":1438,"geometry":{"type":"Point","coordinates":[-122.30461999999994,47.590003000000081]},"properties":{"CameraID":1438,"CameraTitle":"I-90 at MP 3.4: 23rd Ave S","ImageURL":"https://images.wsdot.wa.gov/nw/090vc00346.jpg","WSDOTSRID":"090        ","CompassDirection":"B","Latitude":47.590003000000003,"Longitude":-122.30462,"CameraOwnerName":null,"CameraOwnerURL":null,"ImageWidth":335,"ImageHeight":249}},{"type":"Feature","id":1444,"geometry":{"type":"Point","coordinates":[-122.23439999999999,47.588300000000061]},"properties":{"CameraID":1444,"CameraTitle":"I-90 at MP 6.8: 77th Ave SE","ImageURL":"https://images.wsdot.wa.gov/nw/090vc00687.jpg","WSDOTSRID":"090        ","CompassDirection":"B","Latitude":47.588299999999997,"Longitude":-122.23439999999999,"CameraOwnerName":null,"CameraOwnerURL":null,"ImageWidth":335,"ImageHeight":249}},{"type":"Feature","id":1445,"geometry":{"type":"Point","coordinates":[-122.23007999999999,47.586690000000033]},"properties":{"CameraID":1445,"CameraTitle":"I-90 at MP 7.1: ICW Tunnel","ImageURL":"https://images.wsdot.wa.gov/nw/090vc00710.jpg","WSDOTSRID":"090        ","CompassDirection":"B","Latitude":47.586689999999997,"Longitude":-122.23008,"CameraOwnerName":null,"CameraOwnerURL":null,"ImageWidth":335,"ImageHeight":249}},{"type":"Feature","id":1446,"geometry":{"type":"Point","coordinates":[-122.22989599999994,47.587500000000034]},"properties":{"CameraID":1446,"CameraTitle":"I-90 at MP 7.1: Island Crest Way","ImageURL":"https://images.wsdot.wa.gov/nw/090vc00714.jpg","WSDOTSRID":"090        ","CompassDirection":"B","Latitude":47.587499999999999,"Longitude":-122.229896,"CameraOwnerName":null,"CameraOwnerURL":null,"ImageWidth":335,"ImageHeight":209}},{"type":"Feature","id":1448,"geometry":{"type":"Point","coordinates":[-122.21569999999997,47.580100000000073]},"properties":{"CameraID":1448,"CameraTitle":"I-90 at MP 7.8: Shorewood","ImageURL":"https://images.wsdot.wa.gov/nw/090vc00789.jpg","WSDOTSRID":"090        ","CompassDirection":"B","Latitude":47.580100000000002,"Longitude":-122.2157,"CameraOwnerName":null,"CameraOwnerURL":null,"ImageWidth":335,"ImageHeight":249}},{"type":"Feature","id":1449,"geometry":{"type":"Point","coordinates":[-122.20738999999998,47.577869000000078]},"properties":{"CameraID":1449,"CameraTitle":"I-90 at MP 8.3: E Mercer Way","ImageURL":"https://images.wsdot.wa.gov/nw/090vc00835.jpg","WSDOTSRID":"090        ","CompassDirection":"B","Latitude":47.577869,"Longitude":-122.20739,"CameraOwnerName":null,"CameraOwnerURL":null,"ImageWidth":335,"ImageHeight":249}},{"type":"Feature","id":1450,"geometry":{"type":"Point","coordinates":[-122.12237999999996,47.574998000000051]},"properties":{"CameraID":1450,"CameraTitle":"I-90 at MP 12.4: 163rd Ave SE","ImageURL":"https://images.wsdot.wa.gov/nw/090vc01243.jpg","WSDOTSRID":"090        ","CompassDirection":"B","Latitude":47.574998000000001,"Longitude":-122.12238000000001,"CameraOwnerName":null,"CameraOwnerURL":null,"ImageWidth":335,"ImageHeight":249}},{"type":"Feature","id":1451,"geometry":{"type":"Point","coordinates":[-122.08616399999994,47.557970000000068]},"properties":{"CameraID":1451,"CameraTitle":"I-90 at MP 14.4: 192nd Ave SE","ImageURL":"https://images.wsdot.wa.gov/nw/090vc01446.jpg","WSDOTSRID":"090        ","CompassDirection":"B","Latitude":47.557969999999997,"Longitude":-122.086164,"CameraOwnerName":null,"CameraOwnerURL":null,"ImageWidth":335,"ImageHeight":249}},{"type":"Feature","id":1452,"geometry":{"type":"Point","coordinates":[-122.03818399999994,47.541448000000059]},"properties":{"CameraID":1452,"CameraTitle":"I-90 at MP 17: Front St","ImageURL":"https://images.wsdot.wa.gov/nw/090vc01702.jpg","WSDOTSRID":"090        ","CompassDirection":"B","Latitude":47.541448000000003,"Longitude":-122.038184,"CameraOwnerName":null,"CameraOwnerURL":null,"ImageWidth":335,"ImageHeight":249}},{"type":"Feature","id":1453,"geometry":{"type":"Point","coordinates":[-122.03558699999996,47.540245000000027]},"properties":{"CameraID":1453,"CameraTitle":"I-90 at MP 17.1: Front St EB Ramp","ImageURL":"https://images.wsdot.wa.gov/nw/090vc01717.jpg","WSDOTSRID":"090        ","CompassDirection":"B","Latitude":47.540244999999999,"Longitude":-122.03558700000001,"CameraOwnerName":null,"CameraOwnerURL":null,"ImageWidth":335,"ImageHeight":249}},{"type":"Feature","id":1454,"geometry":{"type":"Point","coordinates":[-122.01235799999995,47.536107000000072]},"properties":{"CameraID":1454,"CameraTitle":"I-90 at MP 18.6: 246th Ave SE, WB","ImageURL":"https://images.wsdot.wa.gov/nw/090vc01864.jpg","WSDOTSRID":"090        ","CompassDirection":"W","Latitude":47.536107000000001,"Longitude":-122.01235800000001,"CameraOwnerName":null,"CameraOwnerURL":null,"ImageWidth":335,"ImageHeight":249}},{"type":"Feature","id":1455,"geometry":{"type":"Point","coordinates":[-122.00907299999994,47.536523000000045]},"properties":{"CameraID":1455,"CameraTitle":"I-90 at MP 18.8: 246th Ave SE, EB","ImageURL":"https://images.wsdot.wa.gov/nw/090vc01880.jpg","WSDOTSRID":"090        ","CompassDirection":"E","Latitude":47.536523000000003,"Longitude":-122.009073,"CameraOwnerName":null,"CameraOwnerURL":null,"ImageWidth":335,"ImageHeight":249}},{"type":"Feature","id":1456,"geometry":{"type":"Point","coordinates":[-121.99742299999997,47.532746000000031]},"properties":{"CameraID":1456,"CameraTitle":"I-90 at MP 19.4: 256th Ave SE","ImageURL":"https://images.wsdot.wa.gov/nw/090vc01941.jpg","WSDOTSRID":"090        ","CompassDirection":"B","Latitude":47.532746000000003,"Longitude":-121.997423,"CameraOwnerName":null,"CameraOwnerURL":null,"ImageWidth":335,"ImageHeight":249}},{"type":"Feature","id":1457,"geometry":{"type":"Point","coordinates":[-122.36882499999996,47.791551000000027]},"properties":{"CameraID":1457,"CameraTitle":"SR 104 at MP 26.3: Near 100th Ave W","ImageURL":"https://images.wsdot.wa.gov/nw/104vc02630.jpg","WSDOTSRID":"104        ","CompassDirection":"B","Latitude":47.791550999999998,"Longitude":-122.368825,"CameraOwnerName":null,"CameraOwnerURL":null,"ImageWidth":335,"ImageHeight":249}},{"type":"Feature","id":1458,"geometry":{"type":"Point","coordinates":[-122.29480499999994,47.257691000000079]},"properties":{"CameraID":1458,"CameraTitle":"SR 161 at MP 32.5: Military Rd","ImageURL":"https://images.wsdot.wa.gov/nw/161vc03384.jpg","WSDOTSRID":"161        ","CompassDirection":"B","Latitude":47.257691000000001,"Longitude":-122.294805,"CameraOwnerName":null,"CameraOwnerURL":null,"ImageWidth":335,"ImageHeight":249}},{"type":"Feature","id":1459,"geometry":{"type":"Point","coordinates":[-122.30596599999996,47.272738000000061]},"properties":{"CameraID":1459,"CameraTitle":"SR 161 at MP 33.7: 19th Way S","ImageURL":"https://images.wsdot.wa.gov/nw/161vc03500.jpg","WSDOTSRID":"161        ","CompassDirection":"B","Latitude":47.272737999999997,"Longitude":-122.305966,"CameraOwnerName":null,"CameraOwnerURL":null,"ImageWidth":335,"ImageHeight":249}},{"type":"Feature","id":1461,"geometry":{"type":"Point","coordinates":[-122.24842099999995,47.308428000000049]},"properties":{"CameraID":1461,"CameraTitle":"SR 167 at MP 14.7: W Main St","ImageURL":"https://images.wsdot.wa.gov/nw/167vc01477.jpg","WSDOTSRID":"167        ","CompassDirection":"B","Latitude":47.308427999999999,"Longitude":-122.24842099999999,"CameraOwnerName":null,"CameraOwnerURL":null,"ImageWidth":335,"ImageHeight":249}},{"type":"Feature","id":1462,"geometry":{"type":"Point","coordinates":[-122.24461099999996,47.341643000000033]},"properties":{"CameraID":1462,"CameraTitle":"SR 167 at MP 17.1: 37th St NW","ImageURL":"https://images.wsdot.wa.gov/nw/167vc01710.jpg","WSDOTSRID":"167        ","CompassDirection":"B","Latitude":47.341642999999998,"Longitude":-122.24461100000001,"CameraOwnerName":null,"CameraOwnerURL":null,"ImageWidth":335,"ImageHeight":249}},{"type":"Feature","id":1463,"geometry":{"type":"Point","coordinates":[-122.24435099999999,47.369028000000071]},"properties":{"CameraID":1463,"CameraTitle":"SR 167 at MP 18.9: Green River","ImageURL":"https://images.wsdot.wa.gov/nw/167vc01899.jpg","WSDOTSRID":"167        ","CompassDirection":"B","Latitude":47.369028,"Longitude":-122.24435099999999,"CameraOwnerName":null,"CameraOwnerURL":null,"ImageWidth":335,"ImageHeight":249}},{"type":"Feature","id":1464,"geometry":{"type":"Point","coordinates":[-122.23773799999998,47.391878000000077]},"properties":{"CameraID":1464,"CameraTitle":"SR 167 at MP 20.6: 4th Ave N","ImageURL":"https://images.wsdot.wa.gov/nw/167vc02069.jpg","WSDOTSRID":"167        ","CompassDirection":"B","Latitude":47.391877999999998,"Longitude":-122.23773799999999,"CameraOwnerName":null,"CameraOwnerURL":null,"ImageWidth":335,"ImageHeight":249}},{"type":"Feature","id":1465,"geometry":{"type":"Point","coordinates":[-122.22099999999995,47.412000000000035]},"properties":{"CameraID":1465,"CameraTitle":"SR 167 at MP 22.4: S 212th St","ImageURL":"https://images.wsdot.wa.gov/nw/167vc02241.jpg","WSDOTSRID":"167        ","CompassDirection":"B","Latitude":47.411999999999999,"Longitude":-122.221,"CameraOwnerName":null,"CameraOwnerURL":null,"ImageWidth":335,"ImageHeight":249}},{"type":"Feature","id":1466,"geometry":{"type":"Point","coordinates":[-122.21627899999999,47.456333000000029]},"properties":{"CameraID":1466,"CameraTitle":"SR 167 at MP 25.3: S 27th Pl","ImageURL":"https://images.wsdot.wa.gov/nw/167vc02548.jpg","WSDOTSRID":"167        ","CompassDirection":"B","Latitude":47.456333000000001,"Longitude":-122.216279,"CameraOwnerName":null,"CameraOwnerURL":null,"ImageWidth":335,"ImageHeight":249}},{"type":"Feature","id":1468,"geometry":{"type":"Point","coordinates":[-122.30257299999994,47.289585000000045]},"properties":{"CameraID":1468,"CameraTitle":"SR 18 at MP 0.1: I-5 Interchange","ImageURL":"https://images.wsdot.wa.gov/nw/018vc00019.jpg","WSDOTSRID":"018        ","CompassDirection":"B","Latitude":47.289585000000002,"Longitude":-122.302573,"CameraOwnerName":null,"CameraOwnerURL":null,"ImageWidth":335,"ImageHeight":249}},{"type":"Feature","id":1469,"geometry":{"type":"Point","coordinates":[-122.29210599999999,47.294129000000055]},"properties":{"CameraID":1469,"CameraTitle":"SR 18 at MP 0.7: Weyerhaeuser Way","ImageURL":"https://images.wsdot.wa.gov/nw/018vc00078.jpg","WSDOTSRID":"018        ","CompassDirection":"B","Latitude":47.294128999999998,"Longitude":-122.292106,"CameraOwnerName":null,"CameraOwnerURL":null,"ImageWidth":335,"ImageHeight":249}},{"type":"Feature","id":1470,"geometry":{"type":"Point","coordinates":[-122.28063199999997,47.300245000000075]},"properties":{"CameraID":1470,"CameraTitle":"SR 18 at MP 1.4: 42nd Ave S","ImageURL":"https://images.wsdot.wa.gov/nw/018vc00146.jpg","WSDOTSRID":"018        ","CompassDirection":"B","Latitude":47.300244999999997,"Longitude":-122.280632,"CameraOwnerName":null,"CameraOwnerURL":null,"ImageWidth":335,"ImageHeight":249}},{"type":"Feature","id":1471,"geometry":{"type":"Point","coordinates":[-122.27133699999996,47.304054000000065]},"properties":{"CameraID":1471,"CameraTitle":"SR 18 at MP 1.9: Peasley Canyon Rd","ImageURL":"https://images.wsdot.wa.gov/nw/018vc00198.jpg","WSDOTSRID":"018        ","CompassDirection":"B","Latitude":47.304054000000001,"Longitude":-122.271337,"CameraOwnerName":null,"CameraOwnerURL":null,"ImageWidth":335,"ImageHeight":249}},{"type":"Feature","id":1472,"geometry":{"type":"Point","coordinates":[-122.26048199999997,47.303645000000074]},"properties":{"CameraID":1472,"CameraTitle":"SR 18 at MP 2.5: West Valley Hwy","ImageURL":"https://images.wsdot.wa.gov/nw/018vc00250.jpg","WSDOTSRID":"018        ","CompassDirection":"B","Latitude":47.303645000000003,"Longitude":-122.260482,"CameraOwnerName":null,"CameraOwnerURL":null,"ImageWidth":335,"ImageHeight":249}},{"type":"Feature","id":1473,"geometry":{"type":"Point","coordinates":[-122.25319099999996,47.302272000000073]},"properties":{"CameraID":1473,"CameraTitle":"SR 18 at MP 2.8: SR 167 Interchange","ImageURL":"https://images.wsdot.wa.gov/nw/018vc00286.jpg","WSDOTSRID":"018        ","CompassDirection":"B","Latitude":47.302272000000002,"Longitude":-122.253191,"CameraOwnerName":null,"CameraOwnerURL":null,"ImageWidth":335,"ImageHeight":249}},{"type":"Feature","id":1474,"geometry":{"type":"Point","coordinates":[-122.23568499999999,47.303336000000058]},"properties":{"CameraID":1474,"CameraTitle":"SR 18 at MP 3.6: C St","ImageURL":"https://images.wsdot.wa.gov/nw/018vc00369.jpg","WSDOTSRID":"018        ","CompassDirection":"B","Latitude":47.303336000000002,"Longitude":-122.235685,"CameraOwnerName":null,"CameraOwnerURL":null,"ImageWidth":335,"ImageHeight":249}},{"type":"Feature","id":1475,"geometry":{"type":"Point","coordinates":[-122.22468999999995,47.303188000000034]},"properties":{"CameraID":1475,"CameraTitle":"SR 18 at MP 4.2: Auburn Way","ImageURL":"https://images.wsdot.wa.gov/nw/018vc00421.jpg","WSDOTSRID":"018        ","CompassDirection":"B","Latitude":47.303187999999999,"Longitude":-122.22469,"CameraOwnerName":null,"CameraOwnerURL":null,"ImageWidth":335,"ImageHeight":249}},{"type":"Feature","id":1476,"geometry":{"type":"Point","coordinates":[-122.10826899999995,47.669949000000031]},"properties":{"CameraID":1476,"CameraTitle":"SR 202 at MP 7.7: SR 520 Interchange","ImageURL":"https://images.wsdot.wa.gov/nw/202vc00770.jpg","WSDOTSRID":"202        ","CompassDirection":"B","Latitude":47.669949000000003,"Longitude":-122.10826900000001,"CameraOwnerName":null,"CameraOwnerURL":null,"ImageWidth":335,"ImageHeight":249}},{"type":"Feature","id":1477,"geometry":{"type":"Point","coordinates":[-122.10034799999994,47.666272000000049]},"properties":{"CameraID":1477,"CameraTitle":"SR 202 at MP 8.1: E Lake Sammamish Pkwy","ImageURL":"https://images.wsdot.wa.gov/nw/202vc00817.jpg","WSDOTSRID":"202        ","CompassDirection":"B","Latitude":47.666271999999999,"Longitude":-122.100348,"CameraOwnerName":null,"CameraOwnerURL":null,"ImageWidth":335,"ImageHeight":249}},{"type":"Feature","id":1478,"geometry":{"type":"Point","coordinates":[-122.09507899999994,47.661080000000027]},"properties":{"CameraID":1478,"CameraTitle":"SR 202 at MP 8.6: 185th Ave NE","ImageURL":"https://images.wsdot.wa.gov/nw/202vc00862.jpg","WSDOTSRID":"202        ","CompassDirection":"B","Latitude":47.661079999999998,"Longitude":-122.095079,"CameraOwnerName":null,"CameraOwnerURL":null,"ImageWidth":335,"ImageHeight":249}},{"type":"Feature","id":1479,"geometry":{"type":"Point","coordinates":[-122.08812999999998,47.657476000000031]},"properties":{"CameraID":1479,"CameraTitle":"SR 202 at MP 9: 188th Ave NE","ImageURL":"https://images.wsdot.wa.gov/nw/202vc00904.jpg","WSDOTSRID":"202        ","CompassDirection":"B","Latitude":47.657476000000003,"Longitude":-122.08813000000001,"CameraOwnerName":null,"CameraOwnerURL":null,"ImageWidth":335,"ImageHeight":249}},{"type":"Feature","id":1481,"geometry":{"type":"Point","coordinates":[-122.06267599999995,47.656507000000033]},"properties":{"CameraID":1481,"CameraTitle":"SR 202 at MP 10.2: Sahalee Way","ImageURL":"https://images.wsdot.wa.gov/nw/202vc01027.jpg","WSDOTSRID":"202        ","CompassDirection":"B","Latitude":47.656506999999998,"Longitude":-122.062676,"CameraOwnerName":null,"CameraOwnerURL":null,"ImageWidth":335,"ImageHeight":209}},{"type":"Feature","id":1484,"geometry":{"type":"Point","coordinates":[-122.30451199999999,47.644237000000032]},"properties":{"CameraID":1484,"CameraTitle":"SR 520 at MP 0.9: Montlake Blvd","ImageURL":"https://images.wsdot.wa.gov/nw/520vc00093.jpg","WSDOTSRID":"520        ","CompassDirection":"B","Latitude":47.644236999999997,"Longitude":-122.304512,"CameraOwnerName":null,"CameraOwnerURL":null,"ImageWidth":335,"ImageHeight":249}},{"type":"Feature","id":1486,"geometry":{"type":"Point","coordinates":[-122.29069899999996,47.644881000000055]},"properties":{"CameraID":1486,"CameraTitle":"SR 520 at MP 1.6: Foster Island","ImageURL":"https://images.wsdot.wa.gov/nw/520vc00158.jpg","WSDOTSRID":"520        ","CompassDirection":"B","Latitude":47.644880999999998,"Longitude":-122.290699,"CameraOwnerName":null,"CameraOwnerURL":null,"ImageWidth":335,"ImageHeight":249}},{"type":"Feature","id":1487,"geometry":{"type":"Point","coordinates":[-122.26244099999997,47.641396000000043]},"properties":{"CameraID":1487,"CameraTitle":"SR 520 at MP 2.9: Mid Bridge","ImageURL":"https://images.wsdot.wa.gov/nw/520vc00293.jpg","WSDOTSRID":"520        ","CompassDirection":"W","Latitude":47.641396,"Longitude":-122.262441,"CameraOwnerName":null,"CameraOwnerURL":null,"ImageWidth":335,"ImageHeight":249}},{"type":"Feature","id":1489,"geometry":{"type":"Point","coordinates":[-122.25247099999996,47.639730000000043]},"properties":{"CameraID":1489,"CameraTitle":"SR 520 at MP 3.4: East Bridge","ImageURL":"https://images.wsdot.wa.gov/nw/520vc00341.jpg","WSDOTSRID":"520        ","CompassDirection":"E","Latitude":47.63973,"Longitude":-122.252471,"CameraOwnerName":null,"CameraOwnerURL":null,"ImageWidth":335,"ImageHeight":249}},{"type":"Feature","id":1491,"geometry":{"type":"Point","coordinates":[-122.22879399999999,47.635851000000059]},"properties":{"CameraID":1491,"CameraTitle":"SR 520 at MP 4.5: 84th Ave NE","ImageURL":"https://images.wsdot.wa.gov/nw/520vc00455.jpg","WSDOTSRID":"520        ","CompassDirection":"B","Latitude":47.635851000000002,"Longitude":-122.22879399999999,"CameraOwnerName":null,"CameraOwnerURL":null,"ImageWidth":335,"ImageHeight":249}},{"type":"Feature","id":1492,"geometry":{"type":"Point","coordinates":[-122.16601899999995,47.629985000000033]},"properties":{"CameraID":1492,"CameraTitle":"SR 520 at MP 8: 130th Ave NE","ImageURL":"https://images.wsdot.wa.gov/nw/520vc00800.jpg","WSDOTSRID":"520        ","CompassDirection":"B","Latitude":47.629984999999998,"Longitude":-122.16601900000001,"CameraOwnerName":null,"CameraOwnerURL":null,"ImageWidth":335,"ImageHeight":249}},{"type":"Feature","id":1493,"geometry":{"type":"Point","coordinates":[-122.15318799999994,47.629514000000029]},"properties":{"CameraID":1493,"CameraTitle":"SR 520 at MP 8.6: 140th Ave NE","ImageURL":"https://images.wsdot.wa.gov/nw/520vc00861.jpg","WSDOTSRID":"520        ","CompassDirection":"B","Latitude":47.629514,"Longitude":-122.153188,"CameraOwnerName":null,"CameraOwnerURL":null,"ImageWidth":335,"ImageHeight":249}},{"type":"Feature","id":1494,"geometry":{"type":"Point","coordinates":[-122.13489999999996,47.645800000000065]},"properties":{"CameraID":1494,"CameraTitle":"SR 520 at MP 10.1: NE 40th St","ImageURL":"https://images.wsdot.wa.gov/nw/520vc01012.jpg","WSDOTSRID":"520        ","CompassDirection":"B","Latitude":47.645800000000001,"Longitude":-122.1349,"CameraOwnerName":null,"CameraOwnerURL":null,"ImageWidth":335,"ImageHeight":249}},{"type":"Feature","id":1497,"geometry":{"type":"Point","coordinates":[-122.28461899999996,47.748323000000028]},"properties":{"CameraID":1497,"CameraTitle":"SR 522 at MP 5.3: NE 165th St","ImageURL":"https://images.wsdot.wa.gov/nw/522vc00536.jpg","WSDOTSRID":"522        ","CompassDirection":"B","Latitude":47.748322999999999,"Longitude":-122.28461900000001,"CameraOwnerName":null,"CameraOwnerURL":null,"ImageWidth":335,"ImageHeight":249}},{"type":"Feature","id":1498,"geometry":{"type":"Point","coordinates":[-122.26279499999998,47.758199000000047]},"properties":{"CameraID":1498,"CameraTitle":"SR 522 at MP 6.6: 61st Ave NE","ImageURL":"https://images.wsdot.wa.gov/nw/522vc00661.jpg","WSDOTSRID":"522        ","CompassDirection":"B","Latitude":47.758198999999998,"Longitude":-122.262795,"CameraOwnerName":null,"CameraOwnerURL":null,"ImageWidth":335,"ImageHeight":249}},{"type":"Feature","id":1499,"geometry":{"type":"Point","coordinates":[-122.23369999999994,47.755700000000047]},"properties":{"CameraID":1499,"CameraTitle":"SR 522 at MP 7.9: 80th Ave NE","ImageURL":"https://images.wsdot.wa.gov/nw/522vc00796.jpg","WSDOTSRID":"522        ","CompassDirection":"B","Latitude":47.755699999999997,"Longitude":-122.2337,"CameraOwnerName":null,"CameraOwnerURL":null,"ImageWidth":335,"ImageHeight":249}},{"type":"Feature","id":1502,"geometry":{"type":"Point","coordinates":[-122.07949399999995,47.812919000000079]},"properties":{"CameraID":1502,"CameraTitle":"SR 522 at MP 18.4: Echo Lake Rd","ImageURL":"https://images.wsdot.wa.gov/nw/522vc01849.jpg","WSDOTSRID":"522        ","CompassDirection":"W","Latitude":47.812919000000001,"Longitude":-122.079494,"CameraOwnerName":null,"CameraOwnerURL":null,"ImageWidth":335,"ImageHeight":249}},{"type":"Feature","id":1503,"geometry":{"type":"Point","coordinates":[-122.07173299999999,47.815722000000051]},"properties":{"CameraID":1503,"CameraTitle":"SR 522 at MP 18.9: Fales Rd","ImageURL":"https://images.wsdot.wa.gov/nw/522vc01890.jpg","WSDOTSRID":"522        ","CompassDirection":"E","Latitude":47.815722000000001,"Longitude":-122.07173299999999,"CameraOwnerName":null,"CameraOwnerURL":null,"ImageWidth":335,"ImageHeight":249}},{"type":"Feature","id":1504,"geometry":{"type":"Point","coordinates":[-122.27435299999996,47.843780000000038]},"properties":{"CameraID":1504,"CameraTitle":"SR 525 at MP 0.9: Alderwood Mall Pkwy","ImageURL":"https://images.wsdot.wa.gov/nw/525vc00091.jpg","WSDOTSRID":"525        ","CompassDirection":"B","Latitude":47.843780000000002,"Longitude":-122.274353,"CameraOwnerName":null,"CameraOwnerURL":null,"ImageWidth":335,"ImageHeight":209}},{"type":"Feature","id":1505,"geometry":{"type":"Point","coordinates":[-122.27434999999997,47.853350000000034]},"properties":{"CameraID":1505,"CameraTitle":"SR 525 at MP 1.4: 164th St SW","ImageURL":"https://images.wsdot.wa.gov/nw/525vc00141.jpg","WSDOTSRID":"525        ","CompassDirection":"B","Latitude":47.853349999999999,"Longitude":-122.27435,"CameraOwnerName":null,"CameraOwnerURL":null,"ImageWidth":335,"ImageHeight":249}},{"type":"Feature","id":1506,"geometry":{"type":"Point","coordinates":[-122.27438999999998,47.864120000000071]},"properties":{"CameraID":1506,"CameraTitle":"SR 525 at MP 2.3: 148th St SW","ImageURL":"https://images.wsdot.wa.gov/nw/525vc00237.jpg","WSDOTSRID":"525        ","CompassDirection":"B","Latitude":47.86412,"Longitude":-122.27439,"CameraOwnerName":null,"CameraOwnerURL":null,"ImageWidth":335,"ImageHeight":249}},{"type":"Feature","id":1507,"geometry":{"type":"Point","coordinates":[-122.28478399999995,47.889649000000077]},"properties":{"CameraID":1507,"CameraTitle":"SR 525 at MP 4: Harbour Pt Bvd S","ImageURL":"https://images.wsdot.wa.gov/nw/525vc00409.jpg","WSDOTSRID":"525        ","CompassDirection":"B","Latitude":47.889648999999999,"Longitude":-122.284784,"CameraOwnerName":null,"CameraOwnerURL":null,"ImageWidth":335,"ImageHeight":249}},{"type":"Feature","id":1508,"geometry":{"type":"Point","coordinates":[-122.29109999999997,47.898800000000051]},"properties":{"CameraID":1508,"CameraTitle":"SR 525 at MP 4.8: Chennault Bch Rd","ImageURL":"https://images.wsdot.wa.gov/nw/525vc00480.jpg","WSDOTSRID":"525        ","CompassDirection":"B","Latitude":47.898800000000001,"Longitude":-122.2911,"CameraOwnerName":null,"CameraOwnerURL":null,"ImageWidth":335,"ImageHeight":249}},{"type":"Feature","id":1509,"geometry":{"type":"Point","coordinates":[-122.293072,47.904955000000029]},"properties":{"CameraID":1509,"CameraTitle":"SR 525 at MP 5.2: Harbour Pt Bvd N","ImageURL":"https://images.wsdot.wa.gov/nw/525vc00524.jpg","WSDOTSRID":"525        ","CompassDirection":"B","Latitude":47.904955000000001,"Longitude":-122.293072,"CameraOwnerName":null,"CameraOwnerURL":null,"ImageWidth":335,"ImageHeight":249}},{"type":"Feature","id":1510,"geometry":{"type":"Point","coordinates":[-122.30060699999996,47.928490000000068]},"properties":{"CameraID":1510,"CameraTitle":"SR 525 at MP 6.9: 76th St SW (north)","ImageURL":"https://images.wsdot.wa.gov/nw/525vc00695.jpg","WSDOTSRID":"525        ","CompassDirection":"N","Latitude":47.928489999999996,"Longitude":-122.300607,"CameraOwnerName":null,"CameraOwnerURL":null,"ImageWidth":335,"ImageHeight":249}},{"type":"Feature","id":1511,"geometry":{"type":"Point","coordinates":[-122.30635599999999,47.933469000000059]},"properties":{"CameraID":1511,"CameraTitle":"SR 525 at MP 7.4: Clover Ln","ImageURL":"https://images.wsdot.wa.gov/nw/525vc00740.jpg","WSDOTSRID":"525        ","CompassDirection":"B","Latitude":47.933469000000002,"Longitude":-122.30635599999999,"CameraOwnerName":null,"CameraOwnerURL":null,"ImageWidth":335,"ImageHeight":249}},{"type":"Feature","id":1512,"geometry":{"type":"Point","coordinates":[-122.30428699999999,47.944899000000078]},"properties":{"CameraID":1512,"CameraTitle":"SR 525 at MP 8.2: 5th St","ImageURL":"https://images.wsdot.wa.gov/nw/525vc00820.jpg","WSDOTSRID":"525        ","CompassDirection":"B","Latitude":47.944898999999999,"Longitude":-122.304287,"CameraOwnerName":null,"CameraOwnerURL":null,"ImageWidth":335,"ImageHeight":249}},{"type":"Feature","id":1514,"geometry":{"type":"Point","coordinates":[-122.21896599999997,47.85922000000005]},"properties":{"CameraID":1514,"CameraTitle":"SR 527 at MP 7.2: 153rd St SE","ImageURL":"https://images.wsdot.wa.gov/nw/527vc00729.jpg","WSDOTSRID":"527        ","CompassDirection":"B","Latitude":47.859220000000001,"Longitude":-122.21896599999999,"CameraOwnerName":null,"CameraOwnerURL":null,"ImageWidth":335,"ImageHeight":249}},{"type":"Feature","id":1515,"geometry":{"type":"Point","coordinates":[-122.21760499999999,47.871181000000036]},"properties":{"CameraID":1515,"CameraTitle":"SR 527 at MP 8.1: Trillium Blvd","ImageURL":"https://images.wsdot.wa.gov/nw/527vc00813.jpg","WSDOTSRID":"527        ","CompassDirection":"B","Latitude":47.871181,"Longitude":-122.21760500000001,"CameraOwnerName":null,"CameraOwnerURL":null,"ImageWidth":335,"ImageHeight":249}},{"type":"Feature","id":1516,"geometry":{"type":"Point","coordinates":[-122.20697799999999,47.878310000000056]},"properties":{"CameraID":1516,"CameraTitle":"SR 527 at MP 8.8: 132nd St SE / SR 96","ImageURL":"https://images.wsdot.wa.gov/nw/527vc00886.jpg","WSDOTSRID":"527        ","CompassDirection":"B","Latitude":47.878309999999999,"Longitude":-122.20697800000001,"CameraOwnerName":null,"CameraOwnerURL":null,"ImageWidth":335,"ImageHeight":249}},{"type":"Feature","id":1517,"geometry":{"type":"Point","coordinates":[-122.27615699999996,47.486455000000035]},"properties":{"CameraID":1517,"CameraTitle":"SR 599 at MP 0.4: S 133rd St","ImageURL":"https://images.wsdot.wa.gov/nw/599vc00041.jpg","WSDOTSRID":"599        ","CompassDirection":"B","Latitude":47.486454999999999,"Longitude":-122.276157,"CameraOwnerName":null,"CameraOwnerURL":null,"ImageWidth":335,"ImageHeight":249}},{"type":"Feature","id":1519,"geometry":{"type":"Point","coordinates":[-122.28789399999999,47.497271000000069]},"properties":{"CameraID":1519,"CameraTitle":"SR 599 at MP 1.4: E Marginal Way","ImageURL":"https://images.wsdot.wa.gov/nw/599vc00141.jpg","WSDOTSRID":"599        ","CompassDirection":"B","Latitude":47.497270999999998,"Longitude":-122.28789399999999,"CameraOwnerName":null,"CameraOwnerURL":null,"ImageWidth":335,"ImageHeight":249}},{"type":"Feature","id":1520,"geometry":{"type":"Point","coordinates":[-122.06319999999999,47.541400000000067]},"properties":{"CameraID":1520,"CameraTitle":"SR 900 at MP 21.1: Newport Way","ImageURL":"https://images.wsdot.wa.gov/nw/900vc02110.jpg","WSDOTSRID":"900        ","CompassDirection":"B","Latitude":47.541400000000003,"Longitude":-122.06319999999999,"CameraOwnerName":null,"CameraOwnerURL":null,"ImageWidth":335,"ImageHeight":249}},{"type":"Feature","id":1521,"geometry":{"type":"Point","coordinates":[-122.29638299999999,47.497998000000052]},"properties":{"CameraID":1521,"CameraTitle":"SR 99 at MP 23: SR 599 Interchange","ImageURL":"https://images.wsdot.wa.gov/nw/099vc02308.jpg","WSDOTSRID":"099        ","CompassDirection":"B","Latitude":47.497998000000003,"Longitude":-122.29638300000001,"CameraOwnerName":null,"CameraOwnerURL":null,"ImageWidth":335,"ImageHeight":249}},{"type":"Feature","id":1525,"geometry":{"type":"Point","coordinates":[-122.17829699999999,47.978253000000052]},"properties":{"CameraID":1525,"CameraTitle":"US 2 at MP 0.6: Homeacres Rd","ImageURL":"https://images.wsdot.wa.gov/nw/002vc00068.jpg","WSDOTSRID":"002        ","CompassDirection":"B","Latitude":47.978253000000002,"Longitude":-122.178297,"CameraOwnerName":null,"CameraOwnerURL":null,"ImageWidth":335,"ImageHeight":249}},{"type":"Feature","id":1526,"geometry":{"type":"Point","coordinates":[-122.47445199999999,48.713771000000065]},"properties":{"CameraID":1526,"CameraTitle":"I-5 at MP 250.7: Old Fairhaven Parkway","ImageURL":"https://images.wsdot.wa.gov/nw/005vc25074.jpg","WSDOTSRID":"005        ","CompassDirection":"B","Latitude":48.713771000000001,"Longitude":-122.474452,"CameraOwnerName":null,"CameraOwnerURL":null,"ImageWidth":335,"ImageHeight":249}},{"type":"Feature","id":1527,"geometry":{"type":"Point","coordinates":[-122.48537499999998,48.891812000000073]},"properties":{"CameraID":1527,"CameraTitle":"SR 539 at MP 7.5: Pole Rd","ImageURL":"https://images.wsdot.wa.gov/nw/539vc00753.jpg","WSDOTSRID":"539        ","CompassDirection":"N","Latitude":48.891812000000002,"Longitude":-122.485375,"CameraOwnerName":null,"CameraOwnerURL":null,"ImageWidth":335,"ImageHeight":244}},{"type":"Feature","id":1528,"geometry":{"type":"Point","coordinates":[-122.48554299999995,48.920965000000081]},"properties":{"CameraID":1528,"CameraTitle":"SR 539 at MP 9.5: River Rd","ImageURL":"https://images.wsdot.wa.gov/nw/539vc00955.jpg","WSDOTSRID":"539        ","CompassDirection":"S","Latitude":48.920965000000002,"Longitude":-122.48554300000001,"CameraOwnerName":null,"CameraOwnerURL":null,"ImageWidth":335,"ImageHeight":244}},{"type":"Feature","id":1529,"geometry":{"type":"Point","coordinates":[-122.48520099999996,48.964233000000036]},"properties":{"CameraID":1529,"CameraTitle":"SR 539 at MP 12.5: Badger Rd","ImageURL":"https://images.wsdot.wa.gov/nw/539vc01254.jpg","WSDOTSRID":"539        ","CompassDirection":"B","Latitude":48.964233,"Longitude":-122.485201,"CameraOwnerName":null,"CameraOwnerURL":null,"ImageWidth":335,"ImageHeight":249}},{"type":"Feature","id":1530,"geometry":{"type":"Point","coordinates":[-122.73520699999995,49.000676000000055]},"properties":{"CameraID":1530,"CameraTitle":"SR 543 at MP 0.9: Truck Spur","ImageURL":"https://images.wsdot.wa.gov/nw/543vc00099.jpg","WSDOTSRID":"543        ","CompassDirection":"B","Latitude":49.000675999999999,"Longitude":-122.735207,"CameraOwnerName":null,"CameraOwnerURL":null,"ImageWidth":335,"ImageHeight":249}},{"type":"Feature","id":1540,"geometry":{"type":"Point","coordinates":[-122.95815899999997,46.64557700000006]},"properties":{"CameraID":1540,"CameraTitle":"I-5 at MP 76.5: 13th St","ImageURL":"https://images.wsdot.wa.gov/sw/005vc07650.jpg","WSDOTSRID":"005        ","CompassDirection":"B","Latitude":46.645577000000003,"Longitude":-122.95815899999999,"CameraOwnerName":null,"CameraOwnerURL":null,"ImageWidth":335,"ImageHeight":249}},{"type":"Feature","id":1541,"geometry":{"type":"Point","coordinates":[-122.93282899999997,46.626390000000072]},"properties":{"CameraID":1541,"CameraTitle":"I-5 at MP 74.7: Labree Rd","ImageURL":"https://images.wsdot.wa.gov/sw/005vc07470.jpg","WSDOTSRID":"005        ","CompassDirection":"B","Latitude":46.626390000000001,"Longitude":-122.932829,"CameraOwnerName":null,"CameraOwnerURL":null,"ImageWidth":335,"ImageHeight":249}},{"type":"Feature","id":1542,"geometry":{"type":"Point","coordinates":[-122.91297399999996,46.611245000000054]},"properties":{"CameraID":1542,"CameraTitle":"I-5 at MP 73.3","ImageURL":"https://images.wsdot.wa.gov/sw/005vc07330.jpg","WSDOTSRID":"005        ","CompassDirection":"B","Latitude":46.611244999999997,"Longitude":-122.91297400000001,"CameraOwnerName":null,"CameraOwnerURL":null,"ImageWidth":335,"ImageHeight":249}},{"type":"Feature","id":1543,"geometry":{"type":"Point","coordinates":[-122.90685399999995,46.605710000000045]},"properties":{"CameraID":1543,"CameraTitle":"I-5 at MP 72.8: Rush Rd","ImageURL":"https://images.wsdot.wa.gov/sw/005vc07280.jpg","WSDOTSRID":"005        ","CompassDirection":"B","Latitude":46.605710000000002,"Longitude":-122.906854,"CameraOwnerName":null,"CameraOwnerURL":null,"ImageWidth":335,"ImageHeight":249}},{"type":"Feature","id":3001,"geometry":{"type":"Point","coordinates":[-122.54955999999999,45.571599000000049]},"properties":{"CameraID":3001,"CameraTitle":"I-205 at Airport Way","ImageURL":"https://www.tripcheck.com/RoadCams/cams/i205arprt_pid533.jpg","WSDOTSRID":"205        ","StateRouteMilepost":null,"CompassDirection":"O","Latitude":45.571598999999999,"Longitude":-122.54956,"CameraOwnerName":"Tripcheck (ODOT)","CameraOwnerURL":"http://www.tripcheck.com","ImageWidth":328,"ImageHeight":295}},{"type":"Feature","id":3002,"geometry":{"type":"Point","coordinates":[-122.56263099999995,45.560603000000071]},"properties":{"CameraID":3002,"CameraTitle":"I-205 at Killingsworth","ImageURL":"https://www.tripcheck.com/RoadCams/cams/i205Killingsworth_pid534.jpg","WSDOTSRID":"205        ","StateRouteMilepost":null,"CompassDirection":"O","Latitude":45.560603,"Longitude":-122.562631,"CameraOwnerName":"Tripcheck (ODOT)","CameraOwnerURL":"http://www.tripcheck.com","ImageWidth":328,"ImageHeight":295}},{"type":"Feature","id":3003,"geometry":{"type":"Point","coordinates":[-122.56782999999996,45.555748000000051]},"properties":{"CameraID":3003,"CameraTitle":"I-205 at Prescott St.","ImageURL":"https://www.tripcheck.com/RoadCams/cams/i205pres_pid542.jpg","WSDOTSRID":"205        ","StateRouteMilepost":null,"CompassDirection":"O","Latitude":45.555748000000001,"Longitude":-122.56783,"CameraOwnerName":"Tripcheck (ODOT)","CameraOwnerURL":"http://www.tripcheck.com","ImageWidth":328,"ImageHeight":295}},{"type":"Feature","id":3004,"geometry":{"type":"Point","coordinates":[-122.55888999999996,45.544480000000078]},"properties":{"CameraID":3004,"CameraTitle":"I-84 at 102nd","ImageURL":"https://www.tripcheck.com/RoadCams/cams/i84102nd_pid576.jpg","WSDOTSRID":"084        ","StateRouteMilepost":null,"CompassDirection":"O","Latitude":45.54448,"Longitude":-122.55889000000001,"CameraOwnerName":"Tripcheck (ODOT)","CameraOwnerURL":"http://www.tripcheck.com","ImageWidth":328,"ImageHeight":295}},{"type":"Feature","id":3005,"geometry":{"type":"Point","coordinates":[-122.55374999999998,45.547850000000039]},"properties":{"CameraID":3005,"CameraTitle":"I-84 at 105th","ImageURL":"https://www.tripcheck.com/RoadCams/cams/i84105th_pid577.jpg","WSDOTSRID":"084        ","StateRouteMilepost":null,"CompassDirection":"O","Latitude":45.547849999999997,"Longitude":-122.55374999999999,"CameraOwnerName":"Tripcheck (ODOT)","CameraOwnerURL":"http://www.tripcheck.com","ImageWidth":328,"ImageHeight":295}},{"type":"Feature","id":3006,"geometry":{"type":"Point","coordinates":[-122.56579999999997,45.531110000000069]},"properties":{"CameraID":3006,"CameraTitle":"I-84 at I-205","ImageURL":"https://www.tripcheck.com/RoadCams/cams/i84at205_pid583.jpg","WSDOTSRID":"084        ","StateRouteMilepost":null,"CompassDirection":"O","Latitude":45.531109999999998,"Longitude":-122.5658,"CameraOwnerName":"Tripcheck (ODOT)","CameraOwnerURL":"http://www.tripcheck.com","ImageWidth":328,"ImageHeight":295}},{"type":"Feature","id":3007,"geometry":{"type":"Point","coordinates":[-122.56484199999994,45.518180000000029]},"properties":{"CameraID":3007,"CameraTitle":"I-205 at Stark","ImageURL":"https://www.tripcheck.com/RoadCams/cams/i205strk_pid543.jpg","WSDOTSRID":"205        ","StateRouteMilepost":null,"CompassDirection":"O","Latitude":45.518180000000001,"Longitude":-122.564842,"CameraOwnerName":"Tripcheck (ODOT)","CameraOwnerURL":"http://www.tripcheck.com","ImageWidth":328,"ImageHeight":295}},{"type":"Feature","id":3008,"geometry":{"type":"Point","coordinates":[-122.56508399999996,45.497030000000052]},"properties":{"CameraID":3008,"CameraTitle":"I-205 at Powell","ImageURL":"https://www.tripcheck.com/RoadCams/cams/i205powl_pid497.jpg","WSDOTSRID":"205        ","StateRouteMilepost":null,"CompassDirection":"O","Latitude":45.497030000000002,"Longitude":-122.565084,"CameraOwnerName":"Tripcheck (ODOT)","CameraOwnerURL":"http://www.tripcheck.com","ImageWidth":328,"ImageHeight":314}},{"type":"Feature","id":3009,"geometry":{"type":"Point","coordinates":[-122.57890999999995,45.532890000000066]},"properties":{"CameraID":3009,"CameraTitle":"I-84 at 82nd","ImageURL":"https://www.tripcheck.com/RoadCams/cams/i8482nd_pid582.jpg","WSDOTSRID":"084        ","StateRouteMilepost":null,"CompassDirection":"O","Latitude":45.532890000000002,"Longitude":-122.57890999999999,"CameraOwnerName":"Tripcheck (ODOT)","CameraOwnerURL":"http://www.tripcheck.com","ImageWidth":328,"ImageHeight":295}},{"type":"Feature","id":3010,"geometry":{"type":"Point","coordinates":[-122.59442999999999,45.533670000000029]},"properties":{"CameraID":3010,"CameraTitle":"I-84 at 67th","ImageURL":"https://www.tripcheck.com/RoadCams/cams/i8467th_pid581.jpg","WSDOTSRID":"084        ","StateRouteMilepost":null,"CompassDirection":"O","Latitude":45.533670000000001,"Longitude":-122.59443,"CameraOwnerName":"Tripcheck (ODOT)","CameraOwnerURL":"http://www.tripcheck.com","ImageWidth":328,"ImageHeight":295}},{"type":"Feature","id":3011,"geometry":{"type":"Point","coordinates":[-122.63510999999994,45.53036000000003]},"properties":{"CameraID":3011,"CameraTitle":"I-84 at 28th","ImageURL":"https://www.tripcheck.com/RoadCams/cams/i8428th_pid578.jpg","WSDOTSRID":"084        ","StateRouteMilepost":null,"CompassDirection":"O","Latitude":45.530360000000002,"Longitude":-122.63511,"CameraOwnerName":"Tripcheck (ODOT)","CameraOwnerURL":"http://www.tripcheck.com","ImageWidth":328,"ImageHeight":295}},{"type":"Feature","id":3012,"geometry":{"type":"Point","coordinates":[-122.64922999999999,45.529760000000067]},"properties":{"CameraID":3012,"CameraTitle":"I-84 at Lloyd Blvd.","ImageURL":"https://www.tripcheck.com/RoadCams/cams/i84lloyd_pid587.jpg","WSDOTSRID":"084        ","StateRouteMilepost":null,"CompassDirection":"O","Latitude":45.529760000000003,"Longitude":-122.64923,"CameraOwnerName":"Tripcheck (ODOT)","CameraOwnerURL":"http://www.tripcheck.com","ImageWidth":328,"ImageHeight":295}},{"type":"Feature","id":3013,"geometry":{"type":"Point","coordinates":[-122.65222999999997,45.533760000000029]},"properties":{"CameraID":3013,"CameraTitle":"I-84 at Metro Bldg","ImageURL":"https://www.tripcheck.com/RoadCams/cams/i84metro_pid588.jpg","WSDOTSRID":"084        ","StateRouteMilepost":null,"CompassDirection":"O","Latitude":45.533760000000001,"Longitude":-122.65223,"CameraOwnerName":"Tripcheck (ODOT)","CameraOwnerURL":"http://www.tripcheck.com","ImageWidth":328,"ImageHeight":295}},{"type":"Feature","id":3014,"geometry":{"type":"Point","coordinates":[-122.68011199999995,45.585937000000058]},"properties":{"CameraID":3014,"CameraTitle":"I-5 at Columbia","ImageURL":"https://www.tripcheck.com/RoadCams/cams/i5columbia_pid558.jpg","WSDOTSRID":"005        ","StateRouteMilepost":null,"CompassDirection":"O","Latitude":45.585937000000001,"Longitude":-122.68011199999999,"CameraOwnerName":"Tripcheck (ODOT)","CameraOwnerURL":"http://www.tripcheck.com","ImageWidth":328,"ImageHeight":295}},{"type":"Feature","id":3015,"geometry":{"type":"Point","coordinates":[-122.67703199999994,45.614696000000038]},"properties":{"CameraID":3015,"CameraTitle":"I-5 at Interstate Bridge - Top","ImageURL":"https://www.tripcheck.com/RoadCams/cams/i5brtop_pid659.jpg","WSDOTSRID":"005        ","StateRouteMilepost":null,"CompassDirection":"O","Latitude":45.614696000000002,"Longitude":-122.677032,"CameraOwnerName":"Tripcheck (ODOT)","CameraOwnerURL":"http://www.tripcheck.com","ImageWidth":328,"ImageHeight":295}},{"type":"Feature","id":3016,"geometry":{"type":"Point","coordinates":[-122.60880999999995,45.527230000000031]},"properties":{"CameraID":3016,"CameraTitle":"I-84 at 53rd","ImageURL":"https://www.tripcheck.com/RoadCams/cams/i8453rd_pid580.jpg","WSDOTSRID":"084        ","StateRouteMilepost":null,"CompassDirection":"O","Latitude":45.527230000000003,"Longitude":-122.60881000000001,"CameraOwnerName":"Tripcheck (ODOT)","CameraOwnerURL":"http://www.tripcheck.com","ImageWidth":328,"ImageHeight":295}},{"type":"Feature","id":3017,"geometry":{"type":"Point","coordinates":[-122.66045999999994,45.525600000000054]},"properties":{"CameraID":3017,"CameraTitle":"I-84 at Grand","ImageURL":"https://www.tripcheck.com/RoadCams/cams/i84grand_pid584.jpg","WSDOTSRID":"084        ","StateRouteMilepost":null,"CompassDirection":"O","Latitude":45.525599999999997,"Longitude":-122.66046,"CameraOwnerName":"Tripcheck (ODOT)","CameraOwnerURL":"http://www.tripcheck.com","ImageWidth":328,"ImageHeight":295}},{"type":"Feature","id":3018,"geometry":{"type":"Point","coordinates":[-122.66432999999995,45.501810000000035]},"properties":{"CameraID":3018,"CameraTitle":"US 26 at Ross Island Bridge","ImageURL":"https://tripcheck.com/RoadCams/cams/26ribridge_pid591.jpg","WSDOTSRID":"026        ","StateRouteMilepost":null,"CompassDirection":"O","Latitude":45.501809999999999,"Longitude":-122.66433000000001,"CameraOwnerName":"Tripcheck (ODOT)","CameraOwnerURL":"http://www.tripcheck.com","ImageWidth":328,"ImageHeight":295}},{"type":"Feature","id":3019,"geometry":{"type":"Point","coordinates":[-122.65411999999998,45.501140000000078]},"properties":{"CameraID":3019,"CameraTitle":"US 26 at Milwaukie","ImageURL":"https://tripcheck.com/RoadCams/cams/26pwlmilw_pid590.jpg","WSDOTSRID":"026        ","StateRouteMilepost":null,"CompassDirection":"O","Latitude":45.501139999999999,"Longitude":-122.65412000000001,"CameraOwnerName":"Tripcheck (ODOT)","CameraOwnerURL":"http://www.tripcheck.com","ImageWidth":328,"ImageHeight":295}},{"type":"Feature","id":3020,"geometry":{"type":"Point","coordinates":[-122.67344699999995,45.501647000000048]},"properties":{"CameraID":3020,"CameraTitle":"I-5 at I-405 Natio Parkway","ImageURL":"https://www.tripcheck.com/RoadCams/cams/i5at405_pid549.jpg","WSDOTSRID":"005        ","StateRouteMilepost":null,"CompassDirection":"O","Latitude":45.501646999999998,"Longitude":-122.673447,"CameraOwnerName":"Tripcheck (ODOT)","CameraOwnerURL":"http://www.tripcheck.com","ImageWidth":328,"ImageHeight":295}},{"type":"Feature","id":3021,"geometry":{"type":"Point","coordinates":[-122.66633299999995,45.520200000000045]},"properties":{"CameraID":3021,"CameraTitle":"I-5 at Morrison","ImageURL":"https://www.tripcheck.com/RoadCams/cams/i5morrison_pid569.jpg","WSDOTSRID":"005        ","StateRouteMilepost":null,"CompassDirection":"O","Latitude":45.520200000000003,"Longitude":-122.66633299999999,"CameraOwnerName":"Tripcheck (ODOT)","CameraOwnerURL":"http://www.tripcheck.com","ImageWidth":328,"ImageHeight":295}},{"type":"Feature","id":3022,"geometry":{"type":"Point","coordinates":[-122.67824999999999,45.545927000000063]},"properties":{"CameraID":3022,"CameraTitle":"I-5 at Fremont Bridge","ImageURL":"https://www.tripcheck.com/RoadCams/cams/fremontbridge_pid531.jpg","WSDOTSRID":"005        ","StateRouteMilepost":null,"CompassDirection":"O","Latitude":45.545926999999999,"Longitude":-122.67825000000001,"CameraOwnerName":"Tripcheck (ODOT)","CameraOwnerURL":"http://www.tripcheck.com","ImageWidth":328,"ImageHeight":295}},{"type":"Feature","id":3023,"geometry":{"type":"Point","coordinates":[-122.68934999999999,45.512480000000039]},"properties":{"CameraID":3023,"CameraTitle":"I-405 at Montgomery","ImageURL":"https://www.tripcheck.com/RoadCams/cams/i405montgom_pid547.jpg","WSDOTSRID":"405        ","StateRouteMilepost":null,"CompassDirection":"O","Latitude":45.512479999999996,"Longitude":-122.68935,"CameraOwnerName":"Tripcheck (ODOT)","CameraOwnerURL":"http://www.tripcheck.com","ImageWidth":328,"ImageHeight":295}},{"type":"Feature","id":3024,"geometry":{"type":"Point","coordinates":[-122.69276999999994,45.51538000000005]},"properties":{"CameraID":3024,"CameraTitle":"US 26 at East Vista Ridge Tunnel","ImageURL":"https://www.tripcheck.com/RoadCams/cams/26tunnelE_pid529.jpg","WSDOTSRID":"026        ","StateRouteMilepost":null,"CompassDirection":"O","Latitude":45.51538,"Longitude":-122.69277,"CameraOwnerName":"Tripcheck (ODOT)","CameraOwnerURL":"http://www.tripcheck.com","ImageWidth":328,"ImageHeight":295}},{"type":"Feature","id":3025,"geometry":{"type":"Point","coordinates":[-122.68274999999994,45.506180000000029]},"properties":{"CameraID":3025,"CameraTitle":"I-405 at Fourth","ImageURL":"https://www.tripcheck.com/RoadCams/cams/i405fourth_pid546.jpg","WSDOTSRID":"405        ","StateRouteMilepost":null,"CompassDirection":"O","Latitude":45.506180000000001,"Longitude":-122.68275,"CameraOwnerName":"Tripcheck (ODOT)","CameraOwnerURL":"http://www.tripcheck.com","ImageWidth":328,"ImageHeight":295}},{"type":"Feature","id":3026,"geometry":{"type":"Point","coordinates":[-122.68709999999999,45.527420000000063]},"properties":{"CameraID":3026,"CameraTitle":"I-405 at Everett","ImageURL":"https://www.tripcheck.com/RoadCams/cams/i405everett_pid545.jpg","WSDOTSRID":"405        ","StateRouteMilepost":null,"CompassDirection":"B","Latitude":45.527419999999999,"Longitude":-122.6871,"CameraOwnerName":"Tripcheck (ODOT)","CameraOwnerURL":"http://www.tripcheck.com","ImageWidth":328,"ImageHeight":295}},{"type":"Feature","id":3027,"geometry":{"type":"Point","coordinates":[-122.67792699999995,45.546633000000043]},"properties":{"CameraID":3027,"CameraTitle":"I-5 at Fremont","ImageURL":"https://www.tripcheck.com/RoadCams/cams/i5fremont_pid560.jpg","WSDOTSRID":"005        ","StateRouteMilepost":null,"CompassDirection":"O","Latitude":45.546633,"Longitude":-122.677927,"CameraOwnerName":"Tripcheck (ODOT)","CameraOwnerURL":"http://www.tripcheck.com","ImageWidth":328,"ImageHeight":295}},{"type":"Feature","id":3028,"geometry":{"type":"Point","coordinates":[-122.67883099999995,45.55830700000007]},"properties":{"CameraID":3028,"CameraTitle":"I-5 at Going","ImageURL":"https://www.tripcheck.com/RoadCams/cams/i5going_pid561.jpg","WSDOTSRID":"005        ","StateRouteMilepost":null,"CompassDirection":"O","Latitude":45.558306999999999,"Longitude":-122.678831,"CameraOwnerName":"Tripcheck (ODOT)","CameraOwnerURL":"http://www.tripcheck.com","ImageWidth":328,"ImageHeight":295}},{"type":"Feature","id":3029,"geometry":{"type":"Point","coordinates":[-122.67903499999994,45.569774000000052]},"properties":{"CameraID":3029,"CameraTitle":"I-5 at Rosa Parks Way","ImageURL":"https://www.tripcheck.com/RoadCams/cams/i5portlandblvd_pid572.jpg","WSDOTSRID":"005        ","StateRouteMilepost":null,"CompassDirection":"O","Latitude":45.569774000000002,"Longitude":-122.679035,"CameraOwnerName":"Tripcheck (ODOT)","CameraOwnerURL":"http://www.tripcheck.com","ImageWidth":328,"ImageHeight":295}},{"type":"Feature","id":3030,"geometry":{"type":"Point","coordinates":[-122.67880799999995,45.578905000000077]},"properties":{"CameraID":3030,"CameraTitle":"I-5 at Lombard","ImageURL":"https://www.tripcheck.com/RoadCams/cams/i5lombard_pid565.jpg","WSDOTSRID":"005        ","StateRouteMilepost":null,"CompassDirection":"O","Latitude":45.578904999999999,"Longitude":-122.678808,"CameraOwnerName":"Tripcheck (ODOT)","CameraOwnerURL":"http://www.tripcheck.com","ImageWidth":328,"ImageHeight":295}},{"type":"Feature","id":3031,"geometry":{"type":"Point","coordinates":[-122.68415599999997,45.596454000000051]},"properties":{"CameraID":3031,"CameraTitle":"I-5 at Victory","ImageURL":"https://www.tripcheck.com/RoadCams/cams/i5Victory_pid574.jpg","WSDOTSRID":"005        ","StateRouteMilepost":null,"CompassDirection":"O","Latitude":45.596454000000001,"Longitude":-122.684156,"CameraOwnerName":"Tripcheck (ODOT)","CameraOwnerURL":"http://www.tripcheck.com","ImageWidth":328,"ImageHeight":295}},{"type":"Feature","id":3032,"geometry":{"type":"Point","coordinates":[-122.68308899999994,45.603920000000073]},"properties":{"CameraID":3032,"CameraTitle":"I-5 at Marine Dr.","ImageURL":"https://www.tripcheck.com/RoadCams/cams/i5marine_pid567.jpg","WSDOTSRID":"005        ","StateRouteMilepost":null,"CompassDirection":"O","Latitude":45.603920000000002,"Longitude":-122.683089,"CameraOwnerName":"Tripcheck (ODOT)","CameraOwnerURL":"http://www.tripcheck.com","ImageWidth":328,"ImageHeight":295}},{"type":"Feature","id":3033,"geometry":{"type":"Point","coordinates":[-122.67648699999995,45.616277000000025]},"properties":{"CameraID":3033,"CameraTitle":"I-5 at Interstate Bridge SB, south end","ImageURL":"https://www.tripcheck.com/RoadCams/cams/i5brsbs_pid555.jpg","WSDOTSRID":"005        ","StateRouteMilepost":null,"CompassDirection":"S","Latitude":45.616276999999997,"Longitude":-122.67648699999999,"CameraOwnerName":"Tripcheck (ODOT)","CameraOwnerURL":"http://www.tripcheck.com","ImageWidth":328,"ImageHeight":314}},{"type":"Feature","id":3034,"geometry":{"type":"Point","coordinates":[-122.67703199999994,45.614696000000038]},"properties":{"CameraID":3034,"CameraTitle":"I-5 at Interstate Bridge NB, midspan","ImageURL":"https://www.tripcheck.com/RoadCams/cams/i5brsbn_pid554.jpg","WSDOTSRID":"005        ","StateRouteMilepost":null,"CompassDirection":"N","Latitude":45.614696000000002,"Longitude":-122.677032,"CameraOwnerName":"Tripcheck (ODOT)","CameraOwnerURL":"http://www.tripcheck.com","ImageWidth":328,"ImageHeight":314}},{"type":"Feature","id":3035,"geometry":{"type":"Point","coordinates":[-122.69538299999999,45.474951000000033]},"properties":{"CameraID":3035,"CameraTitle":"ORE99W at Bertha","ImageURL":"https://www.tripcheck.com/RoadCams/cams/99wbertha_pid530.jpg","WSDOTSRID":"005        ","StateRouteMilepost":null,"CompassDirection":"O","Latitude":45.474950999999997,"Longitude":-122.69538300000001,"CameraOwnerName":"Tripcheck (ODOT)","CameraOwnerURL":"http://www.tripcheck.com","ImageWidth":328,"ImageHeight":295}},{"type":"Feature","id":3036,"geometry":{"type":"Point","coordinates":[-122.68860499999994,45.470477000000074]},"properties":{"CameraID":3036,"CameraTitle":"I-5 at Terwilliger","ImageURL":"https://www.tripcheck.com/RoadCams/cams/i5terwil_pid573.jpg","WSDOTSRID":"005        ","StateRouteMilepost":null,"CompassDirection":"O","Latitude":45.470477000000002,"Longitude":-122.688605,"CameraOwnerName":"Tripcheck (ODOT)","CameraOwnerURL":"http://www.tripcheck.com","ImageWidth":328,"ImageHeight":295}},{"type":"Feature","id":3037,"geometry":{"type":"Point","coordinates":[-122.74227299999995,45.440519000000052]},"properties":{"CameraID":3037,"CameraTitle":"I-5 at ORE 99W-Barbur Blvd.","ImageURL":"https://www.tripcheck.com/RoadCams/cams/i5at99w_pid550.jpg","WSDOTSRID":"005        ","StateRouteMilepost":null,"CompassDirection":"O","Latitude":45.440519000000002,"Longitude":-122.742273,"CameraOwnerName":"Tripcheck (ODOT)","CameraOwnerURL":"http://www.tripcheck.com","ImageWidth":328,"ImageHeight":295}},{"type":"Feature","id":3038,"geometry":{"type":"Point","coordinates":[-122.76223999999996,45.434860000000072]},"properties":{"CameraID":3038,"CameraTitle":"ORE 217 at ORE 99W","ImageURL":"https://www.tripcheck.com/RoadCams/cams/217at99w_pid515.jpg","WSDOTSRID":null,"StateRouteMilepost":null,"CompassDirection":"O","Latitude":45.43486,"Longitude":-122.76224000000001,"CameraOwnerName":"Tripcheck (ODOT)","CameraOwnerURL":"http://www.tripcheck.com","ImageWidth":328,"ImageHeight":295}},{"type":"Feature","id":3039,"geometry":{"type":"Point","coordinates":[-122.74438999999995,45.420754000000045]},"properties":{"CameraID":3039,"CameraTitle":"I-5 at ORE 217","ImageURL":"https://www.tripcheck.com/RoadCams/cams/i5217_pid548.jpg","WSDOTSRID":"005        ","StateRouteMilepost":null,"CompassDirection":"O","Latitude":45.420754000000002,"Longitude":-122.74439,"CameraOwnerName":"Tripcheck (ODOT)","CameraOwnerURL":"http://www.tripcheck.com","ImageWidth":328,"ImageHeight":295}},{"type":"Feature","id":3040,"geometry":{"type":"Point","coordinates":[-122.75882999999999,45.368030000000033]},"properties":{"CameraID":3040,"CameraTitle":"I-5 at I-205","ImageURL":"https://www.tripcheck.com/RoadCams/cams/i5i205_pid563.jpg","WSDOTSRID":"005        ","StateRouteMilepost":null,"CompassDirection":"O","Latitude":45.368029999999997,"Longitude":-122.75883,"CameraOwnerName":"Tripcheck (ODOT)","CameraOwnerURL":"http://www.tripcheck.com","ImageWidth":328,"ImageHeight":295}},{"type":"Feature","id":3041,"geometry":{"type":"Point","coordinates":[-122.76466999999997,45.353550000000041]},"properties":{"CameraID":3041,"CameraTitle":"I-5 at Norwood","ImageURL":"https://www.tripcheck.com/RoadCams/cams/i5norwoo_pid570.jpg","WSDOTSRID":"005        ","StateRouteMilepost":null,"CompassDirection":"O","Latitude":45.353549999999998,"Longitude":-122.76467,"CameraOwnerName":"Tripcheck (ODOT)","CameraOwnerURL":"http://www.tripcheck.com","ImageWidth":328,"ImageHeight":295}},{"type":"Feature","id":3042,"geometry":{"type":"Point","coordinates":[-122.67311199999995,45.493904000000043]},"properties":{"CameraID":3042,"CameraTitle":"I-5 at Macadam","ImageURL":"https://www.tripcheck.com/RoadCams/cams/i5macadam_pid566.jpg","WSDOTSRID":"005        ","StateRouteMilepost":null,"CompassDirection":"O","Latitude":45.493904000000001,"Longitude":-122.673112,"CameraOwnerName":"Tripcheck (ODOT)","CameraOwnerURL":"http://www.tripcheck.com","ImageWidth":328,"ImageHeight":295}},{"type":"Feature","id":3043,"geometry":{"type":"Point","coordinates":[-122.67738299999996,45.470951000000071]},"properties":{"CameraID":3043,"CameraTitle":"I-5 at Miles","ImageURL":"https://www.tripcheck.com/RoadCams/cams/i5miles_pid568.jpg","WSDOTSRID":"005        ","StateRouteMilepost":null,"CompassDirection":"O","Latitude":45.470950999999999,"Longitude":-122.67738300000001,"CameraOwnerName":"Tripcheck (ODOT)","CameraOwnerURL":"http://www.tripcheck.com","ImageWidth":328,"ImageHeight":295}},{"type":"Feature","id":3044,"geometry":{"type":"Point","coordinates":[-122.67957999999999,45.469560000000058]},"properties":{"CameraID":3044,"CameraTitle":"I-5 at Brier Place","ImageURL":"https://www.tripcheck.com/RoadCams/cams/i5brier_pid551.jpg","WSDOTSRID":"005        ","StateRouteMilepost":null,"CompassDirection":"O","Latitude":45.469560000000001,"Longitude":-122.67958,"CameraOwnerName":"Tripcheck (ODOT)","CameraOwnerURL":"http://www.tripcheck.com","ImageWidth":328,"ImageHeight":295}},{"type":"Feature","id":3045,"geometry":{"type":"Point","coordinates":[-122.71519399999994,45.45427200000006]},"properties":{"CameraID":3045,"CameraTitle":"I-5 at Capitol","ImageURL":"https://www.tripcheck.com/RoadCams/cams/i5capitol_pid556.jpg","WSDOTSRID":"005        ","StateRouteMilepost":null,"CompassDirection":"O","Latitude":45.454272000000003,"Longitude":-122.715194,"CameraOwnerName":"Tripcheck (ODOT)","CameraOwnerURL":"http://www.tripcheck.com","ImageWidth":328,"ImageHeight":295}},{"type":"Feature","id":3046,"geometry":{"type":"Point","coordinates":[-122.74448699999999,45.435001000000057]},"properties":{"CameraID":3046,"CameraTitle":"I-5 at Haines","ImageURL":"https://www.tripcheck.com/RoadCams/cams/i5haines_pid562.jpg","WSDOTSRID":"005        ","StateRouteMilepost":null,"CompassDirection":"O","Latitude":45.435001,"Longitude":-122.74448700000001,"CameraOwnerName":"Tripcheck (ODOT)","CameraOwnerURL":"http://www.tripcheck.com","ImageWidth":328,"ImageHeight":295}},{"type":"Feature","id":3047,"geometry":{"type":"Point","coordinates":[-122.74341399999997,45.408040000000028]},"properties":{"CameraID":3047,"CameraTitle":"I-5 at Carman Dr.","ImageURL":"https://www.tripcheck.com/RoadCams/cams/i5carman_pid557.jpg","WSDOTSRID":"005        ","StateRouteMilepost":null,"CompassDirection":"O","Latitude":45.40804,"Longitude":-122.743414,"CameraOwnerName":"Tripcheck (ODOT)","CameraOwnerURL":"http://www.tripcheck.com","ImageWidth":328,"ImageHeight":295}},{"type":"Feature","id":3048,"geometry":{"type":"Point","coordinates":[-122.74675299999996,45.396705000000054]},"properties":{"CameraID":3048,"CameraTitle":"I-5 at Lower Boones Road","ImageURL":"https://www.tripcheck.com/RoadCams/cams/i5lboon_pid564.jpg","WSDOTSRID":"005        ","StateRouteMilepost":null,"CompassDirection":"O","Latitude":45.396704999999997,"Longitude":-122.746753,"CameraOwnerName":"Tripcheck (ODOT)","CameraOwnerURL":"http://www.tripcheck.com","ImageWidth":328,"ImageHeight":295}},{"type":"Feature","id":3049,"geometry":{"type":"Point","coordinates":[-122.75173999999998,45.382923000000062]},"properties":{"CameraID":3049,"CameraTitle":"I-5 at Nyberg","ImageURL":"https://www.tripcheck.com/RoadCams/cams/i5nyberg_pid571.jpg","WSDOTSRID":"005        ","StateRouteMilepost":null,"CompassDirection":"O","Latitude":45.382922999999998,"Longitude":-122.75174,"CameraOwnerName":"Tripcheck (ODOT)","CameraOwnerURL":"http://www.tripcheck.com","ImageWidth":328,"ImageHeight":295}},{"type":"Feature","id":3050,"geometry":{"type":"Point","coordinates":[-122.76974999999999,45.336310000000026]},"properties":{"CameraID":3050,"CameraTitle":"I-5 at Elligsen Road","ImageURL":"https://www.tripcheck.com/RoadCams/cams/i5elligs_pid559.jpg","WSDOTSRID":"005        ","StateRouteMilepost":null,"CompassDirection":"O","Latitude":45.336309999999997,"Longitude":-122.76975,"CameraOwnerName":"Tripcheck (ODOT)","CameraOwnerURL":"http://www.tripcheck.com","ImageWidth":328,"ImageHeight":295}},{"type":"Feature","id":3051,"geometry":{"type":"Point","coordinates":[-122.56550999999996,45.479731000000072]},"properties":{"CameraID":3051,"CameraTitle":"I-205 at Foster","ImageURL":"https://www.tripcheck.com/RoadCams/cams/i205fstr_pid535.jpg","WSDOTSRID":"205        ","StateRouteMilepost":null,"CompassDirection":"O","Latitude":45.479731000000001,"Longitude":-122.56551,"CameraOwnerName":"Tripcheck (ODOT)","CameraOwnerURL":"http://www.tripcheck.com","ImageWidth":328,"ImageHeight":295}},{"type":"Feature","id":3052,"geometry":{"type":"Point","coordinates":[-122.56832099999997,45.464315000000056]},"properties":{"CameraID":3052,"CameraTitle":"I-205 at 92nd","ImageURL":"https://www.tripcheck.com/RoadCams/cams/i20592nd_pid532.jpg","WSDOTSRID":"205        ","StateRouteMilepost":null,"CompassDirection":"O","Latitude":45.464314999999999,"Longitude":-122.568321,"CameraOwnerName":"Tripcheck (ODOT)","CameraOwnerURL":"http://www.tripcheck.com","ImageWidth":328,"ImageHeight":295}},{"type":"Feature","id":3053,"geometry":{"type":"Point","coordinates":[-122.57369699999998,45.456625000000031]},"properties":{"CameraID":3053,"CameraTitle":"I-205 at Johnson Cr.","ImageURL":"https://www.tripcheck.com/RoadCams/cams/i205jcrk_pid539.jpg","WSDOTSRID":"205        ","StateRouteMilepost":null,"CompassDirection":"O","Latitude":45.456625000000003,"Longitude":-122.573697,"CameraOwnerName":"Tripcheck (ODOT)","CameraOwnerURL":"http://www.tripcheck.com","ImageWidth":328,"ImageHeight":295}},{"type":"Feature","id":3054,"geometry":{"type":"Point","coordinates":[-122.56512099999998,45.433473000000049]},"properties":{"CameraID":3054,"CameraTitle":"I-205 at Sunnyside","ImageURL":"https://www.tripcheck.com/RoadCams/cams/i205Sunnyside_pid544.jpg","WSDOTSRID":"205        ","StateRouteMilepost":null,"CompassDirection":"O","Latitude":45.433472999999999,"Longitude":-122.565121,"CameraOwnerName":"Tripcheck (ODOT)","CameraOwnerURL":"http://www.tripcheck.com","ImageWidth":328,"ImageHeight":295}},{"type":"Feature","id":3055,"geometry":{"type":"Point","coordinates":[-122.57443799999999,45.41829800000005]},"properties":{"CameraID":3055,"CameraTitle":"I-205 at Lawnfield","ImageURL":"https://www.tripcheck.com/RoadCams/cams/i205Lawnfield_pid540.jpg","WSDOTSRID":"205        ","StateRouteMilepost":null,"CompassDirection":"O","Latitude":45.418298,"Longitude":-122.574438,"CameraOwnerName":"Tripcheck (ODOT)","CameraOwnerURL":"http://www.tripcheck.com","ImageWidth":328,"ImageHeight":295}},{"type":"Feature","id":3056,"geometry":{"type":"Point","coordinates":[-122.57049499999999,45.407207000000028]},"properties":{"CameraID":3056,"CameraTitle":"I-205 at ORE 212-224","ImageURL":"https://www.tripcheck.com/RoadCams/cams/i205hwy212_pid538.jpg","WSDOTSRID":"205        ","StateRouteMilepost":null,"CompassDirection":"O","Latitude":45.407207,"Longitude":-122.57049499999999,"CameraOwnerName":"Tripcheck (ODOT)","CameraOwnerURL":"http://www.tripcheck.com","ImageWidth":328,"ImageHeight":295}},{"type":"Feature","id":3057,"geometry":{"type":"Point","coordinates":[-122.57977599999998,45.384488000000033]},"properties":{"CameraID":3057,"CameraTitle":"I-205 at Gladstone","ImageURL":"https://www.tripcheck.com/RoadCams/cams/i205Gladstone_pid536.jpg","WSDOTSRID":"205        ","StateRouteMilepost":null,"CompassDirection":"O","Latitude":45.384487999999997,"Longitude":-122.579776,"CameraOwnerName":"Tripcheck (ODOT)","CameraOwnerURL":"http://www.tripcheck.com","ImageWidth":328,"ImageHeight":295}},{"type":"Feature","id":3058,"geometry":{"type":"Point","coordinates":[-122.59617399999996,45.366370000000074]},"properties":{"CameraID":3058,"CameraTitle":"I-205 at 99E","ImageURL":"https://www.tripcheck.com/RoadCams/cams/i20599E_pid660.jpg","WSDOTSRID":"205        ","StateRouteMilepost":null,"CompassDirection":"O","Latitude":45.366370000000003,"Longitude":-122.596174,"CameraOwnerName":"Tripcheck (ODOT)","CameraOwnerURL":"http://www.tripcheck.com","ImageWidth":328,"ImageHeight":295}},{"type":"Feature","id":3059,"geometry":{"type":"Point","coordinates":[-122.70577799999995,45.370641000000035]},"properties":{"CameraID":3059,"CameraTitle":"I-205 at Stafford Rd.","ImageURL":"https://www.tripcheck.com/RoadCams/cams/i205staf_pid665.jpg","WSDOTSRID":"205        ","StateRouteMilepost":null,"CompassDirection":"O","Latitude":45.370640999999999,"Longitude":-122.705778,"CameraOwnerName":"Tripcheck (ODOT)","CameraOwnerURL":"http://www.tripcheck.com","ImageWidth":328,"ImageHeight":295}},{"type":"Feature","id":3062,"geometry":{"type":"Point","coordinates":[-122.57063999999997,45.656878000000063]},"properties":{"CameraID":3062,"CameraTitle":"I-205 at MP 30.9: SR 500 Interchange Camera 1","ImageURL":"https://images.wsdot.wa.gov/sw/205vc03090.jpg","WSDOTSRID":"205        ","CompassDirection":"B","Latitude":45.656877999999999,"Longitude":-122.57064,"CameraOwnerName":null,"CameraOwnerURL":null,"ImageWidth":335,"ImageHeight":249}},{"type":"Feature","id":3063,"geometry":{"type":"Point","coordinates":[-122.55249499999996,45.666995000000043]},"properties":{"CameraID":3063,"CameraTitle":"SR 500 at MP 5.9: Fourth Plain Blvd (SR 503)","ImageURL":"https://images.wsdot.wa.gov/sw/500vc00594.jpg","WSDOTSRID":"500        ","CompassDirection":"B","Latitude":45.666995,"Longitude":-122.55249499999999,"CameraOwnerName":null,"CameraOwnerURL":null,"ImageWidth":335,"ImageHeight":249}},{"type":"Feature","id":3066,"geometry":{"type":"Point","coordinates":[-122.62567999999999,45.53392000000008]},"properties":{"CameraID":3066,"CameraTitle":"I-84 at 37th","ImageURL":"https://www.tripcheck.com/RoadCams/cams/i8437th_pid579.jpg","WSDOTSRID":"084        ","StateRouteMilepost":null,"CompassDirection":"O","Latitude":45.533920000000002,"Longitude":-122.62568,"CameraOwnerName":"Tripcheck (ODOT)","CameraOwnerURL":"http://www.tripcheck.com","ImageWidth":328,"ImageHeight":295}},{"type":"Feature","id":3067,"geometry":{"type":"Point","coordinates":[-122.77775999999994,45.507970000000057]},"properties":{"CameraID":3067,"CameraTitle":"US 26 at ORE 217","ImageURL":"https://www.tripcheck.com/RoadCams/cams/26_217_pid523.jpg","WSDOTSRID":"026        ","StateRouteMilepost":null,"CompassDirection":"O","Latitude":45.50797,"Longitude":-122.77776,"CameraOwnerName":"Tripcheck (ODOT)","CameraOwnerURL":"http://www.tripcheck.com","ImageWidth":328,"ImageHeight":295}},{"type":"Feature","id":3068,"geometry":{"type":"Point","coordinates":[-122.78582999999998,45.471690000000081]},"properties":{"CameraID":3068,"CameraTitle":"ORE 217 at Denney","ImageURL":"https://www.tripcheck.com/RoadCams/cams/217denney_pid516.jpg","WSDOTSRID":null,"StateRouteMilepost":null,"CompassDirection":"O","Latitude":45.471690000000002,"Longitude":-122.78583,"CameraOwnerName":"Tripcheck (ODOT)","CameraOwnerURL":"http://www.tripcheck.com","ImageWidth":328,"ImageHeight":295}},{"type":"Feature","id":3069,"geometry":{"type":"Point","coordinates":[-122.56230999999997,45.533670000000029]},"properties":{"CameraID":3069,"CameraTitle":"I-84 at Halsey-Lower","ImageURL":"https://www.tripcheck.com/RoadCams/cams/i84halseyl_pid585.jpg","WSDOTSRID":"084        ","StateRouteMilepost":null,"CompassDirection":"O","Latitude":45.533670000000001,"Longitude":-122.56231,"CameraOwnerName":"Tripcheck (ODOT)","CameraOwnerURL":"http://www.tripcheck.com","ImageWidth":328,"ImageHeight":295}},{"type":"Feature","id":3071,"geometry":{"type":"Point","coordinates":[-117.26115999999996,47.674936000000059]},"properties":{"CameraID":3071,"CameraTitle":"I-90 at MP 288.8: University","ImageURL":"https://images.wsdot.wa.gov/Spokane/i90/cctv013.jpg","WSDOTSRID":"090        ","CompassDirection":"B","Latitude":47.674936000000002,"Longitude":-117.26116,"CameraOwnerName":null,"CameraOwnerURL":null,"ImageWidth":352,"ImageHeight":280}},{"type":"Feature","id":3072,"geometry":{"type":"Point","coordinates":[-117.22595999999999,47.674195000000054]},"properties":{"CameraID":3072,"CameraTitle":"I-90 at MP 290.1: Pines Rd","ImageURL":"https://images.wsdot.wa.gov/Spokane/i90/cctv014.jpg","WSDOTSRID":"090        ","CompassDirection":"B","Latitude":47.674194999999997,"Longitude":-117.22596,"CameraOwnerName":null,"CameraOwnerURL":null,"ImageWidth":352,"ImageHeight":280}},{"type":"Feature","id":3073,"geometry":{"type":"Point","coordinates":[-117.21432999999996,47.672668000000044]},"properties":{"CameraID":3073,"CameraTitle":"I-90 at MP 291: Evergreen","ImageURL":"https://images.wsdot.wa.gov/Spokane/i90/cctv015.jpg","WSDOTSRID":"090        ","CompassDirection":"B","Latitude":47.672668000000002,"Longitude":-117.21433,"CameraOwnerName":null,"CameraOwnerURL":null,"ImageWidth":352,"ImageHeight":280}},{"type":"Feature","id":3074,"geometry":{"type":"Point","coordinates":[-117.19701399999997,47.66918000000004]},"properties":{"CameraID":3074,"CameraTitle":"I-90 at MP 291.9: Sullivan","ImageURL":"https://images.wsdot.wa.gov/Spokane/i90/cctv016.jpg","WSDOTSRID":"090        ","CompassDirection":"B","Latitude":47.669179999999997,"Longitude":-117.197014,"CameraOwnerName":null,"CameraOwnerURL":null,"ImageWidth":352,"ImageHeight":280}},{"type":"Feature","id":3076,"geometry":{"type":"Point","coordinates":[-117.45035199999995,47.646957000000043]},"properties":{"CameraID":3076,"CameraTitle":"I-90 at MP 297.4: US 195 Interchange","ImageURL":"https://images.wsdot.wa.gov/Spokane/i90/cctv018.jpg","WSDOTSRID":"090        ","CompassDirection":"B","Latitude":47.646957,"Longitude":-117.450352,"CameraOwnerName":null,"CameraOwnerURL":null,"ImageWidth":352,"ImageHeight":280}},{"type":"Feature","id":3077,"geometry":{"type":"Point","coordinates":[-122.90586999999999,47.017396000000076]},"properties":{"CameraID":3077,"CameraTitle":"I-5 at MP 104: Custer Way","ImageURL":"https://images.wsdot.wa.gov/orflow/005vc10404.jpg","WSDOTSRID":"005        ","CompassDirection":"B","Latitude":47.017395999999998,"Longitude":-122.90586999999999,"CameraOwnerName":null,"CameraOwnerURL":null,"ImageWidth":335,"ImageHeight":249}},{"type":"Feature","id":3078,"geometry":{"type":"Point","coordinates":[-122.88706999999999,47.035205000000076]},"properties":{"CameraID":3078,"CameraTitle":"I-5 at MP 105.6: Eastside St","ImageURL":"https://images.wsdot.wa.gov/orflow/005vc10567.jpg","WSDOTSRID":"005        ","CompassDirection":"B","Latitude":47.035204999999998,"Longitude":-122.88706999999999,"CameraOwnerName":null,"CameraOwnerURL":null,"ImageWidth":335,"ImageHeight":249}},{"type":"Feature","id":3079,"geometry":{"type":"Point","coordinates":[-122.83456299999995,47.045719000000076]},"properties":{"CameraID":3079,"CameraTitle":"I-5 at MP 108.3: Sleater-Kinney","ImageURL":"https://images.wsdot.wa.gov/orflow/005vc10835.jpg","WSDOTSRID":"005        ","CompassDirection":"B","Latitude":47.045718999999998,"Longitude":-122.834563,"CameraOwnerName":null,"CameraOwnerURL":null,"ImageWidth":335,"ImageHeight":209}},{"type":"Feature","id":3080,"geometry":{"type":"Point","coordinates":[-122.81975299999999,47.048000000000059]},"properties":{"CameraID":3080,"CameraTitle":"I-5 at MP 109: Martin Way","ImageURL":"https://images.wsdot.wa.gov/orflow/005vc10907.jpg","WSDOTSRID":"005        ","CompassDirection":"B","Latitude":47.048000000000002,"Longitude":-122.81975300000001,"CameraOwnerName":null,"CameraOwnerURL":null,"ImageWidth":335,"ImageHeight":249}},{"type":"Feature","id":3081,"geometry":{"type":"Point","coordinates":[-122.89159599999999,47.039727000000028]},"properties":{"CameraID":3081,"CameraTitle":"Plum @ Union (Olympia)","ImageURL":"https://images.wsdot.wa.gov/orflow/Olyvc00c01.jpg","WSDOTSRID":null,"StateRouteMilepost":null,"CompassDirection":"W","Latitude":47.039726999999999,"Longitude":-122.89159600000001,"CameraOwnerName":null,"CameraOwnerURL":null,"ImageWidth":335,"ImageHeight":249}},{"type":"Feature","id":3082,"geometry":{"type":"Point","coordinates":[-122.83361799999994,47.047902000000079]},"properties":{"CameraID":3082,"CameraTitle":"Sleater-Kinney @ Martin Way (Olympia)","ImageURL":"https://images.wsdot.wa.gov/orflow/Olyvc00c02.jpg","WSDOTSRID":null,"StateRouteMilepost":null,"CompassDirection":"B","Latitude":47.047902000000001,"Longitude":-122.833618,"CameraOwnerName":null,"CameraOwnerURL":null,"ImageWidth":335,"ImageHeight":249}},{"type":"Feature","id":3083,"geometry":{"type":"Point","coordinates":[-122.82336399999997,47.048766000000057]},"properties":{"CameraID":3083,"CameraTitle":"College @ Martin Way (Lacey)","ImageURL":"https://images.wsdot.wa.gov/orflow/Lacvc00c01.jpg","WSDOTSRID":null,"StateRouteMilepost":null,"CompassDirection":"B","Latitude":47.048766000000001,"Longitude":-122.823364,"CameraOwnerName":null,"CameraOwnerURL":null,"ImageWidth":335,"ImageHeight":249}},{"type":"Feature","id":3084,"geometry":{"type":"Point","coordinates":[-122.70462999999995,47.525502000000074]},"properties":{"CameraID":3084,"CameraTitle":"SR 3 at MP 34.2: Christopherson","ImageURL":"https://images.wsdot.wa.gov/orflow/003vc03426.jpg","WSDOTSRID":"003        ","CompassDirection":"E","Latitude":47.525502000000003,"Longitude":-122.70462999999999,"CameraOwnerName":null,"CameraOwnerURL":null,"ImageWidth":335,"ImageHeight":249}},{"type":"Feature","id":4004,"geometry":{"type":"Point","coordinates":[-117.41365999999999,47.652655000000038]},"properties":{"CameraID":4004,"CameraTitle":"I-90 at MP 282.2: Division #1","ImageURL":"https://images.wsdot.wa.gov/spokane/i90/cctv002.jpg","WSDOTSRID":"090        ","CompassDirection":"B","Latitude":47.652655000000003,"Longitude":-117.41365999999999,"CameraOwnerName":"","CameraOwnerURL":"","ImageWidth":352,"ImageHeight":280}},{"type":"Feature","id":4005,"geometry":{"type":"Point","coordinates":[-117.42011799999995,47.652629000000047]},"properties":{"CameraID":4005,"CameraTitle":"I-90 at MP 280.9: Jefferson","ImageURL":"https://images.wsdot.wa.gov/spokane/i90/cctv017.jpg","WSDOTSRID":"090        ","CompassDirection":"B","Latitude":47.652628999999997,"Longitude":-117.420118,"CameraOwnerName":null,"CameraOwnerURL":null,"ImageWidth":352,"ImageHeight":280}},{"type":"Feature","id":4006,"geometry":{"type":"Point","coordinates":[-117.41365999999999,47.652655000000038]},"properties":{"CameraID":4006,"CameraTitle":"I-90 at MP 281.2: Division #2","ImageURL":"https://images.wsdot.wa.gov/spokane/i90/cctv024.jpg","WSDOTSRID":"090        ","CompassDirection":"B","Latitude":47.652655000000003,"Longitude":-117.41365999999999,"CameraOwnerName":"","CameraOwnerURL":"","ImageWidth":352,"ImageHeight":280}},{"type":"Feature","id":4008,"geometry":{"type":"Point","coordinates":[-117.43554999999998,47.653520000000071]},"properties":{"CameraID":4008,"CameraTitle":"3rd / Maple (Spokane)","ImageURL":"https://images.wsdot.wa.gov/spokane/i90/cctv030.jpg","WSDOTSRID":null,"StateRouteMilepost":null,"CompassDirection":"B","Latitude":47.65352,"Longitude":-117.43555000000001,"CameraOwnerName":null,"CameraOwnerURL":null,"ImageWidth":352,"ImageHeight":280}},{"type":"Feature","id":4009,"geometry":{"type":"Point","coordinates":[-117.41795999999999,47.653490000000033]},"properties":{"CameraID":4009,"CameraTitle":"3rd / Washington (Spokane)","ImageURL":"https://images.wsdot.wa.gov/spokane/i90/cctv029.jpg","WSDOTSRID":null,"StateRouteMilepost":null,"CompassDirection":"B","Latitude":47.653489999999998,"Longitude":-117.41795999999999,"CameraOwnerName":null,"CameraOwnerURL":null,"ImageWidth":352,"ImageHeight":280}},{"type":"Feature","id":4010,"geometry":{"type":"Point","coordinates":[-117.42650999999995,47.654490000000067]},"properties":{"CameraID":4010,"CameraTitle":"2nd / Monroe (Spokane)","ImageURL":"https://images.wsdot.wa.gov/spokane/i90/cctv028.jpg","WSDOTSRID":null,"StateRouteMilepost":null,"CompassDirection":"B","Latitude":47.654490000000003,"Longitude":-117.42650999999999,"CameraOwnerName":null,"CameraOwnerURL":null,"ImageWidth":352,"ImageHeight":280}},{"type":"Feature","id":4011,"geometry":{"type":"Point","coordinates":[-117.41344999999995,47.654550000000029]},"properties":{"CameraID":4011,"CameraTitle":"2nd / Browne (Spokane)","ImageURL":"https://images.wsdot.wa.gov/spokane/i90/cctv027.jpg","WSDOTSRID":null,"StateRouteMilepost":null,"CompassDirection":"B","Latitude":47.65455,"Longitude":-117.41345,"CameraOwnerName":null,"CameraOwnerURL":null,"ImageWidth":352,"ImageHeight":280}},{"type":"Feature","id":4012,"geometry":{"type":"Point","coordinates":[-117.39653999999996,47.661836000000051]},"properties":{"CameraID":4012,"CameraTitle":"SR 290 at MP .7: Hamilton","ImageURL":"https://images.wsdot.wa.gov/spokane/i90/cctv026.jpg","WSDOTSRID":"290        ","CompassDirection":"B","Latitude":47.661836000000001,"Longitude":-117.39654,"CameraOwnerName":null,"CameraOwnerURL":null,"ImageWidth":352,"ImageHeight":280}},{"type":"Feature","id":4014,"geometry":{"type":"Point","coordinates":[-117.54398799999996,47.601461000000029]},"properties":{"CameraID":4014,"CameraTitle":"I-90 at MP 274: Thomas Mallen Rd.","ImageURL":"https://images.wsdot.wa.gov/spokane/i90/cctv022.jpg","WSDOTSRID":"090        ","CompassDirection":"B","Latitude":47.601461,"Longitude":-117.543988,"CameraOwnerName":null,"CameraOwnerURL":null,"ImageWidth":352,"ImageHeight":280}},{"type":"Feature","id":4015,"geometry":{"type":"Point","coordinates":[-117.56494699999996,47.59184700000003]},"properties":{"CameraID":4015,"CameraTitle":"I-90 at MP 272.2: SR-902 Interchange","ImageURL":"https://images.wsdot.wa.gov/spokane/i90/cctv023.jpg","WSDOTSRID":"090        ","CompassDirection":"B","Latitude":47.591847000000001,"Longitude":-117.564947,"CameraOwnerName":null,"CameraOwnerURL":null,"ImageWidth":352,"ImageHeight":280}},{"type":"Feature","id":4016,"geometry":{"type":"Point","coordinates":[-117.50470099999995,47.618720000000053]},"properties":{"CameraID":4016,"CameraTitle":"I-90 at MP 276.2: Geiger Rd.","ImageURL":"https://images.wsdot.wa.gov/spokane/i90/cctv021.jpg","WSDOTSRID":"090        ","CompassDirection":"B","Latitude":47.618720000000003,"Longitude":-117.504701,"CameraOwnerName":null,"CameraOwnerURL":null,"ImageWidth":352,"ImageHeight":280}},{"type":"Feature","id":4017,"geometry":{"type":"Point","coordinates":[-117.48363799999998,47.631255000000067]},"properties":{"CameraID":4017,"CameraTitle":"I-90 at MP 277.5: US 2 Interchange","ImageURL":"https://images.wsdot.wa.gov/spokane/i90/cctv020.jpg","WSDOTSRID":"090        ","CompassDirection":"B","Latitude":47.631255000000003,"Longitude":-117.483638,"CameraOwnerName":null,"CameraOwnerURL":null,"ImageWidth":352,"ImageHeight":280}},{"type":"Feature","id":4019,"geometry":{"type":"Point","coordinates":[-117.45942599999995,47.642998000000034]},"properties":{"CameraID":4019,"CameraTitle":"I-90 at MP 278.9: Finch Arboretum","ImageURL":"https://images.wsdot.wa.gov/spokane/i90/cctv019.jpg","WSDOTSRID":"090        ","CompassDirection":"B","Latitude":47.642997999999999,"Longitude":-117.45942599999999,"CameraOwnerName":null,"CameraOwnerURL":null,"ImageWidth":352,"ImageHeight":280}},{"type":"Feature","id":4020,"geometry":{"type":"Point","coordinates":[-122.65308999999996,45.713727000000063]},"properties":{"CameraID":4020,"CameraTitle":"I-5 at MP 6.9: 129th St","ImageURL":"https://images.wsdot.wa.gov/sw/005vc00691.jpg","WSDOTSRID":"005        ","CompassDirection":"B","Latitude":45.713726999999999,"Longitude":-122.65309000000001,"CameraOwnerName":null,"CameraOwnerURL":null,"ImageWidth":335,"ImageHeight":249}},{"type":"Feature","id":4021,"geometry":{"type":"Point","coordinates":[-122.66558299999997,45.669320000000027]},"properties":{"CameraID":4021,"CameraTitle":"I-5 at MP 3.7: N of 63rd St","ImageURL":"https://images.wsdot.wa.gov/sw/005vc00375.jpg","WSDOTSRID":"005        ","CompassDirection":"B","Latitude":45.669319999999999,"Longitude":-122.665583,"CameraOwnerName":null,"CameraOwnerURL":null,"ImageWidth":335,"ImageHeight":249}},{"type":"Feature","id":4022,"geometry":{"type":"Point","coordinates":[-120.41117999999994,46.716230000000053]},"properties":{"CameraID":4022,"CameraTitle":"I-82 at MP 22.4: Selah Creek Rest Area","ImageURL":"https://images.wsdot.wa.gov/sc/082VC02240.jpg","WSDOTSRID":"082        ","CompassDirection":"E","Latitude":46.716230000000003,"Longitude":-120.41118,"CameraOwnerName":null,"CameraOwnerURL":null,"ImageWidth":320,"ImageHeight":237}},{"type":"Feature","id":4023,"geometry":{"type":"Point","coordinates":[-122.13999399999994,47.814354000000037]},"properties":{"CameraID":4023,"CameraTitle":"SR 9 at MP 1.5: SR 524 Interchange","ImageURL":"https://images.wsdot.wa.gov/nw/009vc00159.jpg","WSDOTSRID":"009        ","CompassDirection":"N","Latitude":47.814354000000002,"Longitude":-122.139994,"CameraOwnerName":null,"CameraOwnerURL":null,"ImageWidth":335,"ImageHeight":249}},{"type":"Feature","id":4024,"geometry":{"type":"Point","coordinates":[-122.14337199999994,47.80154600000003]},"properties":{"CameraID":4024,"CameraTitle":"SR 9 at MP 0.5: 228th St SE","ImageURL":"https://images.wsdot.wa.gov/nw/009vc00057.jpg","WSDOTSRID":"009        ","CompassDirection":"N","Latitude":47.801546000000002,"Longitude":-122.143372,"CameraOwnerName":"","CameraOwnerURL":"","ImageWidth":335,"ImageHeight":249}},{"type":"Feature","id":4027,"geometry":{"type":"Point","coordinates":[-120.18411999999995,46.349880000000041]},"properties":{"CameraID":4027,"CameraTitle":"I-82 at MP 63.6: Outlook","ImageURL":"https://images.wsdot.wa.gov/rweather/Medium_Outlook.jpg","WSDOTSRID":"082        ","CompassDirection":"O","Latitude":46.349879999999999,"Longitude":-120.18411999999999,"CameraOwnerName":null,"CameraOwnerURL":null,"ImageWidth":320,"ImageHeight":253}},{"type":"Feature","id":4028,"geometry":{"type":"Point","coordinates":[-119.74819999999994,46.21766000000008]},"properties":{"CameraID":4028,"CameraTitle":"I-82 at MP 81.7: Prosser","ImageURL":"https://images.wsdot.wa.gov/rweather/Medium_Prosser.jpg","WSDOTSRID":"082        ","CompassDirection":"N","Latitude":46.217660000000002,"Longitude":-119.7482,"CameraOwnerName":null,"CameraOwnerURL":null,"ImageWidth":320,"ImageHeight":253}},{"type":"Feature","id":4029,"geometry":{"type":"Point","coordinates":[-120.24084999999997,46.392270000000053]},"properties":{"CameraID":4029,"CameraTitle":"I-82 at MP 54: Zillah","ImageURL":"https://images.wsdot.wa.gov/rweather/Medium_Zillah.jpg","WSDOTSRID":"082        ","CompassDirection":"N","Latitude":46.392270000000003,"Longitude":-120.24084999999999,"CameraOwnerName":null,"CameraOwnerURL":null,"ImageWidth":320,"ImageHeight":253}},{"type":"Feature","id":4030,"geometry":{"type":"Point","coordinates":[-119.87924999999996,48.390400000000056]},"properties":{"CameraID":4030,"CameraTitle":"SR 20 at MP 214.5 (Looking East)","ImageURL":"https://images.wsdot.wa.gov/nc/020vc21450.jpg","WSDOTSRID":"020        ","CompassDirection":"E","Latitude":48.3904,"Longitude":-119.87925,"CameraOwnerName":null,"CameraOwnerURL":null,"ImageWidth":335,"ImageHeight":272}},{"type":"Feature","id":4031,"geometry":{"type":"Point","coordinates":[-119.33623099999994,45.947194000000081]},"properties":{"CameraID":4031,"CameraTitle":"I-82 at MP 130.5: Plymouth Port of Entry","ImageURL":"https://images.wsdot.wa.gov/sc/082VC13146.jpg","WSDOTSRID":"082        ","CompassDirection":"N","Latitude":45.947194000000003,"Longitude":-119.336231,"CameraOwnerName":null,"CameraOwnerURL":null,"ImageWidth":320,"ImageHeight":237}},{"type":"Feature","id":4033,"geometry":{"type":"Point","coordinates":[-117.36414999999994,46.889944000000071]},"properties":{"CameraID":4033,"CameraTitle":"US 195 at MP 38.5: Colfax","ImageURL":"https://images.wsdot.wa.gov/spokane/sr195/colfax.jpg","WSDOTSRID":"195        ","CompassDirection":"N","Latitude":46.889944,"Longitude":-117.36415,"CameraOwnerName":null,"CameraOwnerURL":null,"ImageWidth":352,"ImageHeight":280}},{"type":"Feature","id":4034,"geometry":{"type":"Point","coordinates":[-117.90576999999996,48.54227000000003]},"properties":{"CameraID":4034,"CameraTitle":"US 395 at MP 229.34: Colville - Birch Ave","ImageURL":"https://images.wsdot.wa.gov/traffic/images/colville_birch.jpg","WSDOTSRID":"395        ","CompassDirection":"N","Latitude":48.542270000000002,"Longitude":-117.90577,"CameraOwnerName":null,"CameraOwnerURL":null,"ImageWidth":352,"ImageHeight":261}},{"type":"Feature","id":4035,"geometry":{"type":"Point","coordinates":[-117.92039999999997,48.55493000000007]},"properties":{"CameraID":4035,"CameraTitle":"US 395 at MP 230.6: Colville - Canning Dr","ImageURL":"https://images.wsdot.wa.gov/spokane/us395/colville_canning.jpg","WSDOTSRID":"395        ","CompassDirection":"N","Latitude":48.554929999999999,"Longitude":-117.9204,"CameraOwnerName":null,"CameraOwnerURL":null,"ImageWidth":352,"ImageHeight":280}},{"type":"Feature","id":4036,"geometry":{"type":"Point","coordinates":[-122.71973299999996,47.067908000000045]},"properties":{"CameraID":4036,"CameraTitle":"I-5 at MP 114.1: Nisqually","ImageURL":"https://images.wsdot.wa.gov/orflow/005vc11410.jpg","WSDOTSRID":"005        ","CompassDirection":"B","Latitude":47.067908000000003,"Longitude":-122.71973300000001,"CameraOwnerName":null,"CameraOwnerURL":null,"ImageWidth":335,"ImageHeight":249}},{"type":"Feature","id":4037,"geometry":{"type":"Point","coordinates":[-122.39508999999998,46.309700000000078]},"properties":{"CameraID":4037,"CameraTitle":"SR 504 at MP 33: Forest Learning Rest Area Center","ImageURL":"https://images.wsdot.wa.gov/sw/504vc03306.jpg","WSDOTSRID":"504        ","CompassDirection":"N","Latitude":46.309699999999999,"Longitude":-122.39509,"CameraOwnerName":null,"CameraOwnerURL":null,"ImageWidth":335,"ImageHeight":249}},{"type":"Feature","id":4038,"geometry":{"type":"Point","coordinates":[-122.27528899999999,46.558534000000066]},"properties":{"CameraID":4038,"CameraTitle":"Morton","ImageURL":"http://home.lewiscounty.com/~mortonwebcam/fullsize.jpg","WSDOTSRID":null,"StateRouteMilepost":null,"CompassDirection":"N","Latitude":46.558534000000002,"Longitude":-122.275289,"CameraOwnerName":"Lewis county","CameraOwnerURL":"http://www.lewiscounty.com/","ImageWidth":320,"ImageHeight":240}},{"type":"Feature","id":4042,"geometry":{"type":"Point","coordinates":[-117.36683099999999,47.763987000000043]},"properties":{"CameraID":4042,"CameraTitle":"US 395 NSC at MP 165.2: NSC 395 & Farwell","ImageURL":"https://images.wsdot.wa.gov/spokane/us395/Farwell.jpg","WSDOTSRID":"395        ","CompassDirection":"N","Latitude":47.763987,"Longitude":-117.366831,"CameraOwnerName":null,"CameraOwnerURL":null,"ImageWidth":352,"ImageHeight":280}},{"type":"Feature","id":4043,"geometry":{"type":"Point","coordinates":[-117.36398999999994,47.758238000000063]},"properties":{"CameraID":4043,"CameraTitle":"US 395 NSC at MP 164.5: NSC 395  & Parksmith","ImageURL":"https://images.wsdot.wa.gov/spokane/us395/ParkSmith.jpg","WSDOTSRID":"395        ","CompassDirection":"N","Latitude":47.758237999999999,"Longitude":-117.36399,"CameraOwnerName":null,"CameraOwnerURL":null,"ImageWidth":352,"ImageHeight":280}},{"type":"Feature","id":4044,"geometry":{"type":"Point","coordinates":[-117.35921099999996,47.749696000000029]},"properties":{"CameraID":4044,"CameraTitle":"US 395 NSC at MP 164.1: NSC 395 & Market","ImageURL":"https://images.wsdot.wa.gov/spokane/us395/Market.jpg","WSDOTSRID":"395        ","CompassDirection":"N","Latitude":47.749696,"Longitude":-117.359211,"CameraOwnerName":null,"CameraOwnerURL":null,"ImageWidth":352,"ImageHeight":280}},{"type":"Feature","id":4045,"geometry":{"type":"Point","coordinates":[-117.36045499999994,47.741576000000066]},"properties":{"CameraID":4045,"CameraTitle":"US 395 NSC at MP 163.4: NSC 395 & Fairview","ImageURL":"https://images.wsdot.wa.gov/spokane/us395/Fairview.jpg","WSDOTSRID":"395        ","CompassDirection":"N","Latitude":47.741576000000002,"Longitude":-117.360455,"CameraOwnerName":null,"CameraOwnerURL":null,"ImageWidth":352,"ImageHeight":280}},{"type":"Feature","id":4046,"geometry":{"type":"Point","coordinates":[-117.35961099999997,47.736128000000065]},"properties":{"CameraID":4046,"CameraTitle":"US 395 NSC at MP 163: NSC 395 & Gerlach","ImageURL":"https://images.wsdot.wa.gov/spokane/us395/Girlach.jpg","WSDOTSRID":"395        ","CompassDirection":"N","Latitude":47.736128000000001,"Longitude":-117.359611,"CameraOwnerName":null,"CameraOwnerURL":null,"ImageWidth":352,"ImageHeight":280}},{"type":"Feature","id":4047,"geometry":{"type":"Point","coordinates":[-117.35485099999994,47.728650000000073]},"properties":{"CameraID":4047,"CameraTitle":"US 395 NSC at MP 162.5: NSC 395 & Lincoln","ImageURL":"https://images.wsdot.wa.gov/spokane/us395/Lincoln.jpg","WSDOTSRID":"395        ","CompassDirection":"N","Latitude":47.728650000000002,"Longitude":-117.354851,"CameraOwnerName":null,"CameraOwnerURL":null,"ImageWidth":352,"ImageHeight":280}},{"type":"Feature","id":5000,"geometry":{"type":"Point","coordinates":[-121.98299899999995,47.862667000000044]},"properties":{"CameraID":5000,"CameraTitle":"US 2 at MP 14.3: SR 522 Interchange","ImageURL":"https://images.wsdot.wa.gov/nw/002vc01429.jpg","WSDOTSRID":"002        ","CompassDirection":"S","Latitude":47.862667000000002,"Longitude":-121.98299900000001,"CameraOwnerName":"","CameraOwnerURL":"","ImageWidth":335,"ImageHeight":249}},{"type":"Feature","id":5001,"geometry":{"type":"Point","coordinates":[-121.97680599999995,47.860749000000055]},"properties":{"CameraID":5001,"CameraTitle":"US 2 at MP 14.6: Kelsey St","ImageURL":"https://images.wsdot.wa.gov/nw/002vc01460.jpg","WSDOTSRID":"002        ","CompassDirection":"S","Latitude":47.860748999999998,"Longitude":-121.976806,"CameraOwnerName":"","CameraOwnerURL":"","ImageWidth":335,"ImageHeight":249}},{"type":"Feature","id":5002,"geometry":{"type":"Point","coordinates":[-121.96991799999995,47.859189000000072]},"properties":{"CameraID":5002,"CameraTitle":"US 2 at MP 14.9: Lewis St (SR 203)","ImageURL":"https://images.wsdot.wa.gov/nw/002vc01494.jpg","WSDOTSRID":"002        ","CompassDirection":"S","Latitude":47.859189000000001,"Longitude":-121.96991800000001,"CameraOwnerName":"","CameraOwnerURL":"","ImageWidth":335,"ImageHeight":249}},{"type":"Feature","id":5003,"geometry":{"type":"Point","coordinates":[-121.96359999999999,47.857765000000029]},"properties":{"CameraID":5003,"CameraTitle":"US 2 at MP 15.2: Main St","ImageURL":"https://images.wsdot.wa.gov/nw/002vc01525.jpg","WSDOTSRID":"002        ","CompassDirection":"S","Latitude":47.857765000000001,"Longitude":-121.9636,"CameraOwnerName":"","CameraOwnerURL":"","ImageWidth":335,"ImageHeight":249}},{"type":"Feature","id":5004,"geometry":{"type":"Point","coordinates":[-122.45524499999999,48.240028000000052]},"properties":{"CameraID":5004,"CameraTitle":"SR 532 at MP 0: Sunrise Blvd","ImageURL":"https://images.wsdot.wa.gov/nw/532vc00000.jpg","WSDOTSRID":"532        ","CompassDirection":"N","Latitude":48.240028000000002,"Longitude":-122.45524500000001,"CameraOwnerName":null,"CameraOwnerURL":null,"ImageWidth":335,"ImageHeight":249}},{"type":"Feature","id":5005,"geometry":{"type":"Point","coordinates":[-122.37087199999996,48.241062000000056]},"properties":{"CameraID":5005,"CameraTitle":"SR 532 at MP 4: 102nd Ave NW","ImageURL":"https://images.wsdot.wa.gov/nw/532vc00401.jpg","WSDOTSRID":"532        ","CompassDirection":"N","Latitude":48.241061999999999,"Longitude":-122.37087200000001,"CameraOwnerName":null,"CameraOwnerURL":null,"ImageWidth":335,"ImageHeight":249}},{"type":"Feature","id":5006,"geometry":{"type":"Point","coordinates":[-122.35737799999998,48.239917000000048]},"properties":{"CameraID":5006,"CameraTitle":"SR 532 at MP 4.6: 92nd Ave NW","ImageURL":"https://images.wsdot.wa.gov/nw/532vc00464.jpg","WSDOTSRID":"532        ","CompassDirection":"N","Latitude":48.239916999999998,"Longitude":-122.357378,"CameraOwnerName":null,"CameraOwnerURL":null,"ImageWidth":335,"ImageHeight":249}},{"type":"Feature","id":5007,"geometry":{"type":"Point","coordinates":[-122.35199699999998,48.239910000000066]},"properties":{"CameraID":5007,"CameraTitle":"SR 532 at MP 5: 88th Ave NW","ImageURL":"https://images.wsdot.wa.gov/nw/532vc00506.jpg","WSDOTSRID":"532        ","CompassDirection":"S","Latitude":48.239910000000002,"Longitude":-122.351997,"CameraOwnerName":null,"CameraOwnerURL":null,"ImageWidth":335,"ImageHeight":249}},{"type":"Feature","id":5008,"geometry":{"type":"Point","coordinates":[-122.34393599999999,48.239884000000075]},"properties":{"CameraID":5008,"CameraTitle":"SR 532 at MP 5.2: Pioneer Hwy","ImageURL":"https://images.wsdot.wa.gov/nw/532vc00526.jpg","WSDOTSRID":"532        ","CompassDirection":"N","Latitude":48.239884000000004,"Longitude":-122.343936,"CameraOwnerName":null,"CameraOwnerURL":null,"ImageWidth":335,"ImageHeight":249}},{"type":"Feature","id":5010,"geometry":{"type":"Point","coordinates":[-121.90727199999998,47.473080000000039]},"properties":{"CameraID":5010,"CameraTitle":"SR 18 at MP 23.5: Tiger Mountain","ImageURL":"https://images.wsdot.wa.gov/nw/018vc02357.jpg","WSDOTSRID":"018        ","CompassDirection":"W","Latitude":47.473080000000003,"Longitude":-121.90727200000001,"CameraOwnerName":null,"CameraOwnerURL":null,"ImageWidth":335,"ImageHeight":249}},{"type":"Feature","id":5013,"geometry":{"type":"Point","coordinates":[-122.33050599999996,48.239706000000069]},"properties":{"CameraID":5013,"CameraTitle":"SR 532 at MP 5.8: 72nd Ave NW","ImageURL":"https://images.wsdot.wa.gov/nw/532vc00588.jpg","WSDOTSRID":"532        ","CompassDirection":"N","Latitude":48.239705999999998,"Longitude":-122.330506,"CameraOwnerName":"","CameraOwnerURL":"","ImageWidth":335,"ImageHeight":249}},{"type":"Feature","id":5016,"geometry":{"type":"Point","coordinates":[-120.33665599999995,47.458366000000069]},"properties":{"CameraID":5016,"CameraTitle":"SR 285 at MP 4: N. Wenatchee Ave.","ImageURL":"https://images.wsdot.wa.gov/nc/285vc00436.jpg","WSDOTSRID":"285        ","CompassDirection":"S","Latitude":47.458365999999998,"Longitude":-120.336656,"CameraOwnerName":null,"CameraOwnerURL":null,"ImageWidth":335,"ImageHeight":249}},{"type":"Feature","id":5018,"geometry":{"type":"Point","coordinates":[-122.33730999999995,48.424890000000062]},"properties":{"CameraID":5018,"CameraTitle":"I-5 at MP 226.7: North of Kincaid St","ImageURL":"https://images.wsdot.wa.gov/nw/005vc22670.jpg","WSDOTSRID":"005        ","CompassDirection":"N","Latitude":48.424889999999998,"Longitude":-122.33731,"CameraOwnerName":null,"CameraOwnerURL":null,"ImageWidth":335,"ImageHeight":272}},{"type":"Feature","id":5020,"geometry":{"type":"Point","coordinates":[-122.24135199999995,48.239445000000046]},"properties":{"CameraID":5020,"CameraTitle":"I-5 at MP 212.7: SR 532 Interchange","ImageURL":"https://images.wsdot.wa.gov/nw/005vc21272.jpg","WSDOTSRID":"005        ","CompassDirection":"S","Latitude":48.239445000000003,"Longitude":-122.24135200000001,"CameraOwnerName":null,"CameraOwnerURL":null,"ImageWidth":335,"ImageHeight":249}},{"type":"Feature","id":5021,"geometry":{"type":"Point","coordinates":[-122.21052899999995,48.198536000000047]},"properties":{"CameraID":5021,"CameraTitle":"I-5 at MP 209.8: 228th St NE","ImageURL":"https://images.wsdot.wa.gov/nw/005vc20983.jpg","WSDOTSRID":"005        ","CompassDirection":"S","Latitude":48.198535999999997,"Longitude":-122.21052899999999,"CameraOwnerName":null,"CameraOwnerURL":null,"ImageWidth":335,"ImageHeight":249}},{"type":"Feature","id":8031,"geometry":{"type":"Point","coordinates":[-119.13313099999999,46.229860000000031]},"properties":{"CameraID":8031,"CameraTitle":"US 395 at MP 19.2: Blue Bridge","ImageURL":"https://images.wsdot.wa.gov/sc/395VC01921.jpg","WSDOTSRID":"395        ","CompassDirection":"N","Latitude":46.229860000000002,"Longitude":-119.13313100000001,"CameraOwnerName":null,"CameraOwnerURL":null,"ImageWidth":320,"ImageHeight":237}},{"type":"Feature","id":8032,"geometry":{"type":"Point","coordinates":[-117.07883999999996,46.505800000000079]},"properties":{"CameraID":8032,"CameraTitle":"US 195 at MP 3.6: Uniontown (1)","ImageURL":"https://images.wsdot.wa.gov/rweather/Medium_Uniontown.jpg","WSDOTSRID":"195        ","CompassDirection":"N","Latitude":46.505800000000001,"Longitude":-117.07884,"CameraOwnerName":null,"CameraOwnerURL":null,"ImageWidth":320,"ImageHeight":239}},{"type":"Feature","id":8033,"geometry":{"type":"Point","coordinates":[-117.07883999999996,46.505800000000079]},"properties":{"CameraID":8033,"CameraTitle":"US 195 at MP 3.6: Uniontown (2)","ImageURL":"https://images.wsdot.wa.gov/rweather/Medium_Uniontown1.jpg","WSDOTSRID":"195        ","CompassDirection":"N","Latitude":46.505800000000001,"Longitude":-117.07884,"CameraOwnerName":null,"CameraOwnerURL":null,"ImageWidth":320,"ImageHeight":239}},{"type":"Feature","id":8034,"geometry":{"type":"Point","coordinates":[-117.07883999999996,46.505800000000079]},"properties":{"CameraID":8034,"CameraTitle":"US 195 at MP 3.6: Uniontown (3)","ImageURL":"https://images.wsdot.wa.gov/rweather/Medium_Uniontown2.jpg","WSDOTSRID":"195        ","CompassDirection":"N","Latitude":46.505800000000001,"Longitude":-117.07884,"CameraOwnerName":null,"CameraOwnerURL":null,"ImageWidth":320,"ImageHeight":239}},{"type":"Feature","id":8035,"geometry":{"type":"Point","coordinates":[-117.07883999999996,46.505800000000079]},"properties":{"CameraID":8035,"CameraTitle":"US 195 at MP 3.6: Uniontown (4)","ImageURL":"https://images.wsdot.wa.gov/rweather/Medium_Uniontown3.jpg","WSDOTSRID":"195        ","CompassDirection":"N","Latitude":46.505800000000001,"Longitude":-117.07884,"CameraOwnerName":null,"CameraOwnerURL":null,"ImageWidth":320,"ImageHeight":239}},{"type":"Feature","id":8036,"geometry":{"type":"Point","coordinates":[-117.07883999999996,46.505800000000079]},"properties":{"CameraID":8036,"CameraTitle":"US 195 at MP 3.6: Uniontown (5)","ImageURL":"https://images.wsdot.wa.gov/rweather/Medium_Uniontown4.jpg","WSDOTSRID":"195        ","CompassDirection":"N","Latitude":46.505800000000001,"Longitude":-117.07884,"CameraOwnerName":null,"CameraOwnerURL":null,"ImageWidth":320,"ImageHeight":239}},{"type":"Feature","id":8037,"geometry":{"type":"Point","coordinates":[-117.07883999999996,46.505800000000079]},"properties":{"CameraID":8037,"CameraTitle":"US 195 at MP 3.6: Uniontown (6)","ImageURL":"https://images.wsdot.wa.gov/rweather/Medium_Uniontown5.jpg","WSDOTSRID":"195        ","CompassDirection":"N","Latitude":46.505800000000001,"Longitude":-117.07884,"CameraOwnerName":null,"CameraOwnerURL":null,"ImageWidth":320,"ImageHeight":239}},{"type":"Feature","id":8038,"geometry":{"type":"Point","coordinates":[-117.07883999999996,46.505800000000079]},"properties":{"CameraID":8038,"CameraTitle":"US 195 at MP 3.6: Uniontown (7)","ImageURL":"https://images.wsdot.wa.gov/rweather/Medium_Uniontown6.jpg","WSDOTSRID":"195        ","CompassDirection":"N","Latitude":46.505800000000001,"Longitude":-117.07884,"CameraOwnerName":null,"CameraOwnerURL":null,"ImageWidth":320,"ImageHeight":239}},{"type":"Feature","id":8039,"geometry":{"type":"Point","coordinates":[-117.07883999999996,46.505800000000079]},"properties":{"CameraID":8039,"CameraTitle":"US 195 at MP 3.6: Uniontown (8)","ImageURL":"https://images.wsdot.wa.gov/rweather/Medium_Uniontown7.jpg","WSDOTSRID":"195        ","CompassDirection":"N","Latitude":46.505800000000001,"Longitude":-117.07884,"CameraOwnerName":null,"CameraOwnerURL":null,"ImageWidth":320,"ImageHeight":239}},{"type":"Feature","id":8040,"geometry":{"type":"Point","coordinates":[-117.39929999999998,47.483690000000081]},"properties":{"CameraID":8040,"CameraTitle":"US 195 at MP 81.6: Spangle (1)","ImageURL":"https://images.wsdot.wa.gov/rweather/Medium_Spangle.jpg","WSDOTSRID":"195        ","CompassDirection":"N","Latitude":47.483690000000003,"Longitude":-117.3993,"CameraOwnerName":null,"CameraOwnerURL":null,"ImageWidth":320,"ImageHeight":261}},{"type":"Feature","id":8041,"geometry":{"type":"Point","coordinates":[-117.39929999999998,47.483690000000081]},"properties":{"CameraID":8041,"CameraTitle":"US 195 at MP 81.6: Spangle (2)","ImageURL":"https://images.wsdot.wa.gov/rweather/Medium_Spangle1.jpg","WSDOTSRID":"195        ","CompassDirection":"N","Latitude":47.483690000000003,"Longitude":-117.3993,"CameraOwnerName":null,"CameraOwnerURL":null,"ImageWidth":320,"ImageHeight":261}},{"type":"Feature","id":8042,"geometry":{"type":"Point","coordinates":[-117.39929999999998,47.483690000000081]},"properties":{"CameraID":8042,"CameraTitle":"US 195 at MP 81.6: Spangle (3)","ImageURL":"https://images.wsdot.wa.gov/rweather/Medium_Spangle2.jpg","WSDOTSRID":"195        ","CompassDirection":"N","Latitude":47.483690000000003,"Longitude":-117.3993,"CameraOwnerName":null,"CameraOwnerURL":null,"ImageWidth":320,"ImageHeight":261}},{"type":"Feature","id":8043,"geometry":{"type":"Point","coordinates":[-117.39929999999998,47.483690000000081]},"properties":{"CameraID":8043,"CameraTitle":"US 195 at MP 81.6: Spangle (4)","ImageURL":"https://images.wsdot.wa.gov/rweather/Medium_Spangle3.jpg","WSDOTSRID":"195        ","CompassDirection":"N","Latitude":47.483690000000003,"Longitude":-117.3993,"CameraOwnerName":null,"CameraOwnerURL":null,"ImageWidth":320,"ImageHeight":261}},{"type":"Feature","id":8044,"geometry":{"type":"Point","coordinates":[-117.39929999999998,47.483690000000081]},"properties":{"CameraID":8044,"CameraTitle":"US 195 at MP 81.6: Spangle (5)","ImageURL":"https://images.wsdot.wa.gov/rweather/Medium_Spangle4.jpg","WSDOTSRID":"195        ","CompassDirection":"N","Latitude":47.483690000000003,"Longitude":-117.3993,"CameraOwnerName":null,"CameraOwnerURL":null,"ImageWidth":320,"ImageHeight":261}},{"type":"Feature","id":8045,"geometry":{"type":"Point","coordinates":[-117.39929999999998,47.483690000000081]},"properties":{"CameraID":8045,"CameraTitle":"US 195 at MP 81.6: Spangle (6)","ImageURL":"https://images.wsdot.wa.gov/rweather/Medium_Spangle5.jpg","WSDOTSRID":"195        ","CompassDirection":"N","Latitude":47.483690000000003,"Longitude":-117.3993,"CameraOwnerName":null,"CameraOwnerURL":null,"ImageWidth":320,"ImageHeight":261}},{"type":"Feature","id":8046,"geometry":{"type":"Point","coordinates":[-117.39929999999998,47.483690000000081]},"properties":{"CameraID":8046,"CameraTitle":"US 195 at MP 81.6: Spangle (7)","ImageURL":"https://images.wsdot.wa.gov/rweather/Medium_Spangle6.jpg","WSDOTSRID":"195        ","CompassDirection":"N","Latitude":47.483690000000003,"Longitude":-117.3993,"CameraOwnerName":null,"CameraOwnerURL":null,"ImageWidth":320,"ImageHeight":261}},{"type":"Feature","id":8047,"geometry":{"type":"Point","coordinates":[-117.39929999999998,47.483690000000081]},"properties":{"CameraID":8047,"CameraTitle":"US 195 at MP 81.6: Spangle (8)","ImageURL":"https://images.wsdot.wa.gov/rweather/Medium_Spangle7.jpg","WSDOTSRID":"195        ","CompassDirection":"N","Latitude":47.483690000000003,"Longitude":-117.3993,"CameraOwnerName":null,"CameraOwnerURL":null,"ImageWidth":320,"ImageHeight":261}},{"type":"Feature","id":8050,"geometry":{"type":"Point","coordinates":[-122.89438799999999,47.757008000000042]},"properties":{"CameraID":8050,"CameraTitle":"US 101 at MP 301.5: Mt Walker","ImageURL":"https://images.wsdot.wa.gov/rweather/Medium_MtWalker1.jpg","WSDOTSRID":"101        ","CompassDirection":"N","Latitude":47.757007999999999,"Longitude":-122.89438800000001,"CameraOwnerName":null,"CameraOwnerURL":null,"ImageWidth":320,"ImageHeight":261}},{"type":"Feature","id":8051,"geometry":{"type":"Point","coordinates":[-124.33433999999994,47.533610000000067]},"properties":{"CameraID":8051,"CameraTitle":"US 101 at MP 152.5: Queets","ImageURL":"https://images.wsdot.wa.gov/rweather/Medium_Queets.jpg","WSDOTSRID":"101        ","CompassDirection":"N","Latitude":47.533610000000003,"Longitude":-124.33434,"CameraOwnerName":null,"CameraOwnerURL":null,"ImageWidth":352,"ImageHeight":261}},{"type":"Feature","id":8052,"geometry":{"type":"Point","coordinates":[-123.03282599999994,47.085076000000072]},"properties":{"CameraID":8052,"CameraTitle":"US 101 at MP 359: Oyster Bay Rd.","ImageURL":"https://images.wsdot.wa.gov/rweather/Medium_OysterBayRD.jpg","WSDOTSRID":"101        ","CompassDirection":"N","Latitude":47.085076000000001,"Longitude":-123.032826,"CameraOwnerName":null,"CameraOwnerURL":null,"ImageWidth":352,"ImageHeight":261}},{"type":"Feature","id":8053,"geometry":{"type":"Point","coordinates":[-124.25058199999995,47.302810000000079]},"properties":{"CameraID":8053,"CameraTitle":"SR 109 at MP 36.7: Pt. Grenville","ImageURL":"https://images.wsdot.wa.gov/orflow/PTGrenville.jpg","WSDOTSRID":"109        ","CompassDirection":"N","Latitude":47.302810000000001,"Longitude":-124.25058199999999,"CameraOwnerName":null,"CameraOwnerURL":null,"ImageWidth":352,"ImageHeight":261}},{"type":"Feature","id":8059,"geometry":{"type":"Point","coordinates":[-122.34021199999995,48.435889000000032]},"properties":{"CameraID":8059,"CameraTitle":"I-5 at MP 227.7: College Way NB Ramps (SR 538)","ImageURL":"https://images.wsdot.wa.gov/nw/538vc00004.jpg","WSDOTSRID":"005        ","CompassDirection":"S","Latitude":48.435889000000003,"Longitude":-122.34021199999999,"CameraOwnerName":null,"CameraOwnerURL":null,"ImageWidth":335,"ImageHeight":249}},{"type":"Feature","id":8060,"geometry":{"type":"Point","coordinates":[-122.34193299999998,48.470140000000072]},"properties":{"CameraID":8060,"CameraTitle":"I-5 at MP 230.1: SR 20 Interchange","ImageURL":"https://images.wsdot.wa.gov/nw/005vc23012.jpg","WSDOTSRID":"005        ","CompassDirection":"S","Latitude":48.470140000000001,"Longitude":-122.341933,"CameraOwnerName":null,"CameraOwnerURL":null,"ImageWidth":335,"ImageHeight":249}},{"type":"Feature","id":8061,"geometry":{"type":"Point","coordinates":[-120.47126899999995,46.559638000000064]},"properties":{"CameraID":8061,"CameraTitle":"I-82 at MP 37.8: Union Gap","ImageURL":"https://images.wsdot.wa.gov/rweather/Medium_uniongap.jpg","WSDOTSRID":"082        ","CompassDirection":"N","Latitude":46.559638,"Longitude":-120.47126900000001,"CameraOwnerName":null,"CameraOwnerURL":null,"ImageWidth":320,"ImageHeight":261}},{"type":"Feature","id":8062,"geometry":{"type":"Point","coordinates":[-121.10618999999997,47.751300000000072]},"properties":{"CameraID":8062,"CameraTitle":"US 2 at MP 64.6: East Stevens Pass Summit","ImageURL":"https://images.wsdot.wa.gov/nc/002vc06458.jpg","WSDOTSRID":"002        ","CompassDirection":"W","Latitude":47.751300000000001,"Longitude":-121.10619,"CameraOwnerName":null,"CameraOwnerURL":null,"ImageWidth":335,"ImageHeight":249}},{"type":"Feature","id":8063,"geometry":{"type":"Point","coordinates":[-121.09029099999998,47.745193000000029]},"properties":{"CameraID":8063,"CameraTitle":"US 2 at MP 64.3: West Stevens Pass - Ski Lodge","ImageURL":"https://images.wsdot.wa.gov/nc/002vc06430.jpg","WSDOTSRID":"002        ","CompassDirection":"W","Latitude":47.745193,"Longitude":-121.09029099999999,"CameraOwnerName":null,"CameraOwnerURL":null,"ImageWidth":335,"ImageHeight":209}},{"type":"Feature","id":8068,"geometry":{"type":"Point","coordinates":[-120.59283899999997,47.558857000000046]},"properties":{"CameraID":8068,"CameraTitle":"US 97 at MP 185: Don Senn Memorial Interchange","ImageURL":"https://images.wsdot.wa.gov/nc/097vc18494.jpg","WSDOTSRID":"097        ","CompassDirection":"N","Latitude":47.558857000000003,"Longitude":-120.592839,"CameraOwnerName":null,"CameraOwnerURL":null,"ImageWidth":335,"ImageHeight":272}},{"type":"Feature","id":8069,"geometry":{"type":"Point","coordinates":[-123.87165999999996,46.234800000000064]},"properties":{"CameraID":8069,"CameraTitle":"US 101 at MP 0.5: Astoria-Megler Bridge","ImageURL":"https://images.wsdot.wa.gov/sw/101vc00050.jpg","WSDOTSRID":"101        ","CompassDirection":"S","Latitude":46.2348,"Longitude":-123.87166000000001,"CameraOwnerName":null,"CameraOwnerURL":null,"ImageWidth":335,"ImageHeight":249}},{"type":"Feature","id":8070,"geometry":{"type":"Point","coordinates":[-121.49022999999994,45.724100000000078]},"properties":{"CameraID":8070,"CameraTitle":"SR 14 at MP 65: Hood River Bridge","ImageURL":"https://images.wsdot.wa.gov/sw/014vc06504.jpg","WSDOTSRID":"014        ","CompassDirection":"S","Latitude":45.7241,"Longitude":-121.49023,"CameraOwnerName":null,"CameraOwnerURL":null,"ImageWidth":335,"ImageHeight":249}},{"type":"Feature","id":8071,"geometry":{"type":"Point","coordinates":[-117.37851899999998,47.77242700000005]},"properties":{"CameraID":8071,"CameraTitle":"US 2 at MP 295.6: Farwell Rd","ImageURL":"https://images.wsdot.wa.gov/Spokane/i90/ccTV012.jpg","WSDOTSRID":"002        ","CompassDirection":"B","Latitude":47.772427,"Longitude":-117.378519,"CameraOwnerName":null,"CameraOwnerURL":null,"ImageWidth":352,"ImageHeight":280}},{"type":"Feature","id":8072,"geometry":{"type":"Point","coordinates":[-120.60105499999997,47.563640000000078]},"properties":{"CameraID":8072,"CameraTitle":"US 2 at MP 104.8: Don Senn Memorial Interchange","ImageURL":"https://images.wsdot.wa.gov/nc/002vc10481.jpg","WSDOTSRID":"002        ","CompassDirection":"W","Latitude":47.563639999999999,"Longitude":-120.601055,"CameraOwnerName":null,"CameraOwnerURL":null,"ImageWidth":335,"ImageHeight":272}},{"type":"Feature","id":8075,"geometry":{"type":"Point","coordinates":[-123.61788999999999,48.067480000000046]},"properties":{"CameraID":8075,"CameraTitle":"US 101 at MP 237.1: Indian Valley","ImageURL":"https://images.wsdot.wa.gov/rweather/Medium_IndianValleyUS101.jpg","WSDOTSRID":"101        ","CompassDirection":"O","Latitude":48.067480000000003,"Longitude":-123.61789,"CameraOwnerName":null,"CameraOwnerURL":null,"ImageWidth":352,"ImageHeight":219}},{"type":"Feature","id":8076,"geometry":{"type":"Point","coordinates":[-119.52375399999994,47.103875000000073]},"properties":{"CameraID":8076,"CameraTitle":"I-90 at MP 164.5 (Looking East)","ImageURL":"https://images.wsdot.wa.gov/nc/090vc16456.jpg","WSDOTSRID":"090        ","CompassDirection":"E","Latitude":47.103875000000002,"Longitude":-119.523754,"CameraOwnerName":null,"CameraOwnerURL":null,"ImageWidth":335,"ImageHeight":272}},{"type":"Feature","id":8077,"geometry":{"type":"Point","coordinates":[-119.22448999999995,46.044340000000034]},"properties":{"CameraID":8077,"CameraTitle":"I-82 at MP 121.2: Horse Heaven","ImageURL":"https://images.wsdot.wa.gov/rweather/Medium_HorseHeaven@I-82.jpg","WSDOTSRID":"082        ","CompassDirection":"N","Latitude":46.044339999999998,"Longitude":-119.22449,"CameraOwnerName":null,"CameraOwnerURL":null,"ImageWidth":320,"ImageHeight":239}},{"type":"Feature","id":8078,"geometry":{"type":"Point","coordinates":[-117.96853099999998,46.492929000000061]},"properties":{"CameraID":8078,"CameraTitle":"US 12 at MP 381.6: Delaney","ImageURL":"https://images.wsdot.wa.gov/rweather/Medium_Delaney@us12.jpg","WSDOTSRID":"012        ","CompassDirection":"E","Latitude":46.492928999999997,"Longitude":-117.968531,"CameraOwnerName":null,"CameraOwnerURL":null,"ImageWidth":320,"ImageHeight":239}},{"type":"Feature","id":8081,"geometry":{"type":"Point","coordinates":[-119.88095999999996,46.534220000000062]},"properties":{"CameraID":8081,"CameraTitle":"SR 24 at MP 30.4: SR 241 Interchange","ImageURL":"https://images.wsdot.wa.gov/rweather/SR24atSR241_1.jpg","WSDOTSRID":"024        ","CompassDirection":"N","Latitude":46.534219999999998,"Longitude":-119.88096,"CameraOwnerName":null,"CameraOwnerURL":null,"ImageWidth":320,"ImageHeight":225}},{"type":"Feature","id":8082,"geometry":{"type":"Point","coordinates":[-119.24038599999994,46.236145000000079]},"properties":{"CameraID":8082,"CameraTitle":"SR 240 at MP 37.8: Richland Wye","ImageURL":"https://images.wsdot.wa.gov/sc/240VC03785.jpg","WSDOTSRID":"240        ","CompassDirection":"E","Latitude":46.236145,"Longitude":-119.240386,"CameraOwnerName":null,"CameraOwnerURL":null,"ImageWidth":320,"ImageHeight":237}},{"type":"Feature","id":8083,"geometry":{"type":"Point","coordinates":[-120.73672999999997,47.749700000000075]},"properties":{"CameraID":8083,"CameraTitle":"US 2 at MP 87: Winton","ImageURL":"https://images.wsdot.wa.gov/nc/winton.jpg","WSDOTSRID":"002        ","CompassDirection":"E","Latitude":47.749699999999997,"Longitude":-120.73672999999999,"CameraOwnerName":null,"CameraOwnerURL":null,"ImageWidth":320,"ImageHeight":239}},{"type":"Feature","id":8091,"geometry":{"type":"Point","coordinates":[-119.92022299999996,47.873164000000031]},"properties":{"CameraID":8091,"CameraTitle":"US 97 at MP 240: N. Chelan Falls","ImageURL":"https://images.wsdot.wa.gov/nc/097vc24013.jpg","WSDOTSRID":"097        ","CompassDirection":"N","Latitude":47.873164000000003,"Longitude":-119.92022299999999,"CameraOwnerName":null,"CameraOwnerURL":null,"ImageWidth":335,"ImageHeight":272}},{"type":"Feature","id":8093,"geometry":{"type":"Point","coordinates":[-121.00732999999997,47.184060000000045]},"properties":{"CameraID":8093,"CameraTitle":"I-90 at MP 79.5: Bullfrog-facing west","ImageURL":"https://images.wsdot.wa.gov/rweather/Medium_bullfrog.jpg","WSDOTSRID":"090        ","CompassDirection":"W","Latitude":47.184060000000002,"Longitude":-121.00733,"CameraOwnerName":null,"CameraOwnerURL":null,"ImageWidth":320,"ImageHeight":239}},{"type":"Feature","id":8094,"geometry":{"type":"Point","coordinates":[-121.00732999999997,47.184060000000045]},"properties":{"CameraID":8094,"CameraTitle":"I-90 at MP 79.5: Bullfrog-facing east","ImageURL":"https://images.wsdot.wa.gov/rweather/Medium_bullfrog2.jpg","WSDOTSRID":"090        ","CompassDirection":"E","Latitude":47.184060000000002,"Longitude":-121.00733,"CameraOwnerName":null,"CameraOwnerURL":null,"ImageWidth":320,"ImageHeight":239}},{"type":"Feature","id":8095,"geometry":{"type":"Point","coordinates":[-120.57794999999999,46.038540000000069]},"properties":{"CameraID":8095,"CameraTitle":"US 97 at MP 34.5: Yakima County Line","ImageURL":"https://images.wsdot.wa.gov/rweather/Medium_Us97@YakimaCountyLine.jpg","WSDOTSRID":"097        ","CompassDirection":"N","Latitude":46.038539999999998,"Longitude":-120.57795,"CameraOwnerName":null,"CameraOwnerURL":null,"ImageWidth":320,"ImageHeight":250}},{"type":"Feature","id":8096,"geometry":{"type":"Point","coordinates":[-119.36949999999996,46.25040000000007]},"properties":{"CameraID":8096,"CameraTitle":"I-82 at MP 102.5: I-182 Interchange","ImageURL":"https://images.wsdot.wa.gov/rweather/medium_I182@I82.jpg","WSDOTSRID":"082        ","CompassDirection":"N","Latitude":46.250399999999999,"Longitude":-119.3695,"CameraOwnerName":null,"CameraOwnerURL":null,"ImageWidth":320,"ImageHeight":239}},{"type":"Feature","id":8098,"geometry":{"type":"Point","coordinates":[-117.35472999999996,48.869210000000066]},"properties":{"CameraID":8098,"CameraTitle":"SR 31 at MP 16.6: Metaline Falls","ImageURL":"https://images.wsdot.wa.gov/rweather/medium_metalinefalls.JPG","WSDOTSRID":"031        ","CompassDirection":"N","Latitude":48.869210000000002,"Longitude":-117.35473,"CameraOwnerName":null,"CameraOwnerURL":null,"ImageWidth":320,"ImageHeight":261}},{"type":"Feature","id":8099,"geometry":{"type":"Point","coordinates":[-119.60157999999996,46.131080000000054]},"properties":{"CameraID":8099,"CameraTitle":"SR 221 at MP 13.4: Sellards Road","ImageURL":"https://images.wsdot.wa.gov/rweather/medium_SellardsRoad.jpg","WSDOTSRID":"221        ","CompassDirection":"N","Latitude":46.131079999999997,"Longitude":-119.60158,"CameraOwnerName":null,"CameraOwnerURL":null,"ImageWidth":320,"ImageHeight":261}},{"type":"Feature","id":8100,"geometry":{"type":"Point","coordinates":[-120.78887999999995,46.748372000000074]},"properties":{"CameraID":8100,"CameraTitle":"US 12 at MP 185.5: SR 410 Interchange","ImageURL":"https://images.wsdot.wa.gov/sc/012VC18546.jpg","WSDOTSRID":"012        ","CompassDirection":"E","Latitude":46.748372000000003,"Longitude":-120.78888000000001,"CameraOwnerName":null,"CameraOwnerURL":null,"ImageWidth":320,"ImageHeight":237}},{"type":"Feature","id":8104,"geometry":{"type":"Point","coordinates":[-122.33039099999996,48.399878000000058]},"properties":{"CameraID":8104,"CameraTitle":"I-5 at MP 225.1: Anderson Rd (South)","ImageURL":"https://images.wsdot.wa.gov/nw/005vc22517.jpg","WSDOTSRID":"005        ","CompassDirection":"N","Latitude":48.399878000000001,"Longitude":-122.33039100000001,"CameraOwnerName":null,"CameraOwnerURL":null,"ImageWidth":335,"ImageHeight":249}},{"type":"Feature","id":8105,"geometry":{"type":"Point","coordinates":[-122.33039799999995,48.40002000000004]},"properties":{"CameraID":8105,"CameraTitle":"I-5 at MP 225.1: Anderson Rd (North)","ImageURL":"https://images.wsdot.wa.gov/nw/005vc22518.jpg","WSDOTSRID":"005        ","CompassDirection":"N","Latitude":48.400019999999998,"Longitude":-122.330398,"CameraOwnerName":null,"CameraOwnerURL":null,"ImageWidth":335,"ImageHeight":249}},{"type":"Feature","id":8201,"geometry":{"type":"Point","coordinates":[-120.80023099999994,47.119951000000071]},"properties":{"CameraID":8201,"CameraTitle":"I-90 at MP 93.6: Elk Heights","ImageURL":"https://images.wsdot.wa.gov/sc/090VC09360.jpg","WSDOTSRID":"090        ","CompassDirection":"B","Latitude":47.119951,"Longitude":-120.800231,"CameraOwnerName":null,"CameraOwnerURL":null,"ImageWidth":320,"ImageHeight":239}},{"type":"Feature","id":8205,"geometry":{"type":"Point","coordinates":[-121.12799999999999,47.217679000000032]},"properties":{"CameraID":8205,"CameraTitle":"I-90 at MP 73.1: West Nelson","ImageURL":"https://images.wsdot.wa.gov/sc/090VC07319.jpg","WSDOTSRID":"090        ","CompassDirection":"B","Latitude":47.217678999999997,"Longitude":-121.128,"CameraOwnerName":null,"CameraOwnerURL":null,"ImageWidth":320,"ImageHeight":239}},{"type":"Feature","id":8216,"geometry":{"type":"Point","coordinates":[-122.15829999999994,48.167500000000075]},"properties":{"CameraID":8216,"CameraTitle":"Arlington Municipal Airport Northwest","ImageURL":"https://images.wsdot.wa.gov/airports/arlwest.jpg","WSDOTSRID":null,"StateRouteMilepost":null,"CompassDirection":"E","Latitude":48.167499999999997,"Longitude":-122.1583,"CameraOwnerName":"WSDOT Aviation","CameraOwnerURL":"https://www.wsdot.wa.gov/aviation/WebCam/Arlington.htm","ImageWidth":335,"ImageHeight":197}},{"type":"Feature","id":8217,"geometry":{"type":"Point","coordinates":[-122.15829999999994,48.167500000000075]},"properties":{"CameraID":8217,"CameraTitle":"Arlington Municipal Airport West","ImageURL":"https://images.wsdot.wa.gov/airports/arlrw11.jpg","WSDOTSRID":null,"StateRouteMilepost":null,"CompassDirection":"W","Latitude":48.167499999999997,"Longitude":-122.1583,"CameraOwnerName":"WSDOT Aviation","CameraOwnerURL":"https://www.wsdot.wa.gov/aviation/WebCam/Arlington.htm","ImageWidth":335,"ImageHeight":197}},{"type":"Feature","id":8218,"geometry":{"type":"Point","coordinates":[-122.15829999999994,48.167500000000075]},"properties":{"CameraID":8218,"CameraTitle":"Arlington Municipal Airport North","ImageURL":"https://images.wsdot.wa.gov/airports/arlrw16.jpg","WSDOTSRID":null,"StateRouteMilepost":null,"CompassDirection":"N","Latitude":48.167499999999997,"Longitude":-122.1583,"CameraOwnerName":"WSDOT Aviation","CameraOwnerURL":"https://www.wsdot.wa.gov/aviation/WebCam/Arlington.htm","ImageWidth":335,"ImageHeight":197}},{"type":"Feature","id":8219,"geometry":{"type":"Point","coordinates":[-122.15829999999994,48.167500000000075]},"properties":{"CameraID":8219,"CameraTitle":"Arlington Municipal Airport Southwest","ImageURL":"https://images.wsdot.wa.gov/airports/arlsw.jpg","WSDOTSRID":null,"StateRouteMilepost":null,"CompassDirection":"S","Latitude":48.167499999999997,"Longitude":-122.1583,"CameraOwnerName":"WSDOT Aviation","CameraOwnerURL":"https://www.wsdot.wa.gov/aviation/WebCam/Arlington.htm","ImageWidth":335,"ImageHeight":197}},{"type":"Feature","id":8220,"geometry":{"type":"Point","coordinates":[-121.33905599999997,47.710935000000063]},"properties":{"CameraID":8220,"CameraTitle":"Skykomish State Airport East","ImageURL":"https://images.wsdot.wa.gov/airports/Skyeast.jpg","WSDOTSRID":null,"StateRouteMilepost":null,"CompassDirection":"E","Latitude":47.710934999999999,"Longitude":-121.339056,"CameraOwnerName":"WSDOT Aviation","CameraOwnerURL":"https://www.wsdot.wa.gov/aviation/WebCam/Skykomish.htm","ImageWidth":335,"ImageHeight":230}},{"type":"Feature","id":8221,"geometry":{"type":"Point","coordinates":[-121.33905599999997,47.710935000000063]},"properties":{"CameraID":8221,"CameraTitle":"Skykomish State Airport Southeast","ImageURL":"https://images.wsdot.wa.gov/airports/Skyse.jpg","WSDOTSRID":null,"StateRouteMilepost":null,"CompassDirection":"E","Latitude":47.710934999999999,"Longitude":-121.339056,"CameraOwnerName":"WSDOT Aviation","CameraOwnerURL":"https://www.wsdot.wa.gov/aviation/WebCam/Skykomish.htm","ImageWidth":335,"ImageHeight":230}},{"type":"Feature","id":8222,"geometry":{"type":"Point","coordinates":[-121.33905599999997,47.710935000000063]},"properties":{"CameraID":8222,"CameraTitle":"Skykomish State Airport South","ImageURL":"https://images.wsdot.wa.gov/airports/Skysouth.jpg","WSDOTSRID":null,"StateRouteMilepost":null,"CompassDirection":"E","Latitude":47.710934999999999,"Longitude":-121.339056,"CameraOwnerName":"WSDOT Aviation","CameraOwnerURL":"https://www.wsdot.wa.gov/aviation/WebCam/Skykomish.htm","ImageWidth":335,"ImageHeight":230}},{"type":"Feature","id":8223,"geometry":{"type":"Point","coordinates":[-121.33905599999997,47.710935000000063]},"properties":{"CameraID":8223,"CameraTitle":"Skykomish State Airport West","ImageURL":"https://images.wsdot.wa.gov/airports/Skywest.jpg","WSDOTSRID":null,"StateRouteMilepost":null,"CompassDirection":"E","Latitude":47.710934999999999,"Longitude":-121.339056,"CameraOwnerName":"WSDOT Aviation","CameraOwnerURL":"https://www.wsdot.wa.gov/aviation/WebCam/Skykomish.htm","ImageWidth":335,"ImageHeight":230}},{"type":"Feature","id":8230,"geometry":{"type":"Point","coordinates":[-118.22390999999999,48.999700000000075]},"properties":{"CameraID":8230,"CameraTitle":"US 395 at MP 270.1: Laurier (1)","ImageURL":"https://images.wsdot.wa.gov/rweather/laurier_medium.jpg","WSDOTSRID":"395        ","CompassDirection":"N","Latitude":48.999699999999997,"Longitude":-118.22391,"CameraOwnerName":null,"CameraOwnerURL":null,"ImageWidth":320,"ImageHeight":239}},{"type":"Feature","id":8231,"geometry":{"type":"Point","coordinates":[-118.22390999999999,48.999700000000075]},"properties":{"CameraID":8231,"CameraTitle":"US 395 at MP 270.1: Laurier (2)","ImageURL":"https://images.wsdot.wa.gov/rweather/laurier_medium1.jpg","WSDOTSRID":"395        ","CompassDirection":"N","Latitude":48.999699999999997,"Longitude":-118.22391,"CameraOwnerName":null,"CameraOwnerURL":null,"ImageWidth":320,"ImageHeight":238}},{"type":"Feature","id":8232,"geometry":{"type":"Point","coordinates":[-118.22390999999999,48.999700000000075]},"properties":{"CameraID":8232,"CameraTitle":"US 395 at MP 270.1: Laurier (3)","ImageURL":"https://images.wsdot.wa.gov/rweather/laurier_medium2.jpg","WSDOTSRID":"395        ","CompassDirection":"N","Latitude":48.999699999999997,"Longitude":-118.22391,"CameraOwnerName":null,"CameraOwnerURL":null,"ImageWidth":320,"ImageHeight":238}},{"type":"Feature","id":8233,"geometry":{"type":"Point","coordinates":[-118.22390999999999,48.999700000000075]},"properties":{"CameraID":8233,"CameraTitle":"US 395 at MP 270.1: Laurier (4)","ImageURL":"https://images.wsdot.wa.gov/rweather/laurier_medium3.jpg","WSDOTSRID":"395        ","CompassDirection":"N","Latitude":48.999699999999997,"Longitude":-118.22391,"CameraOwnerName":null,"CameraOwnerURL":null,"ImageWidth":320,"ImageHeight":238}},{"type":"Feature","id":8234,"geometry":{"type":"Point","coordinates":[-118.22390999999999,48.999700000000075]},"properties":{"CameraID":8234,"CameraTitle":"US 395 at MP 270.1: Laurier (5)","ImageURL":"https://images.wsdot.wa.gov/rweather/laurier_medium4.jpg","WSDOTSRID":"395        ","CompassDirection":"N","Latitude":48.999699999999997,"Longitude":-118.22391,"CameraOwnerName":null,"CameraOwnerURL":null,"ImageWidth":320,"ImageHeight":238}},{"type":"Feature","id":8235,"geometry":{"type":"Point","coordinates":[-118.22390999999999,48.999700000000075]},"properties":{"CameraID":8235,"CameraTitle":"US 395 at MP 270.1: Laurier (6)","ImageURL":"https://images.wsdot.wa.gov/rweather/laurier_medium5.jpg","WSDOTSRID":"395        ","CompassDirection":"N","Latitude":48.999699999999997,"Longitude":-118.22391,"CameraOwnerName":null,"CameraOwnerURL":null,"ImageWidth":320,"ImageHeight":238}},{"type":"Feature","id":8236,"geometry":{"type":"Point","coordinates":[-118.22390999999999,48.999700000000075]},"properties":{"CameraID":8236,"CameraTitle":"US 395 at MP 270.1: Laurier (7)","ImageURL":"https://images.wsdot.wa.gov/rweather/laurier_medium6.jpg","WSDOTSRID":"395        ","CompassDirection":"N","Latitude":48.999699999999997,"Longitude":-118.22391,"CameraOwnerName":null,"CameraOwnerURL":null,"ImageWidth":320,"ImageHeight":238}},{"type":"Feature","id":8237,"geometry":{"type":"Point","coordinates":[-118.22390999999999,48.999700000000075]},"properties":{"CameraID":8237,"CameraTitle":"US 395 at MP 270.1: Laurier (8)","ImageURL":"https://images.wsdot.wa.gov/rweather/laurier_medium7.jpg","WSDOTSRID":"395        ","CompassDirection":"N","Latitude":48.999699999999997,"Longitude":-118.22391,"CameraOwnerName":null,"CameraOwnerURL":null,"ImageWidth":320,"ImageHeight":238}},{"type":"Feature","id":8240,"geometry":{"type":"Point","coordinates":[-117.40570999999994,47.797400000000039]},"properties":{"CameraID":8240,"CameraTitle":"US 395 at MP 168: Little Spokane River (1)","ImageURL":"https://images.wsdot.wa.gov/rweather/395vc16790-1.jpg","WSDOTSRID":"395        ","CompassDirection":"N","Latitude":47.797400000000003,"Longitude":-117.40571,"CameraOwnerName":null,"CameraOwnerURL":null,"ImageWidth":320,"ImageHeight":239}},{"type":"Feature","id":8241,"geometry":{"type":"Point","coordinates":[-117.40570999999994,47.797400000000039]},"properties":{"CameraID":8241,"CameraTitle":"US 395 at MP 168: Little Spokane River (2)","ImageURL":"https://images.wsdot.wa.gov/rweather/395vc16790-2.jpg","WSDOTSRID":"395        ","CompassDirection":"N","Latitude":47.797400000000003,"Longitude":-117.40571,"CameraOwnerName":null,"CameraOwnerURL":null,"ImageWidth":320,"ImageHeight":239}},{"type":"Feature","id":8242,"geometry":{"type":"Point","coordinates":[-117.40570999999994,47.797400000000039]},"properties":{"CameraID":8242,"CameraTitle":"US 395 at MP 168: Little Spokane River (3)","ImageURL":"https://images.wsdot.wa.gov/rweather/395vc16790-3.jpg","WSDOTSRID":"395        ","CompassDirection":"N","Latitude":47.797400000000003,"Longitude":-117.40571,"CameraOwnerName":null,"CameraOwnerURL":null,"ImageWidth":320,"ImageHeight":239}},{"type":"Feature","id":8243,"geometry":{"type":"Point","coordinates":[-117.40570999999994,47.797400000000039]},"properties":{"CameraID":8243,"CameraTitle":"US 395 at MP 168: Little Spokane River (4)","ImageURL":"https://images.wsdot.wa.gov/rweather/395vc16790-4.jpg","WSDOTSRID":"395        ","CompassDirection":"N","Latitude":47.797400000000003,"Longitude":-117.40571,"CameraOwnerName":null,"CameraOwnerURL":null,"ImageWidth":320,"ImageHeight":239}},{"type":"Feature","id":8244,"geometry":{"type":"Point","coordinates":[-117.40570999999994,47.797400000000039]},"properties":{"CameraID":8244,"CameraTitle":"US 395 at MP 168: Little Spokane River (5)","ImageURL":"https://images.wsdot.wa.gov/rweather/395vc16790-5.jpg","WSDOTSRID":"395        ","CompassDirection":"N","Latitude":47.797400000000003,"Longitude":-117.40571,"CameraOwnerName":null,"CameraOwnerURL":null,"ImageWidth":320,"ImageHeight":239}},{"type":"Feature","id":8245,"geometry":{"type":"Point","coordinates":[-117.40570999999994,47.797400000000039]},"properties":{"CameraID":8245,"CameraTitle":"US 395 at MP 168: Little Spokane River (6)","ImageURL":"https://images.wsdot.wa.gov/rweather/395vc16790-6.jpg","WSDOTSRID":"395        ","CompassDirection":"N","Latitude":47.797400000000003,"Longitude":-117.40571,"CameraOwnerName":null,"CameraOwnerURL":null,"ImageWidth":320,"ImageHeight":239}},{"type":"Feature","id":8246,"geometry":{"type":"Point","coordinates":[-117.40570999999994,47.797400000000039]},"properties":{"CameraID":8246,"CameraTitle":"US 395 at MP 168: Little Spokane River (7)","ImageURL":"https://images.wsdot.wa.gov/rweather/395vc16790-7.jpg","WSDOTSRID":"395        ","CompassDirection":"N","Latitude":47.797400000000003,"Longitude":-117.40571,"CameraOwnerName":null,"CameraOwnerURL":null,"ImageWidth":320,"ImageHeight":239}},{"type":"Feature","id":8247,"geometry":{"type":"Point","coordinates":[-117.40570999999994,47.797400000000039]},"properties":{"CameraID":8247,"CameraTitle":"US 395 at MP 168: Little Spokane River (8)","ImageURL":"https://images.wsdot.wa.gov/rweather/395vc16790-8.jpg","WSDOTSRID":"395        ","CompassDirection":"N","Latitude":47.797400000000003,"Longitude":-117.40571,"CameraOwnerName":null,"CameraOwnerURL":null,"ImageWidth":320,"ImageHeight":239}},{"type":"Feature","id":8250,"geometry":{"type":"Point","coordinates":[-117.11131699999999,47.670525000000055]},"properties":{"CameraID":8250,"CameraTitle":"I-90 at MP 296: Liberty Lake (1)","ImageURL":"https://images.wsdot.wa.gov/rweather/LibertyLake.jpg","WSDOTSRID":"090        ","CompassDirection":"E","Latitude":47.670524999999998,"Longitude":-117.111317,"CameraOwnerName":null,"CameraOwnerURL":null,"ImageWidth":320,"ImageHeight":238}},{"type":"Feature","id":8251,"geometry":{"type":"Point","coordinates":[-117.11131699999999,47.670525000000055]},"properties":{"CameraID":8251,"CameraTitle":"I-90 at MP 296: Liberty Lake (2)","ImageURL":"https://images.wsdot.wa.gov/rweather/LibertyLake1.jpg","WSDOTSRID":"090        ","CompassDirection":"E","Latitude":47.670524999999998,"Longitude":-117.111317,"CameraOwnerName":null,"CameraOwnerURL":null,"ImageWidth":320,"ImageHeight":238}},{"type":"Feature","id":8252,"geometry":{"type":"Point","coordinates":[-117.11131699999999,47.670525000000055]},"properties":{"CameraID":8252,"CameraTitle":"I-90 at MP 296: Liberty Lake (3)","ImageURL":"https://images.wsdot.wa.gov/rweather/LibertyLake2.jpg","WSDOTSRID":"090        ","CompassDirection":"E","Latitude":47.670524999999998,"Longitude":-117.111317,"CameraOwnerName":null,"CameraOwnerURL":null,"ImageWidth":320,"ImageHeight":238}},{"type":"Feature","id":8253,"geometry":{"type":"Point","coordinates":[-117.11131699999999,47.670525000000055]},"properties":{"CameraID":8253,"CameraTitle":"I-90 at MP 296: Liberty Lake (4)","ImageURL":"https://images.wsdot.wa.gov/rweather/LibertyLake3.jpg","WSDOTSRID":"090        ","CompassDirection":"E","Latitude":47.670524999999998,"Longitude":-117.111317,"CameraOwnerName":null,"CameraOwnerURL":null,"ImageWidth":320,"ImageHeight":238}},{"type":"Feature","id":8254,"geometry":{"type":"Point","coordinates":[-117.11131699999999,47.670525000000055]},"properties":{"CameraID":8254,"CameraTitle":"I-90 at MP 296: Liberty Lake (5)","ImageURL":"https://images.wsdot.wa.gov/rweather/LibertyLake4.jpg","WSDOTSRID":"090        ","CompassDirection":"E","Latitude":47.670524999999998,"Longitude":-117.111317,"CameraOwnerName":null,"CameraOwnerURL":null,"ImageWidth":320,"ImageHeight":238}},{"type":"Feature","id":8255,"geometry":{"type":"Point","coordinates":[-117.11131699999999,47.670525000000055]},"properties":{"CameraID":8255,"CameraTitle":"I-90 at MP 296: Liberty Lake (6)","ImageURL":"https://images.wsdot.wa.gov/rweather/LibertyLake5.jpg","WSDOTSRID":"090        ","CompassDirection":"E","Latitude":47.670524999999998,"Longitude":-117.111317,"CameraOwnerName":null,"CameraOwnerURL":null,"ImageWidth":320,"ImageHeight":238}},{"type":"Feature","id":8256,"geometry":{"type":"Point","coordinates":[-117.11131699999999,47.670525000000055]},"properties":{"CameraID":8256,"CameraTitle":"I-90 at MP 296: Liberty Lake (7)","ImageURL":"https://images.wsdot.wa.gov/rweather/LibertyLake6.jpg","WSDOTSRID":"090        ","CompassDirection":"E","Latitude":47.670524999999998,"Longitude":-117.111317,"CameraOwnerName":null,"CameraOwnerURL":null,"ImageWidth":320,"ImageHeight":238}},{"type":"Feature","id":8257,"geometry":{"type":"Point","coordinates":[-117.11131699999999,47.670525000000055]},"properties":{"CameraID":8257,"CameraTitle":"I-90 at MP 296: Liberty Lake (8)","ImageURL":"https://images.wsdot.wa.gov/rweather/LibertyLake7.jpg","WSDOTSRID":"090        ","CompassDirection":"E","Latitude":47.670524999999998,"Longitude":-117.111317,"CameraOwnerName":null,"CameraOwnerURL":null,"ImageWidth":320,"ImageHeight":238}},{"type":"Feature","id":8260,"geometry":{"type":"Point","coordinates":[-117.79336999999998,47.433440000000076]},"properties":{"CameraID":8260,"CameraTitle":"I-90 at MP 257.9: Tyler Interchange (1)","ImageURL":"https://images.wsdot.wa.gov/rweather/TylerRoad.jpg","WSDOTSRID":"090        ","CompassDirection":"W","Latitude":47.433439999999997,"Longitude":-117.79337,"CameraOwnerName":null,"CameraOwnerURL":null,"ImageWidth":320,"ImageHeight":253}},{"type":"Feature","id":8261,"geometry":{"type":"Point","coordinates":[-117.79336999999998,47.433440000000076]},"properties":{"CameraID":8261,"CameraTitle":"I-90 at MP 257.9: Tyler Interchange (2)","ImageURL":"https://images.wsdot.wa.gov/rweather/TylerRoad1.jpg","WSDOTSRID":"090        ","CompassDirection":"W","Latitude":47.433439999999997,"Longitude":-117.79337,"CameraOwnerName":null,"CameraOwnerURL":null,"ImageWidth":320,"ImageHeight":253}},{"type":"Feature","id":8262,"geometry":{"type":"Point","coordinates":[-117.79336999999998,47.433440000000076]},"properties":{"CameraID":8262,"CameraTitle":"I-90 at MP 257.9: Tyler Interchange (3)","ImageURL":"https://images.wsdot.wa.gov/rweather/TylerRoad2.jpg","WSDOTSRID":"090        ","CompassDirection":"W","Latitude":47.433439999999997,"Longitude":-117.79337,"CameraOwnerName":null,"CameraOwnerURL":null,"ImageWidth":320,"ImageHeight":253}},{"type":"Feature","id":8263,"geometry":{"type":"Point","coordinates":[-117.79336999999998,47.433440000000076]},"properties":{"CameraID":8263,"CameraTitle":"I-90 at MP 257.9: Tyler Interchange (4)","ImageURL":"https://images.wsdot.wa.gov/rweather/TylerRoad3.jpg","WSDOTSRID":"090        ","CompassDirection":"W","Latitude":47.433439999999997,"Longitude":-117.79337,"CameraOwnerName":null,"CameraOwnerURL":null,"ImageWidth":320,"ImageHeight":253}},{"type":"Feature","id":8264,"geometry":{"type":"Point","coordinates":[-117.79336999999998,47.433440000000076]},"properties":{"CameraID":8264,"CameraTitle":"I-90 at MP 257.9: Tyler Interchange (5)","ImageURL":"https://images.wsdot.wa.gov/rweather/TylerRoad4.jpg","WSDOTSRID":"090        ","CompassDirection":"W","Latitude":47.433439999999997,"Longitude":-117.79337,"CameraOwnerName":null,"CameraOwnerURL":null,"ImageWidth":320,"ImageHeight":253}},{"type":"Feature","id":8265,"geometry":{"type":"Point","coordinates":[-117.79336999999998,47.433440000000076]},"properties":{"CameraID":8265,"CameraTitle":"I-90 at MP 257.9: Tyler Interchange (6)","ImageURL":"https://images.wsdot.wa.gov/rweather/TylerRoad5.jpg","WSDOTSRID":"090        ","CompassDirection":"W","Latitude":47.433439999999997,"Longitude":-117.79337,"CameraOwnerName":null,"CameraOwnerURL":null,"ImageWidth":320,"ImageHeight":253}},{"type":"Feature","id":8266,"geometry":{"type":"Point","coordinates":[-117.79336999999998,47.433440000000076]},"properties":{"CameraID":8266,"CameraTitle":"I-90 at MP 257.9: Tyler Interchange (7)","ImageURL":"https://images.wsdot.wa.gov/rweather/TylerRoad6.jpg","WSDOTSRID":"090        ","CompassDirection":"W","Latitude":47.433439999999997,"Longitude":-117.79337,"CameraOwnerName":null,"CameraOwnerURL":null,"ImageWidth":320,"ImageHeight":253}},{"type":"Feature","id":8267,"geometry":{"type":"Point","coordinates":[-117.79336999999998,47.433440000000076]},"properties":{"CameraID":8267,"CameraTitle":"I-90 at MP 257.9: Tyler Interchange (8)","ImageURL":"https://images.wsdot.wa.gov/rweather/TylerRoad7.jpg","WSDOTSRID":"090        ","CompassDirection":"W","Latitude":47.433439999999997,"Longitude":-117.79337,"CameraOwnerName":null,"CameraOwnerURL":null,"ImageWidth":320,"ImageHeight":253}},{"type":"Feature","id":8280,"geometry":{"type":"Point","coordinates":[-117.53502999999995,47.986270000000047]},"properties":{"CameraID":8280,"CameraTitle":"US 395 at MP 188.1: Loon Lake Summit (1)","ImageURL":"https://images.wsdot.wa.gov/rweather/ClaytonRd.jpg","WSDOTSRID":"395        ","CompassDirection":"N","Latitude":47.986269999999998,"Longitude":-117.53503000000001,"CameraOwnerName":null,"CameraOwnerURL":null,"ImageWidth":320,"ImageHeight":239}},{"type":"Feature","id":8281,"geometry":{"type":"Point","coordinates":[-117.53502999999995,47.986270000000047]},"properties":{"CameraID":8281,"CameraTitle":"US 395 at MP 188.1: Loon Lake Summit (2)","ImageURL":"https://images.wsdot.wa.gov/rweather/ClaytonRd1.jpg","WSDOTSRID":"395        ","CompassDirection":"N","Latitude":47.986269999999998,"Longitude":-117.53503000000001,"CameraOwnerName":null,"CameraOwnerURL":null,"ImageWidth":320,"ImageHeight":239}},{"type":"Feature","id":8282,"geometry":{"type":"Point","coordinates":[-117.53502999999995,47.986270000000047]},"properties":{"CameraID":8282,"CameraTitle":"US 395 at MP 188.1: Loon Lake Summit (3)","ImageURL":"https://images.wsdot.wa.gov/rweather/ClaytonRd2.jpg","WSDOTSRID":"395        ","CompassDirection":"N","Latitude":47.986269999999998,"Longitude":-117.53503000000001,"CameraOwnerName":null,"CameraOwnerURL":null,"ImageWidth":320,"ImageHeight":239}},{"type":"Feature","id":8283,"geometry":{"type":"Point","coordinates":[-117.53502999999995,47.986270000000047]},"properties":{"CameraID":8283,"CameraTitle":"US 395 at MP 188.1: Loon Lake Summit (4)","ImageURL":"https://images.wsdot.wa.gov/rweather/ClaytonRd3.jpg","WSDOTSRID":"395        ","CompassDirection":"N","Latitude":47.986269999999998,"Longitude":-117.53503000000001,"CameraOwnerName":null,"CameraOwnerURL":null,"ImageWidth":320,"ImageHeight":239}},{"type":"Feature","id":8284,"geometry":{"type":"Point","coordinates":[-117.53502999999995,47.986270000000047]},"properties":{"CameraID":8284,"CameraTitle":"US 395 at MP 188.1: Loon Lake Summit (5)","ImageURL":"https://images.wsdot.wa.gov/rweather/ClaytonRd4.jpg","WSDOTSRID":"395        ","CompassDirection":"N","Latitude":47.986269999999998,"Longitude":-117.53503000000001,"CameraOwnerName":null,"CameraOwnerURL":null,"ImageWidth":320,"ImageHeight":239}},{"type":"Feature","id":8285,"geometry":{"type":"Point","coordinates":[-117.53502999999995,47.986270000000047]},"properties":{"CameraID":8285,"CameraTitle":"US 395 at MP 188.1: Loon Lake Summit (6)","ImageURL":"https://images.wsdot.wa.gov/rweather/ClaytonRd5.jpg","WSDOTSRID":"395        ","CompassDirection":"N","Latitude":47.986269999999998,"Longitude":-117.53503000000001,"CameraOwnerName":null,"CameraOwnerURL":null,"ImageWidth":320,"ImageHeight":239}},{"type":"Feature","id":8286,"geometry":{"type":"Point","coordinates":[-117.53502999999995,47.986270000000047]},"properties":{"CameraID":8286,"CameraTitle":"US 395 at MP 188.1: Loon Lake Summit (7)","ImageURL":"https://images.wsdot.wa.gov/rweather/ClaytonRd6.jpg","WSDOTSRID":"395        ","CompassDirection":"N","Latitude":47.986269999999998,"Longitude":-117.53503000000001,"CameraOwnerName":null,"CameraOwnerURL":null,"ImageWidth":320,"ImageHeight":239}},{"type":"Feature","id":8287,"geometry":{"type":"Point","coordinates":[-117.53502999999995,47.986270000000047]},"properties":{"CameraID":8287,"CameraTitle":"US 395 at MP 188.1: Loon Lake Summit (8)","ImageURL":"https://images.wsdot.wa.gov/rweather/ClaytonRd7.jpg","WSDOTSRID":"395        ","CompassDirection":"N","Latitude":47.986269999999998,"Longitude":-117.53503000000001,"CameraOwnerName":null,"CameraOwnerURL":null,"ImageWidth":320,"ImageHeight":239}},{"type":"Feature","id":8310,"geometry":{"type":"Point","coordinates":[-118.39965199999995,47.111128000000065]},"properties":{"CameraID":8310,"CameraTitle":"I-90 at MP 220: US 395 Interchange @ Ritzville (1)","ImageURL":"https://images.wsdot.wa.gov/rweather/Ritzville.jpg","WSDOTSRID":"090        ","CompassDirection":"W","Latitude":47.111128000000001,"Longitude":-118.399652,"CameraOwnerName":null,"CameraOwnerURL":null,"ImageWidth":320,"ImageHeight":201}},{"type":"Feature","id":8311,"geometry":{"type":"Point","coordinates":[-118.39965199999995,47.111128000000065]},"properties":{"CameraID":8311,"CameraTitle":"I-90 at MP 220: US 395 Interchange @ Ritzville (2)","ImageURL":"https://images.wsdot.wa.gov/rweather/Ritzville1.jpg","WSDOTSRID":"090        ","CompassDirection":"W","Latitude":47.111128000000001,"Longitude":-118.399652,"CameraOwnerName":null,"CameraOwnerURL":null,"ImageWidth":320,"ImageHeight":239}},{"type":"Feature","id":8312,"geometry":{"type":"Point","coordinates":[-118.39965199999995,47.111128000000065]},"properties":{"CameraID":8312,"CameraTitle":"I-90 at MP 220: US 395 Interchange @ Ritzville (3)","ImageURL":"https://images.wsdot.wa.gov/rweather/Ritzville2.jpg","WSDOTSRID":"090        ","CompassDirection":"W","Latitude":47.111128000000001,"Longitude":-118.399652,"CameraOwnerName":null,"CameraOwnerURL":null,"ImageWidth":320,"ImageHeight":201}},{"type":"Feature","id":8313,"geometry":{"type":"Point","coordinates":[-118.39965199999995,47.111128000000065]},"properties":{"CameraID":8313,"CameraTitle":"I-90 at MP 220: US 395 Interchange @ Ritzville (4)","ImageURL":"https://images.wsdot.wa.gov/rweather/Ritzville3.jpg","WSDOTSRID":"090        ","CompassDirection":"W","Latitude":47.111128000000001,"Longitude":-118.399652,"CameraOwnerName":null,"CameraOwnerURL":null,"ImageWidth":320,"ImageHeight":201}},{"type":"Feature","id":8314,"geometry":{"type":"Point","coordinates":[-118.39965199999995,47.111128000000065]},"properties":{"CameraID":8314,"CameraTitle":"I-90 at MP 220: US 395 Interchange @ Ritzville (5)","ImageURL":"https://images.wsdot.wa.gov/rweather/Ritzville4.jpg","WSDOTSRID":"090        ","CompassDirection":"W","Latitude":47.111128000000001,"Longitude":-118.399652,"CameraOwnerName":null,"CameraOwnerURL":null,"ImageWidth":320,"ImageHeight":201}},{"type":"Feature","id":8315,"geometry":{"type":"Point","coordinates":[-118.39965199999995,47.111128000000065]},"properties":{"CameraID":8315,"CameraTitle":"I-90 at MP 220: US 395 Interchange @ Ritzville (6)","ImageURL":"https://images.wsdot.wa.gov/rweather/Ritzville5.jpg","WSDOTSRID":"090        ","CompassDirection":"W","Latitude":47.111128000000001,"Longitude":-118.399652,"CameraOwnerName":null,"CameraOwnerURL":null,"ImageWidth":320,"ImageHeight":201}},{"type":"Feature","id":8316,"geometry":{"type":"Point","coordinates":[-118.39965199999995,47.111128000000065]},"properties":{"CameraID":8316,"CameraTitle":"I-90 at MP 220: US 395 Interchange @ Ritzville (7)","ImageURL":"https://images.wsdot.wa.gov/rweather/Ritzville6.jpg","WSDOTSRID":"090        ","CompassDirection":"W","Latitude":47.111128000000001,"Longitude":-118.399652,"CameraOwnerName":null,"CameraOwnerURL":null,"ImageWidth":320,"ImageHeight":201}},{"type":"Feature","id":8317,"geometry":{"type":"Point","coordinates":[-118.39965199999995,47.111128000000065]},"properties":{"CameraID":8317,"CameraTitle":"I-90 at MP 220: US 395 Interchange @ Ritzville (8)","ImageURL":"https://images.wsdot.wa.gov/rweather/Ritzville7.jpg","WSDOTSRID":"090        ","CompassDirection":"W","Latitude":47.111128000000001,"Longitude":-118.399652,"CameraOwnerName":null,"CameraOwnerURL":null,"ImageWidth":320,"ImageHeight":201}},{"type":"Feature","id":9005,"geometry":{"type":"Point","coordinates":[-117.54394299999996,47.776998000000049]},"properties":{"CameraID":9005,"CameraTitle":"SR 291 at MP 9.2: Charles Road (8)","ImageURL":"https://images.wsdot.wa.gov/rweather/NineMile-8.jpg","WSDOTSRID":"291        ","CompassDirection":"N","Latitude":47.776997999999999,"Longitude":-117.543943,"CameraOwnerName":null,"CameraOwnerURL":null,"ImageWidth":320,"ImageHeight":201}},{"type":"Feature","id":9006,"geometry":{"type":"Point","coordinates":[-117.54394299999996,47.776998000000049]},"properties":{"CameraID":9006,"CameraTitle":"SR 291 at MP 9.2: Charles Road (2)","ImageURL":"https://images.wsdot.wa.gov/rweather/NineMile-2.jpg","WSDOTSRID":"291        ","CompassDirection":"N","Latitude":47.776997999999999,"Longitude":-117.543943,"CameraOwnerName":null,"CameraOwnerURL":null,"ImageWidth":320,"ImageHeight":201}},{"type":"Feature","id":9007,"geometry":{"type":"Point","coordinates":[-117.54394299999996,47.776998000000049]},"properties":{"CameraID":9007,"CameraTitle":"SR 291 at MP 9.2: Charles Road (3)","ImageURL":"https://images.wsdot.wa.gov/rweather/NineMile-3.jpg","WSDOTSRID":"291        ","CompassDirection":"N","Latitude":47.776997999999999,"Longitude":-117.543943,"CameraOwnerName":null,"CameraOwnerURL":null,"ImageWidth":320,"ImageHeight":201}},{"type":"Feature","id":9008,"geometry":{"type":"Point","coordinates":[-117.54394299999996,47.776998000000049]},"properties":{"CameraID":9008,"CameraTitle":"SR 291 at MP 9.2: Charles Road (1)","ImageURL":"https://images.wsdot.wa.gov/rweather/NineMile-1.jpg","WSDOTSRID":"291        ","CompassDirection":"N","Latitude":47.776997999999999,"Longitude":-117.543943,"CameraOwnerName":null,"CameraOwnerURL":null,"ImageWidth":320,"ImageHeight":201}},{"type":"Feature","id":9009,"geometry":{"type":"Point","coordinates":[-117.54394299999996,47.776998000000049]},"properties":{"CameraID":9009,"CameraTitle":"SR 291 at MP 9.2: Charles Road (5)","ImageURL":"https://images.wsdot.wa.gov/rweather/NineMile-5.jpg","WSDOTSRID":"291        ","CompassDirection":"N","Latitude":47.776997999999999,"Longitude":-117.543943,"CameraOwnerName":null,"CameraOwnerURL":null,"ImageWidth":320,"ImageHeight":201}},{"type":"Feature","id":9010,"geometry":{"type":"Point","coordinates":[-117.54394299999996,47.776998000000049]},"properties":{"CameraID":9010,"CameraTitle":"SR 291 at MP 9.2: Charles Road (6)","ImageURL":"https://images.wsdot.wa.gov/rweather/NineMile-6.jpg","WSDOTSRID":"291        ","CompassDirection":"N","Latitude":47.776997999999999,"Longitude":-117.543943,"CameraOwnerName":null,"CameraOwnerURL":null,"ImageWidth":320,"ImageHeight":201}},{"type":"Feature","id":9011,"geometry":{"type":"Point","coordinates":[-117.54394299999996,47.776998000000049]},"properties":{"CameraID":9011,"CameraTitle":"SR 291 at MP 9.2: Charles Road (7)","ImageURL":"https://images.wsdot.wa.gov/rweather/NineMile-7.jpg","WSDOTSRID":"291        ","CompassDirection":"N","Latitude":47.776997999999999,"Longitude":-117.543943,"CameraOwnerName":null,"CameraOwnerURL":null,"ImageWidth":320,"ImageHeight":201}},{"type":"Feature","id":9012,"geometry":{"type":"Point","coordinates":[-117.54394299999996,47.776998000000049]},"properties":{"CameraID":9012,"CameraTitle":"SR 291 at MP 9.2: Charles Road (4)","ImageURL":"https://images.wsdot.wa.gov/rweather/NineMile-4.jpg","WSDOTSRID":"291        ","CompassDirection":"N","Latitude":47.776997999999999,"Longitude":-117.543943,"CameraOwnerName":null,"CameraOwnerURL":null,"ImageWidth":320,"ImageHeight":201}},{"type":"Feature","id":9013,"geometry":{"type":"Point","coordinates":[-120.33752699999997,47.468171000000041]},"properties":{"CameraID":9013,"CameraTitle":"US 97 at MP 119.5: W. End Odabashian Br (US 2)","ImageURL":"https://images.wsdot.wa.gov/nc/002vc11958.jpg","WSDOTSRID":"002        ","CompassDirection":"E","Latitude":47.468170999999998,"Longitude":-120.33752699999999,"CameraOwnerName":null,"CameraOwnerURL":null,"ImageWidth":335,"ImageHeight":249}},{"type":"Feature","id":9014,"geometry":{"type":"Point","coordinates":[-120.32499999999999,47.470200000000034]},"properties":{"CameraID":9014,"CameraTitle":"US 97A at MP 199.83: W. End Odabashian Br.","ImageURL":"https://images.wsdot.wa.gov/nc/002vc11957.jpg","WSDOTSRID":"097AR      ","CompassDirection":"N","Latitude":47.470199999999998,"Longitude":-120.325,"CameraOwnerName":null,"CameraOwnerURL":null,"ImageWidth":320,"ImageHeight":239}},{"type":"Feature","id":9019,"geometry":{"type":"Point","coordinates":[-121.24027399999994,47.268601000000046]},"properties":{"CameraID":9019,"CameraTitle":"I-90 at MP 67.4: Easton Hill","ImageURL":"https://images.wsdot.wa.gov/sc/090VC06740.jpg","WSDOTSRID":"090        ","CompassDirection":"E","Latitude":47.268600999999997,"Longitude":-121.240274,"CameraOwnerName":null,"CameraOwnerURL":null,"ImageWidth":320,"ImageHeight":283}},{"type":"Feature","id":9022,"geometry":{"type":"Point","coordinates":[-119.46136499999994,48.998933000000079]},"properties":{"CameraID":9022,"CameraTitle":"US 97 at MP 336.4: (View North)","ImageURL":"https://images.wsdot.wa.gov/nc/097vc33640.jpg","WSDOTSRID":"097        ","CompassDirection":"N","Latitude":48.998933000000001,"Longitude":-119.461365,"CameraOwnerName":null,"CameraOwnerURL":null,"ImageWidth":335,"ImageHeight":249}},{"type":"Feature","id":9023,"geometry":{"type":"Point","coordinates":[-119.46136499999994,48.998933000000079]},"properties":{"CameraID":9023,"CameraTitle":"US 97 at MP 336.4: (View South)","ImageURL":"https://images.wsdot.wa.gov/nc/097vc33639.jpg","WSDOTSRID":"097        ","CompassDirection":"S","Latitude":48.998933000000001,"Longitude":-119.461365,"CameraOwnerName":null,"CameraOwnerURL":null,"ImageWidth":335,"ImageHeight":249}},{"type":"Feature","id":9024,"geometry":{"type":"Point","coordinates":[-119.45385099999999,48.982285000000047]},"properties":{"CameraID":9024,"CameraTitle":"US 97 at MP 335: (View North)","ImageURL":"https://images.wsdot.wa.gov/nc/097vc33518.jpg","WSDOTSRID":"097        ","CompassDirection":"N","Latitude":48.982284999999997,"Longitude":-119.453851,"CameraOwnerName":null,"CameraOwnerURL":null,"ImageWidth":335,"ImageHeight":249}},{"type":"Feature","id":9025,"geometry":{"type":"Point","coordinates":[-119.45385099999999,48.982285000000047]},"properties":{"CameraID":9025,"CameraTitle":"US 97 at MP 335: (View South)","ImageURL":"https://images.wsdot.wa.gov/nc/097vc33517.jpg","WSDOTSRID":"097        ","CompassDirection":"S","Latitude":48.982284999999997,"Longitude":-119.453851,"CameraOwnerName":null,"CameraOwnerURL":null,"ImageWidth":335,"ImageHeight":249}},{"type":"Feature","id":9028,"geometry":{"type":"Point","coordinates":[-120.92821899999996,47.189350000000047]},"properties":{"CameraID":9028,"CameraTitle":"I-90 at MP 84.6: Cle Elum","ImageURL":"https://images.wsdot.wa.gov/sc/090VC08460.jpg","WSDOTSRID":"090        ","CompassDirection":"E","Latitude":47.189349999999997,"Longitude":-120.928219,"CameraOwnerName":null,"CameraOwnerURL":null,"ImageWidth":320,"ImageHeight":283}},{"type":"Feature","id":9029,"geometry":{"type":"Point","coordinates":[-121.49934999999999,47.396441000000038]},"properties":{"CameraID":9029,"CameraTitle":"I-90 at MP 46.8: Denny Creek","ImageURL":"https://images.wsdot.wa.gov/sc/090VC04680.jpg","WSDOTSRID":"090        ","CompassDirection":"W","Latitude":47.396441000000003,"Longitude":-121.49935000000001,"CameraOwnerName":null,"CameraOwnerURL":null,"ImageWidth":320,"ImageHeight":283}},{"type":"Feature","id":9030,"geometry":{"type":"Point","coordinates":[-117.55976899999996,47.811362000000031]},"properties":{"CameraID":9030,"CameraTitle":"SR 291 at MP 12.9: Swenson Rd.","ImageURL":"https://images.wsdot.wa.gov/spokane/sr291/swenson.jpg","WSDOTSRID":"291        ","CompassDirection":"S","Latitude":47.811362000000003,"Longitude":-117.559769,"CameraOwnerName":null,"CameraOwnerURL":null,"ImageWidth":352,"ImageHeight":280}},{"type":"Feature","id":9032,"geometry":{"type":"Point","coordinates":[-120.64148799999998,47.594575000000077]},"properties":{"CameraID":9032,"CameraTitle":"US 2 at MP 100.6: E. Leavenworth","ImageURL":"https://images.wsdot.wa.gov/nc/002vc10063.jpg","WSDOTSRID":"002        ","CompassDirection":"W","Latitude":47.594574999999999,"Longitude":-120.641488,"CameraOwnerName":null,"CameraOwnerURL":null,"ImageWidth":335,"ImageHeight":272}},{"type":"Feature","id":9033,"geometry":{"type":"Point","coordinates":[-119.34833799999996,46.342687000000069]},"properties":{"CameraID":9033,"CameraTitle":"SR 240 at MP 25: Twin Bridges","ImageURL":"https://images.wsdot.wa.gov/sc/240VC02500.jpg","WSDOTSRID":"240        ","CompassDirection":"E","Latitude":46.342686999999998,"Longitude":-119.348338,"CameraOwnerName":null,"CameraOwnerURL":null,"ImageWidth":320,"ImageHeight":237}},{"type":"Feature","id":9034,"geometry":{"type":"Point","coordinates":[-119.61277499999994,46.500572000000034]},"properties":{"CameraID":9034,"CameraTitle":"SR 240 at MP 8.2: Beloit Road","ImageURL":"https://images.wsdot.wa.gov/sc/240VC00820.jpg","WSDOTSRID":"240        ","CompassDirection":"E","Latitude":46.500571999999998,"Longitude":-119.612775,"CameraOwnerName":null,"CameraOwnerURL":null,"ImageWidth":320,"ImageHeight":237}},{"type":"Feature","id":9035,"geometry":{"type":"Point","coordinates":[-122.33819999999997,47.602850000000046]},"properties":{"CameraID":9035,"CameraTitle":"WSF Seattle Ferry Main Vehicle Holding","ImageURL":"https://images.wsdot.wa.gov/wsf/colman/seattlemain.jpg","WSDOTSRID":null,"StateRouteMilepost":null,"CompassDirection":"W","Latitude":47.602849999999997,"Longitude":-122.3382,"CameraOwnerName":null,"CameraOwnerURL":null,"ImageWidth":352,"ImageHeight":261}},{"type":"Feature","id":9037,"geometry":{"type":"Point","coordinates":[-122.62534999999997,47.562650000000076]},"properties":{"CameraID":9037,"CameraTitle":"WSF Bremerton Ferry Holding","ImageURL":"https://images.wsdot.wa.gov/wsf/bremerton/holding/holding.jpg","WSDOTSRID":null,"StateRouteMilepost":null,"CompassDirection":"N","Latitude":47.562649999999998,"Longitude":-122.62535,"CameraOwnerName":null,"CameraOwnerURL":null,"ImageWidth":352,"ImageHeight":261}},{"type":"Feature","id":9038,"geometry":{"type":"Point","coordinates":[-122.39358999999996,47.523200000000031]},"properties":{"CameraID":9038,"CameraTitle":"WSF Fauntleroy Ferry Holding","ImageURL":"https://images.wsdot.wa.gov/wsf/fauntleroy/terminal/fauntleroy.jpg","WSDOTSRID":null,"StateRouteMilepost":null,"CompassDirection":"W","Latitude":47.523200000000003,"Longitude":-122.39359,"CameraOwnerName":null,"CameraOwnerURL":null,"ImageWidth":352,"ImageHeight":261}},{"type":"Feature","id":9039,"geometry":{"type":"Point","coordinates":[-122.49729999999994,47.511890000000051]},"properties":{"CameraID":9039,"CameraTitle":"WSF Southworth Ferry Holding","ImageURL":"https://images.wsdot.wa.gov/wsf/southworth/holding.jpg","WSDOTSRID":null,"StateRouteMilepost":null,"CompassDirection":"E","Latitude":47.511890000000001,"Longitude":-122.4973,"CameraOwnerName":null,"CameraOwnerURL":null,"ImageWidth":352,"ImageHeight":261}},{"type":"Feature","id":9040,"geometry":{"type":"Point","coordinates":[-122.51119999999997,47.623140000000035]},"properties":{"CameraID":9040,"CameraTitle":"WSF Bainbridge Ferry Holding","ImageURL":"https://images.wsdot.wa.gov/wsf/Bainbridge/Bainbridge.jpg","WSDOTSRID":null,"StateRouteMilepost":null,"CompassDirection":"W","Latitude":47.623139999999999,"Longitude":-122.5112,"CameraOwnerName":null,"CameraOwnerURL":null,"ImageWidth":352,"ImageHeight":261}},{"type":"Feature","id":9041,"geometry":{"type":"Point","coordinates":[-122.46290999999997,47.50754100000006]},"properties":{"CameraID":9041,"CameraTitle":"WSF Vashon Hwy & Bunker (North)","ImageURL":"https://images.wsdot.wa.gov/wsf/vashon/VSHvc00001.jpg","WSDOTSRID":null,"StateRouteMilepost":null,"CompassDirection":"N","Latitude":47.507541000000003,"Longitude":-122.46290999999999,"CameraOwnerName":null,"CameraOwnerURL":null,"ImageWidth":320,"ImageHeight":261}},{"type":"Feature","id":9042,"geometry":{"type":"Point","coordinates":[-122.46283999999997,47.507367000000045]},"properties":{"CameraID":9042,"CameraTitle":"WSF Vashon Hwy & Bunker (South)","ImageURL":"https://images.wsdot.wa.gov/wsf/vashon/VSHvc00002.jpg","WSDOTSRID":null,"StateRouteMilepost":null,"CompassDirection":"S","Latitude":47.507367000000002,"Longitude":-122.46284,"CameraOwnerName":null,"CameraOwnerURL":null,"ImageWidth":320,"ImageHeight":261}},{"type":"Feature","id":9043,"geometry":{"type":"Point","coordinates":[-122.46172999999999,47.505682000000036]},"properties":{"CameraID":9043,"CameraTitle":"WSF Vashon Hwy & 112th (North)","ImageURL":"https://images.wsdot.wa.gov/wsf/vashon/VSHvc00004.jpg","WSDOTSRID":null,"StateRouteMilepost":null,"CompassDirection":"N","Latitude":47.505682,"Longitude":-122.46173,"CameraOwnerName":null,"CameraOwnerURL":null,"ImageWidth":320,"ImageHeight":261}},{"type":"Feature","id":9044,"geometry":{"type":"Point","coordinates":[-122.46168099999994,47.505512000000067]},"properties":{"CameraID":9044,"CameraTitle":"WSF Vashon Hwy & 112th (South)","ImageURL":"https://images.wsdot.wa.gov/wsf/vashon/VSHvc00003.jpg","WSDOTSRID":null,"StateRouteMilepost":null,"CompassDirection":"S","Latitude":47.505512000000003,"Longitude":-122.461681,"CameraOwnerName":null,"CameraOwnerURL":null,"ImageWidth":320,"ImageHeight":261}},{"type":"Feature","id":9045,"geometry":{"type":"Point","coordinates":[-122.50696799999997,47.332941000000062]},"properties":{"CameraID":9045,"CameraTitle":"WSF Tahlequah Ferry Holding","ImageURL":"https://images.wsdot.wa.gov/wsf/Tahlequah/holding/holding.jpg","WSDOTSRID":null,"StateRouteMilepost":null,"CompassDirection":"S","Latitude":47.332940999999998,"Longitude":-122.506968,"CameraOwnerName":null,"CameraOwnerURL":null,"ImageWidth":320,"ImageHeight":250}},{"type":"Feature","id":9046,"geometry":{"type":"Point","coordinates":[-122.50695699999994,47.333079000000055]},"properties":{"CameraID":9046,"CameraTitle":"WSF Tahlequah @ SW Tahlequah Rd","ImageURL":"https://images.wsdot.wa.gov/wsf/Tahlequah/VMSSign/VMSSign.jpg","WSDOTSRID":null,"StateRouteMilepost":null,"CompassDirection":"N","Latitude":47.333078999999998,"Longitude":-122.506957,"CameraOwnerName":null,"CameraOwnerURL":null,"ImageWidth":320,"ImageHeight":250}},{"type":"Feature","id":9047,"geometry":{"type":"Point","coordinates":[-122.67904799999997,48.505975000000035]},"properties":{"CameraID":9047,"CameraTitle":"WSF Anacortes Ferry Terminal","ImageURL":"https://images.wsdot.wa.gov/wsf/anacortes/terminal/anaterm.jpg","WSDOTSRID":"020SPANACRT","CompassDirection":"N","Latitude":48.505974999999999,"Longitude":-122.67904799999999,"CameraOwnerName":null,"CameraOwnerURL":null,"ImageWidth":352,"ImageHeight":261}},{"type":"Feature","id":9048,"geometry":{"type":"Point","coordinates":[-122.67950899999994,48.503437000000076]},"properties":{"CameraID":9048,"CameraTitle":"WSF Anacortes Ferry Holding","ImageURL":"https://images.wsdot.wa.gov/wsf/anacortes/holding/anahold.jpg","WSDOTSRID":"020SPANACRT","CompassDirection":"N","Latitude":48.503436999999998,"Longitude":-122.679509,"CameraOwnerName":null,"CameraOwnerURL":null,"ImageWidth":352,"ImageHeight":261}},{"type":"Feature","id":9049,"geometry":{"type":"Point","coordinates":[-122.67933699999998,48.50197600000007]},"properties":{"CameraID":9049,"CameraTitle":"WSF Anacortes Ferry Terminal Rd","ImageURL":"https://images.wsdot.wa.gov/wsf/anacortes/road/anaroad.jpg","WSDOTSRID":"020SPANACRT","CompassDirection":"S","Latitude":48.501975999999999,"Longitude":-122.679337,"CameraOwnerName":null,"CameraOwnerURL":null,"ImageWidth":352,"ImageHeight":261}},{"type":"Feature","id":9050,"geometry":{"type":"Point","coordinates":[-121.83075299999996,47.858039000000076]},"properties":{"CameraID":9050,"CameraTitle":"US 2 at MP 21.5: Old Owen Rd","ImageURL":"https://images.wsdot.wa.gov/nw/002vc02158.jpg","WSDOTSRID":"002        ","CompassDirection":"E","Latitude":47.858038999999998,"Longitude":-121.830753,"CameraOwnerName":null,"CameraOwnerURL":null,"ImageWidth":335,"ImageHeight":249}},{"type":"Feature","id":9051,"geometry":{"type":"Point","coordinates":[-121.81541399999998,47.861803000000066]},"properties":{"CameraID":9051,"CameraTitle":"US 2 at MP 22.3: 5th St","ImageURL":"https://images.wsdot.wa.gov/nw/002vc02235.jpg","WSDOTSRID":"002        ","CompassDirection":"E","Latitude":47.861803000000002,"Longitude":-121.815414,"CameraOwnerName":null,"CameraOwnerURL":null,"ImageWidth":335,"ImageHeight":249}},{"type":"Feature","id":9052,"geometry":{"type":"Point","coordinates":[-121.79759399999995,47.864963000000046]},"properties":{"CameraID":9052,"CameraTitle":"US 2 at MP 23.2: Sultan Basin Rd","ImageURL":"https://images.wsdot.wa.gov/nw/002vc02322.jpg","WSDOTSRID":"002        ","CompassDirection":"E","Latitude":47.864963000000003,"Longitude":-121.797594,"CameraOwnerName":null,"CameraOwnerURL":null,"ImageWidth":335,"ImageHeight":249}},{"type":"Feature","id":9053,"geometry":{"type":"Point","coordinates":[-122.14022499999999,47.578749000000073]},"properties":{"CameraID":9053,"CameraTitle":"I-90 at MP 11.5: 150th Ave SE","ImageURL":"https://images.wsdot.wa.gov/nw/090vc01154.jpg","WSDOTSRID":"090        ","CompassDirection":"B","Latitude":47.578749000000002,"Longitude":-122.140225,"CameraOwnerName":null,"CameraOwnerURL":null,"ImageWidth":335,"ImageHeight":249}},{"type":"Feature","id":9054,"geometry":{"type":"Point","coordinates":[-122.26442999999995,47.463236000000052]},"properties":{"CameraID":9054,"CameraTitle":"I-5 at MP 154.5: Southcenter","ImageURL":"https://images.wsdot.wa.gov/nw/005vc15453.jpg","WSDOTSRID":"005        ","CompassDirection":"B","Latitude":47.463236000000002,"Longitude":-122.26443,"CameraOwnerName":null,"CameraOwnerURL":null,"ImageWidth":335,"ImageHeight":249}},{"type":"Feature","id":9055,"geometry":{"type":"Point","coordinates":[-122.32031399999994,47.55738400000007]},"properties":{"CameraID":9055,"CameraTitle":"I-5 at MP 161.9: S Hudson St","ImageURL":"https://images.wsdot.wa.gov/nw/005vc16195.jpg","WSDOTSRID":"005        ","CompassDirection":"B","Latitude":47.557383999999999,"Longitude":-122.320314,"CameraOwnerName":null,"CameraOwnerURL":null,"ImageWidth":335,"ImageHeight":249}},{"type":"Feature","id":9056,"geometry":{"type":"Point","coordinates":[-122.32097399999998,47.558604000000059]},"properties":{"CameraID":9056,"CameraTitle":"I-5 at MP 162.3: S. Oregon St","ImageURL":"https://images.wsdot.wa.gov/nw/005vc16237.jpg","WSDOTSRID":"005        ","CompassDirection":"B","Latitude":47.558604000000003,"Longitude":-122.32097400000001,"CameraOwnerName":null,"CameraOwnerURL":null,"ImageWidth":335,"ImageHeight":249}},{"type":"Feature","id":9057,"geometry":{"type":"Point","coordinates":[-122.32085199999995,47.59253300000006]},"properties":{"CameraID":9057,"CameraTitle":"I-5 at MP 164.4: Judkins St","ImageURL":"https://images.wsdot.wa.gov/nw/005vc16440.jpg","WSDOTSRID":"005        ","CompassDirection":"B","Latitude":47.592533000000003,"Longitude":-122.320852,"CameraOwnerName":null,"CameraOwnerURL":null,"ImageWidth":335,"ImageHeight":249}},{"type":"Feature","id":9060,"geometry":{"type":"Point","coordinates":[-122.32174699999996,47.665247000000079]},"properties":{"CameraID":9060,"CameraTitle":"I-5 at MP 169.6: NE 50th St","ImageURL":"https://images.wsdot.wa.gov/nw/005vc16965.jpg","WSDOTSRID":"005        ","CompassDirection":"B","Latitude":47.665247000000001,"Longitude":-122.321747,"CameraOwnerName":null,"CameraOwnerURL":null,"ImageWidth":335,"ImageHeight":249}},{"type":"Feature","id":9068,"geometry":{"type":"Point","coordinates":[-122.25551499999995,47.853052000000048]},"properties":{"CameraID":9068,"CameraTitle":"I-5 at MP 184.1: Ash Way","ImageURL":"https://images.wsdot.wa.gov/nw/005vc18414.jpg","WSDOTSRID":"005        ","CompassDirection":"B","Latitude":47.853051999999998,"Longitude":-122.255515,"CameraOwnerName":null,"CameraOwnerURL":null,"ImageWidth":335,"ImageHeight":249}},{"type":"Feature","id":9069,"geometry":{"type":"Point","coordinates":[-122.24248199999994,47.874488000000042]},"properties":{"CameraID":9069,"CameraTitle":"I-5 at MP 185.7: 134th St SW","ImageURL":"https://images.wsdot.wa.gov/nw/005vc18577.jpg","WSDOTSRID":"005        ","CompassDirection":"B","Latitude":47.874487999999999,"Longitude":-122.242482,"CameraOwnerName":null,"CameraOwnerURL":null,"ImageWidth":335,"ImageHeight":249}},{"type":"Feature","id":9070,"geometry":{"type":"Point","coordinates":[-122.21106399999996,47.906638000000044]},"properties":{"CameraID":9070,"CameraTitle":"I-5 at MP 188.4: 106th St SW","ImageURL":"https://images.wsdot.wa.gov/nw/005vc18848.jpg","WSDOTSRID":"005        ","CompassDirection":"B","Latitude":47.906638000000001,"Longitude":-122.21106399999999,"CameraOwnerName":null,"CameraOwnerURL":null,"ImageWidth":335,"ImageHeight":249}},{"type":"Feature","id":9071,"geometry":{"type":"Point","coordinates":[-122.18855799999994,47.98017800000008]},"properties":{"CameraID":9071,"CameraTitle":"I-5 at MP 193.9: US 2 Interchange","ImageURL":"https://images.wsdot.wa.gov/nw/005vc19389.jpg","WSDOTSRID":"005        ","CompassDirection":"B","Latitude":47.980178000000002,"Longitude":-122.188558,"CameraOwnerName":null,"CameraOwnerURL":null,"ImageWidth":335,"ImageHeight":249}},{"type":"Feature","id":9072,"geometry":{"type":"Point","coordinates":[-122.74196799999999,48.991334000000052]},"properties":{"CameraID":9072,"CameraTitle":"I-5 at MP 275.5: Mitchell Ave","ImageURL":"https://images.wsdot.wa.gov/nw/005vc27556.jpg","WSDOTSRID":"005        ","CompassDirection":"B","Latitude":48.991334000000002,"Longitude":-122.741968,"CameraOwnerName":null,"CameraOwnerURL":null,"ImageWidth":335,"ImageHeight":249}},{"type":"Feature","id":9073,"geometry":{"type":"Point","coordinates":[-122.31321499999996,47.594010000000026]},"properties":{"CameraID":9073,"CameraTitle":"I-90 at MP 2.9: Corwin Pl S","ImageURL":"https://images.wsdot.wa.gov/nw/090vc00292.jpg","WSDOTSRID":"090        ","CompassDirection":"B","Latitude":47.594009999999997,"Longitude":-122.313215,"CameraOwnerName":null,"CameraOwnerURL":null,"ImageWidth":335,"ImageHeight":249}},{"type":"Feature","id":9074,"geometry":{"type":"Point","coordinates":[-122.18511399999994,47.877954000000045]},"properties":{"CameraID":9074,"CameraTitle":"SR 96 at MP 2.3: 35th Ave SE","ImageURL":"https://images.wsdot.wa.gov/nw/096vc00239.jpg","WSDOTSRID":"096        ","CompassDirection":"B","Latitude":47.877954000000003,"Longitude":-122.185114,"CameraOwnerName":null,"CameraOwnerURL":null,"ImageWidth":335,"ImageHeight":249}},{"type":"Feature","id":9075,"geometry":{"type":"Point","coordinates":[-122.19846199999995,47.878069000000039]},"properties":{"CameraID":9075,"CameraTitle":"SR 96 at MP 1.7: 25th Ave SE","ImageURL":"https://images.wsdot.wa.gov/nw/096vc00177.jpg","WSDOTSRID":"096        ","CompassDirection":"B","Latitude":47.878069000000004,"Longitude":-122.19846200000001,"CameraOwnerName":null,"CameraOwnerURL":null,"ImageWidth":335,"ImageHeight":249}},{"type":"Feature","id":9076,"geometry":{"type":"Point","coordinates":[-122.33766299999996,47.777740000000051]},"properties":{"CameraID":9076,"CameraTitle":"SR 104 at MP 28.7: N 205th St","ImageURL":"https://images.wsdot.wa.gov/nw/104vc02870.jpg","WSDOTSRID":"104        ","CompassDirection":"B","Latitude":47.777740000000001,"Longitude":-122.33766300000001,"CameraOwnerName":null,"CameraOwnerURL":null,"ImageWidth":335,"ImageHeight":249}},{"type":"Feature","id":9077,"geometry":{"type":"Point","coordinates":[-122.19401699999997,47.755238000000077]},"properties":{"CameraID":9077,"CameraTitle":"SR 522 at MP 10.5: S Campus Way","ImageURL":"https://images.wsdot.wa.gov/nw/522vc01056.jpg","WSDOTSRID":"522        ","CompassDirection":"B","Latitude":47.755237999999999,"Longitude":-122.194017,"CameraOwnerName":null,"CameraOwnerURL":null,"ImageWidth":335,"ImageHeight":249}},{"type":"Feature","id":9079,"geometry":{"type":"Point","coordinates":[-122.14465899999999,47.782596000000069]},"properties":{"CameraID":9079,"CameraTitle":"SR 522 at MP 14: SR 9 Interchange","ImageURL":"https://images.wsdot.wa.gov/nw/522vc01409.jpg","WSDOTSRID":"522        ","CompassDirection":"B","Latitude":47.782595999999998,"Longitude":-122.144659,"CameraOwnerName":null,"CameraOwnerURL":null,"ImageWidth":335,"ImageHeight":249}},{"type":"Feature","id":9080,"geometry":{"type":"Point","coordinates":[-122.31815199999994,47.642680000000041]},"properties":{"CameraID":9080,"CameraTitle":"SR 520 at MP 0.2: Delmar Dr E","ImageURL":"https://images.wsdot.wa.gov/nw/520vc00027.jpg","WSDOTSRID":"520        ","CompassDirection":"B","Latitude":47.642679999999999,"Longitude":-122.318152,"CameraOwnerName":null,"CameraOwnerURL":null,"ImageWidth":335,"ImageHeight":249}},{"type":"Feature","id":9081,"geometry":{"type":"Point","coordinates":[-122.25475599999999,47.461796000000049]},"properties":{"CameraID":9081,"CameraTitle":"I-405 at MP 0.5: Andover Park W","ImageURL":"https://images.wsdot.wa.gov/nw/405vc00052.jpg","WSDOTSRID":"405        ","CompassDirection":"B","Latitude":47.461796,"Longitude":-122.254756,"CameraOwnerName":null,"CameraOwnerURL":null,"ImageWidth":335,"ImageHeight":249}},{"type":"Feature","id":9082,"geometry":{"type":"Point","coordinates":[-122.23240399999997,47.466956000000039]},"properties":{"CameraID":9082,"CameraTitle":"I-405 at MP 1.6: Oakesdale Ave","ImageURL":"https://images.wsdot.wa.gov/nw/405vc00163.jpg","WSDOTSRID":"405        ","CompassDirection":"B","Latitude":47.466956000000003,"Longitude":-122.232404,"CameraOwnerName":null,"CameraOwnerURL":null,"ImageWidth":335,"ImageHeight":249}},{"type":"Feature","id":9083,"geometry":{"type":"Point","coordinates":[-122.18048299999998,47.592156000000045]},"properties":{"CameraID":9083,"CameraTitle":"I-405 at MP 11.9: SE 20th St, NB","ImageURL":"https://images.wsdot.wa.gov/nw/405vc01199.jpg","WSDOTSRID":"405        ","CompassDirection":"B","Latitude":47.592156000000003,"Longitude":-122.180483,"CameraOwnerName":null,"CameraOwnerURL":null,"ImageWidth":335,"ImageHeight":249}},{"type":"Feature","id":9084,"geometry":{"type":"Point","coordinates":[-122.18179399999997,47.601158000000055]},"properties":{"CameraID":9084,"CameraTitle":"I-405 at MP 12.6: SE 9th Pl","ImageURL":"https://images.wsdot.wa.gov/nw/405vc01261.jpg","WSDOTSRID":"405        ","CompassDirection":"N","Latitude":47.601157999999998,"Longitude":-122.181794,"CameraOwnerName":null,"CameraOwnerURL":null,"ImageWidth":335,"ImageHeight":249}},{"type":"Feature","id":9085,"geometry":{"type":"Point","coordinates":[-122.22575199999994,47.803824000000077]},"properties":{"CameraID":9085,"CameraTitle":"I-405 at MP 27.6: 213th St SE","ImageURL":"https://images.wsdot.wa.gov/nw/405vc02760.jpg","WSDOTSRID":"405        ","CompassDirection":"N","Latitude":47.803823999999999,"Longitude":-122.225752,"CameraOwnerName":null,"CameraOwnerURL":null,"ImageWidth":335,"ImageHeight":249}},{"type":"Feature","id":9086,"geometry":{"type":"Point","coordinates":[-122.29957299999995,47.465127000000052]},"properties":{"CameraID":9086,"CameraTitle":"SR 518 at MP 1.6: S 154th St","ImageURL":"https://images.wsdot.wa.gov/nw/518vc00162.jpg","WSDOTSRID":"518        ","CompassDirection":"B","Latitude":47.465127000000003,"Longitude":-122.299573,"CameraOwnerName":null,"CameraOwnerURL":null,"ImageWidth":335,"ImageHeight":249}},{"type":"Feature","id":9087,"geometry":{"type":"Point","coordinates":[-122.29434399999997,47.463542000000075]},"properties":{"CameraID":9087,"CameraTitle":"SR 518 at MP 2.2: Airport Dr","ImageURL":"https://images.wsdot.wa.gov/nw/518vc00228.jpg","WSDOTSRID":"518        ","CompassDirection":"B","Latitude":47.463541999999997,"Longitude":-122.294344,"CameraOwnerName":null,"CameraOwnerURL":null,"ImageWidth":335,"ImageHeight":249}},{"type":"Feature","id":9088,"geometry":{"type":"Point","coordinates":[-122.27585499999998,47.465670000000046]},"properties":{"CameraID":9088,"CameraTitle":"SR 518 at MP 3.2: 46th Ave S","ImageURL":"https://images.wsdot.wa.gov/nw/518vc00322.jpg","WSDOTSRID":"518        ","CompassDirection":"B","Latitude":47.465670000000003,"Longitude":-122.27585500000001,"CameraOwnerName":null,"CameraOwnerURL":null,"ImageWidth":335,"ImageHeight":249}},{"type":"Feature","id":9089,"geometry":{"type":"Point","coordinates":[-122.27090799999996,47.463595000000055]},"properties":{"CameraID":9089,"CameraTitle":"SR 518 at MP 3.4: 51st Ave S","ImageURL":"https://images.wsdot.wa.gov/nw/518vc00349.jpg","WSDOTSRID":"518        ","CompassDirection":"B","Latitude":47.463594999999998,"Longitude":-122.27090800000001,"CameraOwnerName":null,"CameraOwnerURL":null,"ImageWidth":335,"ImageHeight":249}},{"type":"Feature","id":9090,"geometry":{"type":"Point","coordinates":[-122.26509599999997,47.461396000000036]},"properties":{"CameraID":9090,"CameraTitle":"SR 518 at MP 3.8: EB Under I-5","ImageURL":"https://images.wsdot.wa.gov/nw/518vc00388.jpg","WSDOTSRID":"518        ","CompassDirection":"B","Latitude":47.461396000000001,"Longitude":-122.265096,"CameraOwnerName":null,"CameraOwnerURL":null,"ImageWidth":335,"ImageHeight":249}},{"type":"Feature","id":9091,"geometry":{"type":"Point","coordinates":[-122.22622499999994,47.922916000000043]},"properties":{"CameraID":9091,"CameraTitle":"SR 526 at MP 3.5: Evergreen Way","ImageURL":"https://images.wsdot.wa.gov/nw/526vc00358.jpg","WSDOTSRID":"526        ","CompassDirection":"B","Latitude":47.922916000000001,"Longitude":-122.226225,"CameraOwnerName":null,"CameraOwnerURL":null,"ImageWidth":335,"ImageHeight":249}},{"type":"Feature","id":9092,"geometry":{"type":"Point","coordinates":[-122.48542599999996,48.901429000000064]},"properties":{"CameraID":9092,"CameraTitle":"SR 539 at MP 8.6: Wiser Lake (North)","ImageURL":"https://images.wsdot.wa.gov/nw/539vc00862.jpg","WSDOTSRID":"539        ","CompassDirection":"N","Latitude":48.901429,"Longitude":-122.485426,"CameraOwnerName":null,"CameraOwnerURL":null,"ImageWidth":335,"ImageHeight":244}},{"type":"Feature","id":9093,"geometry":{"type":"Point","coordinates":[-122.06283699999994,47.542989000000034]},"properties":{"CameraID":9093,"CameraTitle":"SR 900 at MP 21.2: Maple St","ImageURL":"https://images.wsdot.wa.gov/nw/900vc02122.jpg","WSDOTSRID":"900        ","CompassDirection":"B","Latitude":47.542988999999999,"Longitude":-122.062837,"CameraOwnerName":null,"CameraOwnerURL":null,"ImageWidth":335,"ImageHeight":249}},{"type":"Feature","id":9094,"geometry":{"type":"Point","coordinates":[-120.47126899999995,46.559638000000064]},"properties":{"CameraID":9094,"CameraTitle":"I-82 at MP 36.5: Valley Mall Blvd Interchange","ImageURL":"https://images.wsdot.wa.gov/sc/082VC03651.jpg","WSDOTSRID":"082        ","CompassDirection":"B","Latitude":46.559638,"Longitude":-120.47126900000001,"CameraOwnerName":null,"CameraOwnerURL":null,"ImageWidth":320,"ImageHeight":237}},{"type":"Feature","id":9096,"geometry":{"type":"Point","coordinates":[-122.34663799999998,48.469131000000061]},"properties":{"CameraID":9096,"CameraTitle":"SR 20 at MP 59.3: Garrett Rd","ImageURL":"https://images.wsdot.wa.gov/nw/020vc05930.jpg","WSDOTSRID":"020        ","CompassDirection":"W","Latitude":48.469130999999997,"Longitude":-122.346638,"CameraOwnerName":null,"CameraOwnerURL":null,"ImageWidth":335,"ImageHeight":249}},{"type":"Feature","id":9145,"geometry":{"type":"Point","coordinates":[-121.13408499999997,47.724431000000038]},"properties":{"CameraID":9145,"CameraTitle":"US 2 at MP 61.9: Old Faithful Avalanche Zone","ImageURL":"https://images.wsdot.wa.gov/nc/002vc06190.jpg","WSDOTSRID":"002        ","CompassDirection":"E","Latitude":47.724431000000003,"Longitude":-121.134085,"CameraOwnerName":null,"CameraOwnerURL":null,"ImageWidth":335,"ImageHeight":249}},{"type":"Feature","id":9146,"geometry":{"type":"Point","coordinates":[-122.51505999999995,47.256871000000046]},"properties":{"CameraID":9146,"CameraTitle":"SR 16 at MP 3.6: Sixth Ave","ImageURL":"https://images.wsdot.wa.gov/orflow/016vc00360.jpg","WSDOTSRID":"016        ","CompassDirection":"B","Latitude":47.256870999999997,"Longitude":-122.51506000000001,"CameraOwnerName":null,"CameraOwnerURL":null,"ImageWidth":335,"ImageHeight":249}},{"type":"Feature","id":9147,"geometry":{"type":"Point","coordinates":[-122.56083099999995,47.287391000000071]},"properties":{"CameraID":9147,"CameraTitle":"SR 16 at MP 9.3: Toll Plaza","ImageURL":"https://images.wsdot.wa.gov/orflow/016vc00930.jpg","WSDOTSRID":"016        ","CompassDirection":"B","Latitude":47.287391,"Longitude":-122.56083099999999,"CameraOwnerName":null,"CameraOwnerURL":null,"ImageWidth":335,"ImageHeight":249}},{"type":"Feature","id":9148,"geometry":{"type":"Point","coordinates":[-122.56038299999994,47.277271000000042]},"properties":{"CameraID":9148,"CameraTitle":"SR 16 at MP 8.6: Stone Dr","ImageURL":"https://images.wsdot.wa.gov/orflow/016vc00860.jpg","WSDOTSRID":"016        ","CompassDirection":"B","Latitude":47.277270999999999,"Longitude":-122.560383,"CameraOwnerName":null,"CameraOwnerURL":null,"ImageWidth":335,"ImageHeight":249}},{"type":"Feature","id":9149,"geometry":{"type":"Point","coordinates":[-122.53767099999999,47.259047000000066]},"properties":{"CameraID":9149,"CameraTitle":"SR 16 at MP 4.7: Jackson","ImageURL":"https://images.wsdot.wa.gov/orflow/016vc00470.jpg","WSDOTSRID":"016        ","CompassDirection":"B","Latitude":47.259047000000002,"Longitude":-122.537671,"CameraOwnerName":null,"CameraOwnerURL":null,"ImageWidth":335,"ImageHeight":249}},{"type":"Feature","id":9151,"geometry":{"type":"Point","coordinates":[-122.49551899999994,47.797124000000053]},"properties":{"CameraID":9151,"CameraTitle":"WSF Kingston Terminal","ImageURL":"https://images.wsdot.wa.gov/wsf/kingston/terminal/kingston.jpg","WSDOTSRID":"104CPKNGSTN","CompassDirection":"E","Latitude":47.797123999999997,"Longitude":-122.495519,"CameraOwnerName":null,"CameraOwnerURL":null,"ImageWidth":352,"ImageHeight":261}},{"type":"Feature","id":9152,"geometry":{"type":"Point","coordinates":[-122.52563999999995,47.809410000000071]},"properties":{"CameraID":9152,"CameraTitle":"WSF Kingston Ferry Sign East","ImageURL":"https://images.wsdot.wa.gov/wsf/kingston/fse/fse.jpg","WSDOTSRID":"104        ","CompassDirection":"E","Latitude":47.80941,"Longitude":-122.52564,"CameraOwnerName":null,"CameraOwnerURL":null,"ImageWidth":352,"ImageHeight":261}},{"type":"Feature","id":9153,"geometry":{"type":"Point","coordinates":[-122.52563999999995,47.809410000000071]},"properties":{"CameraID":9153,"CameraTitle":"WSF Kingston Ferry Sign West","ImageURL":"https://images.wsdot.wa.gov/wsf/kingston/fsw/fsw.jpg","WSDOTSRID":"104        ","CompassDirection":"W","Latitude":47.80941,"Longitude":-122.52564,"CameraOwnerName":null,"CameraOwnerURL":null,"ImageWidth":352,"ImageHeight":261}},{"type":"Feature","id":9154,"geometry":{"type":"Point","coordinates":[-122.51667499999996,47.807814000000064]},"properties":{"CameraID":9154,"CameraTitle":"WSF Kingston Barber","ImageURL":"https://images.wsdot.wa.gov/wsf/kingston/barber/barber.jpg","WSDOTSRID":"104        ","CompassDirection":"E","Latitude":47.807814,"Longitude":-122.51667500000001,"CameraOwnerName":null,"CameraOwnerURL":null,"ImageWidth":352,"ImageHeight":261}},{"type":"Feature","id":9155,"geometry":{"type":"Point","coordinates":[-122.38306199999994,47.81040500000006]},"properties":{"CameraID":9155,"CameraTitle":"WSF Edmonds W Dayton St","ImageURL":"https://images.wsdot.wa.gov/wsf/edmonds/104dayton.jpg","WSDOTSRID":"104        ","CompassDirection":"W","Latitude":47.810405000000003,"Longitude":-122.383062,"CameraOwnerName":null,"CameraOwnerURL":null,"ImageWidth":352,"ImageHeight":261}},{"type":"Feature","id":9156,"geometry":{"type":"Point","coordinates":[-122.36985299999998,47.792528000000061]},"properties":{"CameraID":9156,"CameraTitle":"WSF Edmonds VMS Sign","ImageURL":"https://images.wsdot.wa.gov/wsf/edmonds/104vms_wts.jpg","WSDOTSRID":"104        ","CompassDirection":"W","Latitude":47.792527999999997,"Longitude":-122.36985300000001,"CameraOwnerName":null,"CameraOwnerURL":null,"ImageWidth":352,"ImageHeight":261}},{"type":"Feature","id":9157,"geometry":{"type":"Point","coordinates":[-122.38217399999996,47.811747000000025]},"properties":{"CameraID":9157,"CameraTitle":"WSF Edmonds Holding","ImageURL":"https://images.wsdot.wa.gov/wsf/edmonds/holding.jpg","WSDOTSRID":"104        ","CompassDirection":"W","Latitude":47.811746999999997,"Longitude":-122.38217400000001,"CameraOwnerName":null,"CameraOwnerURL":null,"ImageWidth":352,"ImageHeight":261}},{"type":"Feature","id":9159,"geometry":{"type":"Point","coordinates":[-122.38311499999998,47.802634000000069]},"properties":{"CameraID":9159,"CameraTitle":"WSF Edmonds Underpass","ImageURL":"https://images.wsdot.wa.gov/wsf/edmonds/104underpass.jpg","WSDOTSRID":"104        ","CompassDirection":"W","Latitude":47.802633999999998,"Longitude":-122.383115,"CameraOwnerName":null,"CameraOwnerURL":null,"ImageWidth":352,"ImageHeight":261}},{"type":"Feature","id":9160,"geometry":{"type":"Point","coordinates":[-122.38311499999998,47.802634000000069]},"properties":{"CameraID":9160,"CameraTitle":"WSF Edmonds Pine","ImageURL":"https://images.wsdot.wa.gov/wsf/edmonds/104pine.jpg","WSDOTSRID":"104        ","CompassDirection":"W","Latitude":47.802633999999998,"Longitude":-122.383115,"CameraOwnerName":null,"CameraOwnerURL":null,"ImageWidth":352,"ImageHeight":261}},{"type":"Feature","id":9161,"geometry":{"type":"Point","coordinates":[-122.30644199999995,47.933594000000028]},"properties":{"CameraID":9161,"CameraTitle":"WSF Mukilteo SR 525 at Clover Ln","ImageURL":"https://images.wsdot.wa.gov/nw/525vc00740.jpg","WSDOTSRID":"525        ","CompassDirection":"W","Latitude":47.933593999999999,"Longitude":-122.306442,"CameraOwnerName":null,"CameraOwnerURL":null,"ImageWidth":335,"ImageHeight":249}},{"type":"Feature","id":9162,"geometry":{"type":"Point","coordinates":[-122.30049699999995,47.928391000000033]},"properties":{"CameraID":9162,"CameraTitle":"WSF Mukilteo SR 525 at 76th - North","ImageURL":"https://images.wsdot.wa.gov/nw/525vc00695.jpg","WSDOTSRID":"525        ","CompassDirection":"W","Latitude":47.928390999999998,"Longitude":-122.30049699999999,"CameraOwnerName":null,"CameraOwnerURL":null,"ImageWidth":335,"ImageHeight":249}},{"type":"Feature","id":9163,"geometry":{"type":"Point","coordinates":[-122.30049699999995,47.928391000000033]},"properties":{"CameraID":9163,"CameraTitle":"WSF Mukilteo SR 525 at 76th - South","ImageURL":"https://images.wsdot.wa.gov/nw/525vc00694.jpg","WSDOTSRID":"525        ","CompassDirection":"W","Latitude":47.928390999999998,"Longitude":-122.30049699999999,"CameraOwnerName":null,"CameraOwnerURL":null,"ImageWidth":335,"ImageHeight":249}},{"type":"Feature","id":9164,"geometry":{"type":"Point","coordinates":[-122.30361999999997,47.948045000000036]},"properties":{"CameraID":9164,"CameraTitle":"WSF Mukilteo Holding","ImageURL":"https://images.wsdot.wa.gov/wsf/Mukilteo/Terminal/mukterm.jpg","WSDOTSRID":"525        ","CompassDirection":"W","Latitude":47.948045,"Longitude":-122.30362,"CameraOwnerName":null,"CameraOwnerURL":null,"ImageWidth":352,"ImageHeight":261}},{"type":"Feature","id":9166,"geometry":{"type":"Point","coordinates":[-122.35201699999999,47.974546000000032]},"properties":{"CameraID":9166,"CameraTitle":"WSF Clinton Terminal","ImageURL":"https://images.wsdot.wa.gov/wsf/clinton/terminal/clinton.jpg","WSDOTSRID":"525        ","CompassDirection":"E","Latitude":47.974545999999997,"Longitude":-122.352017,"CameraOwnerName":null,"CameraOwnerURL":null,"ImageWidth":352,"ImageHeight":261}},{"type":"Feature","id":9167,"geometry":{"type":"Point","coordinates":[-122.76046599999995,48.112086000000033]},"properties":{"CameraID":9167,"CameraTitle":"WSF Port Townsend Terminal","ImageURL":"https://images.wsdot.wa.gov/wsf/PortTownsend/terminal/ptterm.jpg","WSDOTSRID":"020        ","CompassDirection":"E","Latitude":48.112085999999998,"Longitude":-122.76046599999999,"CameraOwnerName":null,"CameraOwnerURL":null,"ImageWidth":352,"ImageHeight":261}},{"type":"Feature","id":9168,"geometry":{"type":"Point","coordinates":[-122.76046599999995,48.112086000000033]},"properties":{"CameraID":9168,"CameraTitle":"WSF Port Townsend Street","ImageURL":"https://images.wsdot.wa.gov/wsf/PortTownsend/Street/ptStreet.jpg","WSDOTSRID":"020        ","CompassDirection":"W","Latitude":48.112085999999998,"Longitude":-122.76046599999999,"CameraOwnerName":null,"CameraOwnerURL":null,"ImageWidth":352,"ImageHeight":261}},{"type":"Feature","id":9169,"geometry":{"type":"Point","coordinates":[-122.67397399999999,48.160022000000026]},"properties":{"CameraID":9169,"CameraTitle":"WSF Coupeville Terminal","ImageURL":"https://images.wsdot.wa.gov/wsf/Keystone/terminal/keyterm.jpg","WSDOTSRID":"020        ","CompassDirection":"E","Latitude":48.160021999999998,"Longitude":-122.673974,"CameraOwnerName":null,"CameraOwnerURL":null,"ImageWidth":352,"ImageHeight":261}},{"type":"Feature","id":9170,"geometry":{"type":"Point","coordinates":[-122.67397399999999,48.160022000000026]},"properties":{"CameraID":9170,"CameraTitle":"WSF Coupeville Street","ImageURL":"https://images.wsdot.wa.gov/wsf/Keystone/Street/keyStreet.jpg","WSDOTSRID":"020        ","CompassDirection":"E","Latitude":48.160021999999998,"Longitude":-122.673974,"CameraOwnerName":null,"CameraOwnerURL":null,"ImageWidth":352,"ImageHeight":261}},{"type":"Feature","id":9172,"geometry":{"type":"Point","coordinates":[-122.35246199999995,47.97471100000007]},"properties":{"CameraID":9172,"CameraTitle":"WSF Clinton Uphill","ImageURL":"https://images.wsdot.wa.gov/wsf/clinton/boothhill.jpg","WSDOTSRID":"525        ","StateRouteMilepost":null,"CompassDirection":"E","Latitude":47.974710999999999,"Longitude":-122.352462,"CameraOwnerName":"Whidbey.com","CameraOwnerURL":"https://www.whidbeytel.com/ferrycams/","ImageWidth":320,"ImageHeight":240}},{"type":"Feature","id":9173,"geometry":{"type":"Point","coordinates":[-122.35223599999995,47.974689000000069]},"properties":{"CameraID":9173,"CameraTitle":"WSF Clinton Dock","ImageURL":"https://images.wsdot.wa.gov/wsf/clinton/boothdock.jpg","WSDOTSRID":"525        ","StateRouteMilepost":null,"CompassDirection":"E","Latitude":47.974688999999998,"Longitude":-122.352236,"CameraOwnerName":"Whidbey.com ","CameraOwnerURL":"https://www.whidbeytel.com/ferrycams/","ImageWidth":320,"ImageHeight":240}},{"type":"Feature","id":9174,"geometry":{"type":"Point","coordinates":[-122.35764399999999,47.979695000000049]},"properties":{"CameraID":9174,"CameraTitle":"WSF Clinton E SR 525","ImageURL":"https://images.wsdot.wa.gov/wsf/clinton/clinteast.jpg","WSDOTSRID":"525        ","CompassDirection":"E","Latitude":47.979695,"Longitude":-122.35764399999999,"CameraOwnerName":"Whidbey.com ","CameraOwnerURL":"https://www.whidbeytel.com/ferrycams/","ImageWidth":320,"ImageHeight":240}},{"type":"Feature","id":9175,"geometry":{"type":"Point","coordinates":[-122.35742899999997,47.979681000000028]},"properties":{"CameraID":9175,"CameraTitle":"WSF Clinton W SR 525","ImageURL":"https://images.wsdot.wa.gov/wsf/clinton/clintwest.jpg","WSDOTSRID":"525        ","CompassDirection":"W","Latitude":47.979680999999999,"Longitude":-122.357429,"CameraOwnerName":"Whidbey.com","CameraOwnerURL":"https://www.whidbeytel.com/ferrycams/","ImageWidth":320,"ImageHeight":240}},{"type":"Feature","id":9177,"geometry":{"type":"Point","coordinates":[-122.50417399999998,45.591725000000054]},"properties":{"CameraID":9177,"CameraTitle":"SR 14 at MP 8.5: 164th Ave","ImageURL":"https://images.wsdot.wa.gov/sw/014vc00852.jpg","WSDOTSRID":"014        ","CompassDirection":"W","Latitude":45.591724999999997,"Longitude":-122.50417400000001,"CameraOwnerName":null,"CameraOwnerURL":null,"ImageWidth":335,"ImageHeight":249}},{"type":"Feature","id":9178,"geometry":{"type":"Point","coordinates":[-122.51967299999995,45.595977000000062]},"properties":{"CameraID":9178,"CameraTitle":"SR 14 at MP 7.7: Cascade Park","ImageURL":"https://images.wsdot.wa.gov/sw/014vc00772.jpg","WSDOTSRID":"014        ","CompassDirection":"W","Latitude":45.595976999999998,"Longitude":-122.519673,"CameraOwnerName":null,"CameraOwnerURL":null,"ImageWidth":335,"ImageHeight":249}},{"type":"Feature","id":9179,"geometry":{"type":"Point","coordinates":[-122.62390499999998,45.618170000000077]},"properties":{"CameraID":9179,"CameraTitle":"SR 14 at MP 2.4: Blanford Dr","ImageURL":"https://images.wsdot.wa.gov/sw/014vc00240.jpg","WSDOTSRID":"014        ","CompassDirection":"W","Latitude":45.618169999999999,"Longitude":-122.62390499999999,"CameraOwnerName":null,"CameraOwnerURL":null,"ImageWidth":335,"ImageHeight":249}},{"type":"Feature","id":9180,"geometry":{"type":"Point","coordinates":[-122.61161299999998,45.615147000000036]},"properties":{"CameraID":9180,"CameraTitle":"SR 14 at MP 3: Shorewood Dr","ImageURL":"https://images.wsdot.wa.gov/sw/014vc00305.jpg","WSDOTSRID":"014        ","CompassDirection":"E","Latitude":45.615147,"Longitude":-122.61161300000001,"CameraOwnerName":null,"CameraOwnerURL":null,"ImageWidth":335,"ImageHeight":249}},{"type":"Feature","id":9187,"geometry":{"type":"Point","coordinates":[-122.38465799999994,48.24012300000004]},"properties":{"CameraID":9187,"CameraTitle":"SR 532 at MP 3.3: Stillaguamish River","ImageURL":"https://images.wsdot.wa.gov/nw/532vc00337.jpg","WSDOTSRID":"532        ","CompassDirection":"B","Latitude":48.240122999999997,"Longitude":-122.384658,"CameraOwnerName":null,"CameraOwnerURL":null,"ImageWidth":335,"ImageHeight":249}},{"type":"Feature","id":9188,"geometry":{"type":"Point","coordinates":[-122.68087399999996,45.805397000000028]},"properties":{"CameraID":9188,"CameraTitle":"I-5 at MP 13.4: Dolan Rd","ImageURL":"https://images.wsdot.wa.gov/sw/005vc01346.jpg","WSDOTSRID":"005        ","CompassDirection":"B","Latitude":45.805396999999999,"Longitude":-122.680874,"CameraOwnerName":null,"CameraOwnerURL":null,"ImageWidth":335,"ImageHeight":249}},{"type":"Feature","id":9189,"geometry":{"type":"Point","coordinates":[-122.68468499999994,45.813588000000038]},"properties":{"CameraID":9189,"CameraTitle":"I-5 at MP 14.2: SR 501 Interchange","ImageURL":"https://images.wsdot.wa.gov/sw/005vc01420.jpg","WSDOTSRID":"005        ","CompassDirection":"B","Latitude":45.813588000000003,"Longitude":-122.684685,"CameraOwnerName":null,"CameraOwnerURL":null,"ImageWidth":335,"ImageHeight":249}},{"type":"Feature","id":9190,"geometry":{"type":"Point","coordinates":[-122.65068099999996,47.77381100000008]},"properties":{"CameraID":9190,"CameraTitle":"SR 3 at MP 54: Equestrian Dr Looking South","ImageURL":"https://images.wsdot.wa.gov/orflow/003vc05405.jpg","WSDOTSRID":"003        ","CompassDirection":"S","Latitude":47.773811000000002,"Longitude":-122.65068100000001,"CameraOwnerName":null,"CameraOwnerURL":null,"ImageWidth":335,"ImageHeight":249}},{"type":"Feature","id":9191,"geometry":{"type":"Point","coordinates":[-122.65068099999996,47.77381100000008]},"properties":{"CameraID":9191,"CameraTitle":"SR 3 at MP 54: Equestrian Dr Looking North","ImageURL":"https://images.wsdot.wa.gov/orflow/003vc05406.jpg","WSDOTSRID":"003        ","CompassDirection":"N","Latitude":47.773811000000002,"Longitude":-122.65068100000001,"CameraOwnerName":null,"CameraOwnerURL":null,"ImageWidth":335,"ImageHeight":249}},{"type":"Feature","id":9192,"geometry":{"type":"Point","coordinates":[-122.65135999999995,47.783574000000044]},"properties":{"CameraID":9192,"CameraTitle":"SR 3 at MP 54.6: Pioneer Hill Rd Looking South","ImageURL":"https://images.wsdot.wa.gov/orflow/003vc05469.jpg","WSDOTSRID":"003        ","CompassDirection":"S","Latitude":47.783574000000002,"Longitude":-122.65136,"CameraOwnerName":null,"CameraOwnerURL":null,"ImageWidth":335,"ImageHeight":249}},{"type":"Feature","id":9193,"geometry":{"type":"Point","coordinates":[-122.65135999999995,47.783574000000044]},"properties":{"CameraID":9193,"CameraTitle":"SR 3 at MP 54.7: Pioneer Hill Rd Looking North","ImageURL":"https://images.wsdot.wa.gov/orflow/003vc05470.jpg","WSDOTSRID":"003        ","CompassDirection":"N","Latitude":47.783574000000002,"Longitude":-122.65136,"CameraOwnerName":null,"CameraOwnerURL":null,"ImageWidth":335,"ImageHeight":249}},{"type":"Feature","id":9194,"geometry":{"type":"Point","coordinates":[-122.64921499999997,47.802247000000079]},"properties":{"CameraID":9194,"CameraTitle":"SR 3 at MP 56: Tytler Rd Looking South","ImageURL":"https://images.wsdot.wa.gov/orflow/003vc05603.jpg","WSDOTSRID":"003        ","CompassDirection":"S","Latitude":47.802247000000001,"Longitude":-122.649215,"CameraOwnerName":null,"CameraOwnerURL":null,"ImageWidth":335,"ImageHeight":249}},{"type":"Feature","id":9195,"geometry":{"type":"Point","coordinates":[-122.64921499999997,47.802247000000079]},"properties":{"CameraID":9195,"CameraTitle":"SR 3 at MP 56: Tytler Rd Looking North","ImageURL":"https://images.wsdot.wa.gov/orflow/003vc05604.jpg","WSDOTSRID":"003        ","CompassDirection":"N","Latitude":47.802247000000001,"Longitude":-122.649215,"CameraOwnerName":null,"CameraOwnerURL":null,"ImageWidth":335,"ImageHeight":249}},{"type":"Feature","id":9196,"geometry":{"type":"Point","coordinates":[-122.64414599999998,47.817072000000053]},"properties":{"CameraID":9196,"CameraTitle":"SR 3 at MP 57: Big Valley Rd Looking South","ImageURL":"https://images.wsdot.wa.gov/orflow/003vc05707.jpg","WSDOTSRID":"003        ","CompassDirection":"S","Latitude":47.817072000000003,"Longitude":-122.64414600000001,"CameraOwnerName":null,"CameraOwnerURL":null,"ImageWidth":335,"ImageHeight":249}},{"type":"Feature","id":9197,"geometry":{"type":"Point","coordinates":[-122.64414599999998,47.817072000000053]},"properties":{"CameraID":9197,"CameraTitle":"SR 3 at MP 57: Big Valley Rd Looking North","ImageURL":"https://images.wsdot.wa.gov/orflow/003vc05708.jpg","WSDOTSRID":"003        ","CompassDirection":"N","Latitude":47.817072000000003,"Longitude":-122.64414600000001,"CameraOwnerName":null,"CameraOwnerURL":null,"ImageWidth":335,"ImageHeight":249}},{"type":"Feature","id":9198,"geometry":{"type":"Point","coordinates":[-122.63464199999999,47.825510000000065]},"properties":{"CameraID":9198,"CameraTitle":"SR 3 at MP 57.8: Scenic Dr Looking South","ImageURL":"https://images.wsdot.wa.gov/orflow/003vc05783.jpg","WSDOTSRID":"003        ","CompassDirection":"S","Latitude":47.825510000000001,"Longitude":-122.634642,"CameraOwnerName":null,"CameraOwnerURL":null,"ImageWidth":335,"ImageHeight":249}},{"type":"Feature","id":9199,"geometry":{"type":"Point","coordinates":[-122.63464199999999,47.825510000000065]},"properties":{"CameraID":9199,"CameraTitle":"SR 3 at MP 57.8: Scenic Dr Looking North","ImageURL":"https://images.wsdot.wa.gov/orflow/003vc05784.jpg","WSDOTSRID":"003        ","CompassDirection":"N","Latitude":47.825510000000001,"Longitude":-122.634642,"CameraOwnerName":null,"CameraOwnerURL":null,"ImageWidth":335,"ImageHeight":249}},{"type":"Feature","id":9200,"geometry":{"type":"Point","coordinates":[-122.62224299999997,47.834066000000064]},"properties":{"CameraID":9200,"CameraTitle":"SR 3 at MP 58.6: Hard Rock Way Looking South","ImageURL":"https://images.wsdot.wa.gov/orflow/003vc05864.jpg","WSDOTSRID":"003        ","CompassDirection":"S","Latitude":47.834066,"Longitude":-122.622243,"CameraOwnerName":null,"CameraOwnerURL":null,"ImageWidth":335,"ImageHeight":249}},{"type":"Feature","id":9201,"geometry":{"type":"Point","coordinates":[-122.62224299999997,47.834066000000064]},"properties":{"CameraID":9201,"CameraTitle":"SR 3 at MP 58.6: Hard Rock Way Looking North","ImageURL":"https://images.wsdot.wa.gov/orflow/003vc05865.jpg","WSDOTSRID":"003        ","CompassDirection":"N","Latitude":47.834066,"Longitude":-122.622243,"CameraOwnerName":null,"CameraOwnerURL":null,"ImageWidth":335,"ImageHeight":249}},{"type":"Feature","id":9202,"geometry":{"type":"Point","coordinates":[-122.61285899999996,47.84994400000005]},"properties":{"CameraID":9202,"CameraTitle":"SR 3 at MP 59.8: Bridge Way Looking South","ImageURL":"https://images.wsdot.wa.gov/orflow/003vc05983.jpg","WSDOTSRID":"003        ","CompassDirection":"S","Latitude":47.849944000000001,"Longitude":-122.612859,"CameraOwnerName":null,"CameraOwnerURL":null,"ImageWidth":335,"ImageHeight":249}},{"type":"Feature","id":9203,"geometry":{"type":"Point","coordinates":[-122.61285899999996,47.84994400000005]},"properties":{"CameraID":9203,"CameraTitle":"SR 3 at MP 59.8: Bridge Way Looking North","ImageURL":"https://images.wsdot.wa.gov/orflow/003vc05984.jpg","WSDOTSRID":"003        ","CompassDirection":"N","Latitude":47.849944000000001,"Longitude":-122.612859,"CameraOwnerName":null,"CameraOwnerURL":null,"ImageWidth":335,"ImageHeight":249}},{"type":"Feature","id":9206,"geometry":{"type":"Point","coordinates":[-122.65293499999996,47.868908000000033]},"properties":{"CameraID":9206,"CameraTitle":"SR 104 at MP 13.1: Climbing Hill Looking West","ImageURL":"https://images.wsdot.wa.gov/orflow/104vc01313.jpg","WSDOTSRID":"104        ","CompassDirection":"W","Latitude":47.868907999999998,"Longitude":-122.652935,"CameraOwnerName":null,"CameraOwnerURL":null,"ImageWidth":335,"ImageHeight":249}},{"type":"Feature","id":9207,"geometry":{"type":"Point","coordinates":[-122.65293499999996,47.868908000000033]},"properties":{"CameraID":9207,"CameraTitle":"SR 104 at MP 13.1: Climbing Hill Looking East","ImageURL":"https://images.wsdot.wa.gov/orflow/104vc01312.jpg","WSDOTSRID":"104        ","CompassDirection":"E","Latitude":47.868907999999998,"Longitude":-122.652935,"CameraOwnerName":null,"CameraOwnerURL":null,"ImageWidth":335,"ImageHeight":249}},{"type":"Feature","id":9208,"geometry":{"type":"Point","coordinates":[-122.60250599999995,47.854831000000047]},"properties":{"CameraID":9208,"CameraTitle":"SR 104 at MP 15.9: Wheeler St Looking West","ImageURL":"https://images.wsdot.wa.gov/orflow/104vc01594.jpg","WSDOTSRID":"104        ","CompassDirection":"W","Latitude":47.854830999999997,"Longitude":-122.60250600000001,"CameraOwnerName":null,"CameraOwnerURL":null,"ImageWidth":335,"ImageHeight":249}},{"type":"Feature","id":9209,"geometry":{"type":"Point","coordinates":[-122.60250599999995,47.854831000000047]},"properties":{"CameraID":9209,"CameraTitle":"SR 104 at MP 15.9: Wheeler St Looking East","ImageURL":"https://images.wsdot.wa.gov/orflow/104vc01595.jpg","WSDOTSRID":"104        ","CompassDirection":"E","Latitude":47.854830999999997,"Longitude":-122.60250600000001,"CameraOwnerName":null,"CameraOwnerURL":null,"ImageWidth":335,"ImageHeight":249}},{"type":"Feature","id":9210,"geometry":{"type":"Point","coordinates":[-122.33590699999996,48.471715000000074]},"properties":{"CameraID":9210,"CameraTitle":"SR 20 at MP 59.8: Rio Vista Ave","ImageURL":"https://images.wsdot.wa.gov/nw/020vc05984.jpg","WSDOTSRID":"020        ","CompassDirection":"B","Latitude":48.471715000000003,"Longitude":-122.33590700000001,"CameraOwnerName":null,"CameraOwnerURL":null,"ImageWidth":335,"ImageHeight":249}},{"type":"Feature","id":9211,"geometry":{"type":"Point","coordinates":[-122.55124299999994,45.602840000000072]},"properties":{"CameraID":9211,"CameraTitle":"I-205 at MP 27: SR-14 W Interchange","ImageURL":"https://images.wsdot.wa.gov/sw/205vc02700.jpg","WSDOTSRID":"205        ","CompassDirection":"W","Latitude":45.60284,"Longitude":-122.551243,"CameraOwnerName":null,"CameraOwnerURL":null,"ImageWidth":335,"ImageHeight":249}},{"type":"Feature","id":9212,"geometry":{"type":"Point","coordinates":[-122.55149599999999,45.604405000000042]},"properties":{"CameraID":9212,"CameraTitle":"I-205 at MP 27.1: SR-14 E Interchange","ImageURL":"https://images.wsdot.wa.gov/sw/205vc02710.jpg","WSDOTSRID":"205        ","CompassDirection":"W","Latitude":45.604405,"Longitude":-122.551496,"CameraOwnerName":null,"CameraOwnerURL":null,"ImageWidth":335,"ImageHeight":249}},{"type":"Feature","id":9213,"geometry":{"type":"Point","coordinates":[-122.00803699999994,47.872554000000036]},"properties":{"CameraID":9213,"CameraTitle":"US 2 at MP 12.9: Fryelands Blvd / Roosevelt Rd SE","ImageURL":"https://images.wsdot.wa.gov/nw/002vc01294.jpg","WSDOTSRID":"002        ","CompassDirection":"B","Latitude":47.872554000000001,"Longitude":-122.008037,"CameraOwnerName":null,"CameraOwnerURL":null,"ImageWidth":335,"ImageHeight":249}},{"type":"Feature","id":9214,"geometry":{"type":"Point","coordinates":[-121.99025499999999,47.870483000000036]},"properties":{"CameraID":9214,"CameraTitle":"US 2 at MP 13.9: 179th Ave SE","ImageURL":"https://images.wsdot.wa.gov/nw/002vc01390.jpg","WSDOTSRID":"002        ","CompassDirection":"B","Latitude":47.870483,"Longitude":-121.990255,"CameraOwnerName":null,"CameraOwnerURL":null,"ImageWidth":335,"ImageHeight":249}},{"type":"Feature","id":9215,"geometry":{"type":"Point","coordinates":[-122.35597099999995,47.240758000000028]},"properties":{"CameraID":9215,"CameraTitle":"I-5 at MP 137.5: 54th at Fife","ImageURL":"https://images.wsdot.wa.gov/orflow/005vc13750.jpg","WSDOTSRID":"005        ","CompassDirection":"B","Latitude":47.240758,"Longitude":-122.355971,"CameraOwnerName":null,"CameraOwnerURL":null,"ImageWidth":335,"ImageHeight":249}},{"type":"Feature","id":9216,"geometry":{"type":"Point","coordinates":[-122.48095399999994,47.234986000000049]},"properties":{"CameraID":9216,"CameraTitle":"SR 16 at MP 1.1: Union Ave","ImageURL":"https://images.wsdot.wa.gov/ORFlow/016vc00110.jpg","WSDOTSRID":"016        ","CompassDirection":"B","Latitude":47.234985999999999,"Longitude":-122.480954,"CameraOwnerName":null,"CameraOwnerURL":null,"ImageWidth":335,"ImageHeight":249}},{"type":"Feature","id":9217,"geometry":{"type":"Point","coordinates":[-122.56051399999996,47.280111000000034]},"properties":{"CameraID":9217,"CameraTitle":"SR 16 at MP 8.7: 24th","ImageURL":"https://images.wsdot.wa.gov/orflow/016vc00879.jpg","WSDOTSRID":"016        ","CompassDirection":"B","Latitude":47.280110999999998,"Longitude":-122.560514,"CameraOwnerName":null,"CameraOwnerURL":null,"ImageWidth":335,"ImageHeight":249}},{"type":"Feature","id":9218,"geometry":{"type":"Point","coordinates":[-122.46757999999994,47.160023000000081]},"properties":{"CameraID":9218,"CameraTitle":"SR 512 at MP 0.6: Steele St","ImageURL":"https://images.wsdot.wa.gov/ORFlow/512vc00063.jpg","WSDOTSRID":"512        ","CompassDirection":"B","Latitude":47.160023000000002,"Longitude":-122.46758,"CameraOwnerName":null,"CameraOwnerURL":null,"ImageWidth":335,"ImageHeight":249}},{"type":"Feature","id":9219,"geometry":{"type":"Point","coordinates":[-122.43461999999994,47.158165000000054]},"properties":{"CameraID":9219,"CameraTitle":"SR 512 at MP 2.2: SR 7 Interchange","ImageURL":"https://images.wsdot.wa.gov/ORFlow/512vc00220.jpg","WSDOTSRID":"512        ","CompassDirection":"B","Latitude":47.158164999999997,"Longitude":-122.43462,"CameraOwnerName":null,"CameraOwnerURL":null,"ImageWidth":335,"ImageHeight":249}},{"type":"Feature","id":9220,"geometry":{"type":"Point","coordinates":[-122.55815199999995,47.117755000000045]},"properties":{"CameraID":9220,"CameraTitle":"I-5 at MP 122.6: Berkeley St","ImageURL":"https://images.wsdot.wa.gov/orflow/005vc12260.jpg","WSDOTSRID":"005        ","CompassDirection":"B","Latitude":47.117755000000002,"Longitude":-122.55815200000001,"CameraOwnerName":null,"CameraOwnerURL":null,"ImageWidth":335,"ImageHeight":209}},{"type":"Feature","id":9221,"geometry":{"type":"Point","coordinates":[-122.46488399999998,47.180772000000047]},"properties":{"CameraID":9221,"CameraTitle":"I-5 at MP 128.9: 84th St","ImageURL":"https://images.wsdot.wa.gov/orflow/005vc12890.jpg","WSDOTSRID":"005        ","CompassDirection":"B","Latitude":47.180771999999997,"Longitude":-122.464884,"CameraOwnerName":null,"CameraOwnerURL":null,"ImageWidth":335,"ImageHeight":249}},{"type":"Feature","id":9222,"geometry":{"type":"Point","coordinates":[-122.46147299999996,47.206723000000068]},"properties":{"CameraID":9222,"CameraTitle":"I-5 at MP 130.7: 56th St","ImageURL":"https://images.wsdot.wa.gov/orflow/005vc13070.jpg","WSDOTSRID":"005        ","CompassDirection":"B","Latitude":47.206722999999997,"Longitude":-122.461473,"CameraOwnerName":null,"CameraOwnerURL":null,"ImageWidth":335,"ImageHeight":249}},{"type":"Feature","id":9224,"geometry":{"type":"Point","coordinates":[-122.44817999999998,47.230148000000042]},"properties":{"CameraID":9224,"CameraTitle":"I-5 at MP 133: Yakima Ave","ImageURL":"https://images.wsdot.wa.gov/orflow/005vc13300.jpg","WSDOTSRID":"005        ","CompassDirection":"B","Latitude":47.230148,"Longitude":-122.44817999999999,"CameraOwnerName":null,"CameraOwnerURL":null,"ImageWidth":335,"ImageHeight":249}},{"type":"Feature","id":9226,"geometry":{"type":"Point","coordinates":[-122.25136899999995,47.235067000000072]},"properties":{"CameraID":9226,"CameraTitle":"SR 167 at MP 9.6: 24th St E","ImageURL":"https://images.wsdot.wa.gov/orflow/167vc00960.jpg","WSDOTSRID":"167        ","CompassDirection":"B","Latitude":47.235067000000001,"Longitude":-122.251369,"CameraOwnerName":null,"CameraOwnerURL":null,"ImageWidth":335,"ImageHeight":249}},{"type":"Feature","id":9227,"geometry":{"type":"Point","coordinates":[-117.17422999999997,47.665541000000076]},"properties":{"CameraID":9227,"CameraTitle":"I-90 at MP 293: Flora Rd","ImageURL":"https://images.wsdot.wa.gov/spokane/i90/I-90-Flora.jpg","WSDOTSRID":"090        ","CompassDirection":"B","Latitude":47.665540999999997,"Longitude":-117.17422999999999,"CameraOwnerName":null,"CameraOwnerURL":null,"ImageWidth":352,"ImageHeight":280}},{"type":"Feature","id":9228,"geometry":{"type":"Point","coordinates":[-117.14005799999995,47.665499000000068]},"properties":{"CameraID":9228,"CameraTitle":"I-90 at MP 294.6: Appleway Ave","ImageURL":"https://images.wsdot.wa.gov/spokane/i90/I-90-Appleway.jpg","WSDOTSRID":"090        ","CompassDirection":"B","Latitude":47.665498999999997,"Longitude":-117.140058,"CameraOwnerName":null,"CameraOwnerURL":null,"ImageWidth":352,"ImageHeight":280}},{"type":"Feature","id":9229,"geometry":{"type":"Point","coordinates":[-117.10843399999999,47.672673000000032]},"properties":{"CameraID":9229,"CameraTitle":"I-90 at MP 296.2: Liberty Lake Rd","ImageURL":"https://images.wsdot.wa.gov/spokane/i90/I-90-Liberty-Lake.jpg","WSDOTSRID":"090        ","CompassDirection":"B","Latitude":47.672673000000003,"Longitude":-117.108434,"CameraOwnerName":null,"CameraOwnerURL":null,"ImageWidth":352,"ImageHeight":280}},{"type":"Feature","id":9230,"geometry":{"type":"Point","coordinates":[-117.10005799999999,47.678980000000081]},"properties":{"CameraID":9230,"CameraTitle":"I-90 at MP 296.8: Harvard Rd","ImageURL":"https://images.wsdot.wa.gov/spokane/i90/I-90-Harvard.jpg","WSDOTSRID":"090        ","CompassDirection":"B","Latitude":47.678980000000003,"Longitude":-117.100058,"CameraOwnerName":null,"CameraOwnerURL":null,"ImageWidth":352,"ImageHeight":280}},{"type":"Feature","id":9231,"geometry":{"type":"Point","coordinates":[-117.06772399999994,47.688680000000033]},"properties":{"CameraID":9231,"CameraTitle":"I-90 at MP 298.2: Starr Rd","ImageURL":"https://images.wsdot.wa.gov/spokane/i90/I-90-Starr.jpg","WSDOTSRID":"090        ","CompassDirection":"B","Latitude":47.688679999999998,"Longitude":-117.067724,"CameraOwnerName":null,"CameraOwnerURL":null,"ImageWidth":352,"ImageHeight":280}},{"type":"Feature","id":9232,"geometry":{"type":"Point","coordinates":[-117.05037399999998,47.695231000000035]},"properties":{"CameraID":9232,"CameraTitle":"I-90 at MP 299.4: Idaho Rd","ImageURL":"https://images.wsdot.wa.gov/spokane/i90/I-90-Idaho.jpg","WSDOTSRID":"090        ","CompassDirection":"B","Latitude":47.695231,"Longitude":-117.05037400000001,"CameraOwnerName":null,"CameraOwnerURL":null,"ImageWidth":352,"ImageHeight":280}},{"type":"Feature","id":9233,"geometry":{"type":"Point","coordinates":[-121.39028999999999,46.638325000000066]},"properties":{"CameraID":9233,"CameraTitle":"US 12 at MP 151: White Pass Ski Area","ImageURL":"https://whitepass-cdn.s3.amazonaws.com/webcams/current.jpg","WSDOTSRID":"012        ","CompassDirection":"S","Latitude":46.638325000000002,"Longitude":-121.39028999999999,"CameraOwnerName":"White Pass Ski Area","CameraOwnerURL":"http://www.skiwhitepass.com/","ImageWidth":341,"ImageHeight":256}},{"type":"Feature","id":9235,"geometry":{"type":"Point","coordinates":[-122.18463099999997,48.07554900000008]},"properties":{"CameraID":9235,"CameraTitle":"I-5 at MP 200.7: 88th St NE","ImageURL":"https://images.wsdot.wa.gov/nw/005vc20077.jpg","WSDOTSRID":"005        ","CompassDirection":"B","Latitude":48.075549000000002,"Longitude":-122.184631,"CameraOwnerName":null,"CameraOwnerURL":null,"ImageWidth":335,"ImageHeight":249}},{"type":"Feature","id":9236,"geometry":{"type":"Point","coordinates":[-122.18472499999996,48.099973000000034]},"properties":{"CameraID":9236,"CameraTitle":"I-5 at MP 202.4: 116th St NE","ImageURL":"https://images.wsdot.wa.gov/nw/005vc20249.jpg","WSDOTSRID":"005        ","CompassDirection":"B","Latitude":48.099972999999999,"Longitude":-122.184725,"CameraOwnerName":null,"CameraOwnerURL":null,"ImageWidth":335,"ImageHeight":249}},{"type":"Feature","id":9237,"geometry":{"type":"Point","coordinates":[-122.18478099999999,48.112440000000049]},"properties":{"CameraID":9237,"CameraTitle":"I-5 at MP 203.3: 128th St NE","ImageURL":"https://images.wsdot.wa.gov/nw/005vc20332.jpg","WSDOTSRID":"005        ","CompassDirection":"B","Latitude":48.112439999999999,"Longitude":-122.184781,"CameraOwnerName":null,"CameraOwnerURL":null,"ImageWidth":335,"ImageHeight":249}},{"type":"Feature","id":9238,"geometry":{"type":"Point","coordinates":[-122.18533499999995,48.125796000000037]},"properties":{"CameraID":9238,"CameraTitle":"I-5 at MP 204.2: 144th St NE","ImageURL":"https://images.wsdot.wa.gov/nw/005vc20424.jpg","WSDOTSRID":"005        ","CompassDirection":"B","Latitude":48.125796000000001,"Longitude":-122.18533499999999,"CameraOwnerName":null,"CameraOwnerURL":null,"ImageWidth":335,"ImageHeight":249}},{"type":"Feature","id":9239,"geometry":{"type":"Point","coordinates":[-122.20277199999998,48.187964000000079]},"properties":{"CameraID":9239,"CameraTitle":"I-5 at MP 208.6: SR 530 Interchange","ImageURL":"https://images.wsdot.wa.gov/nw/005vc20868.jpg","WSDOTSRID":"005        ","CompassDirection":"B","Latitude":48.187964000000001,"Longitude":-122.202772,"CameraOwnerName":null,"CameraOwnerURL":null,"ImageWidth":335,"ImageHeight":249}},{"type":"Feature","id":9240,"geometry":{"type":"Point","coordinates":[-122.20942399999996,48.19626100000005]},"properties":{"CameraID":9240,"CameraTitle":"I-5 at MP 209.3: Stillaguamish River","ImageURL":"https://images.wsdot.wa.gov/nw/005vc20934.jpg","WSDOTSRID":"005        ","CompassDirection":"B","Latitude":48.196261,"Longitude":-122.209424,"CameraOwnerName":null,"CameraOwnerURL":null,"ImageWidth":335,"ImageHeight":249}},{"type":"Feature","id":9241,"geometry":{"type":"Point","coordinates":[-119.27527299999997,46.258715000000052]},"properties":{"CameraID":9241,"CameraTitle":"I-182 at MP 4.3: Jadwin Avenue","ImageURL":"https://images.wsdot.wa.gov/sc/182VC00435.jpg","WSDOTSRID":"182        ","CompassDirection":"B","Latitude":46.258715000000002,"Longitude":-119.275273,"CameraOwnerName":null,"CameraOwnerURL":null,"ImageWidth":320,"ImageHeight":237}},{"type":"Feature","id":9242,"geometry":{"type":"Point","coordinates":[-119.18354899999997,46.26584100000008]},"properties":{"CameraID":9242,"CameraTitle":"I-182 at MP 9.2: Road 68","ImageURL":"https://images.wsdot.wa.gov/sc/182VC00927.jpg","WSDOTSRID":"182        ","CompassDirection":"B","Latitude":46.265841000000002,"Longitude":-119.183549,"CameraOwnerName":null,"CameraOwnerURL":null,"ImageWidth":320,"ImageHeight":237}},{"type":"Feature","id":9243,"geometry":{"type":"Point","coordinates":[-119.19089399999996,46.228555000000028]},"properties":{"CameraID":9243,"CameraTitle":"SR 240 at MP 40.4: Edison St","ImageURL":"https://images.wsdot.wa.gov/sc/240VC04049.jpg","WSDOTSRID":"240        ","CompassDirection":"B","Latitude":46.228555,"Longitude":-119.190894,"CameraOwnerName":null,"CameraOwnerURL":null,"ImageWidth":320,"ImageHeight":237}},{"type":"Feature","id":9244,"geometry":{"type":"Point","coordinates":[-120.50989599999997,46.627071000000058]},"properties":{"CameraID":9244,"CameraTitle":"I-82 at MP 31.28: US 12 Interchange @ N. Yakima","ImageURL":"https://images.wsdot.wa.gov/sc/082VC03128.jpg","WSDOTSRID":"082        ","CompassDirection":"B","Latitude":46.627071000000001,"Longitude":-120.509896,"CameraOwnerName":null,"CameraOwnerURL":null,"ImageWidth":320,"ImageHeight":237}},{"type":"Feature","id":9245,"geometry":{"type":"Point","coordinates":[-120.29955099999995,47.467786000000046]},"properties":{"CameraID":9245,"CameraTitle":"US 2 at MP 127.8: US 97 I/C E. End Odabashian Br.","ImageURL":"https://images.wsdot.wa.gov/nc/028vc00001.jpg","WSDOTSRID":"002        ","CompassDirection":"W","Latitude":47.467785999999997,"Longitude":-120.29955099999999,"CameraOwnerName":null,"CameraOwnerURL":null,"ImageWidth":335,"ImageHeight":249}},{"type":"Feature","id":9247,"geometry":{"type":"Point","coordinates":[-122.97756799999996,46.68804300000005]},"properties":{"CameraID":9247,"CameraTitle":"I-5 at MP 80: Chehalis","ImageURL":"https://images.wsdot.wa.gov/sw/005vc08000.jpg","WSDOTSRID":"005        ","CompassDirection":"B","Latitude":46.688043,"Longitude":-122.97756800000001,"CameraOwnerName":null,"CameraOwnerURL":null,"ImageWidth":335,"ImageHeight":249}},{"type":"Feature","id":9248,"geometry":{"type":"Point","coordinates":[-122.98249999999996,46.676944000000049]},"properties":{"CameraID":9248,"CameraTitle":"Chehalis-Centralia Airport cam 1","ImageURL":"https://images.wsdot.wa.gov/sw/005vc07860.jpg","WSDOTSRID":"005        ","CompassDirection":"N","Latitude":46.676943999999999,"Longitude":-122.9825,"CameraOwnerName":null,"CameraOwnerURL":null,"ImageWidth":335,"ImageHeight":249}},{"type":"Feature","id":9250,"geometry":{"type":"Point","coordinates":[-120.05830799999995,47.642204000000049]},"properties":{"CameraID":9250,"CameraTitle":"US 2 at MP 149.3: (View S.W.)","ImageURL":"https://images.wsdot.wa.gov/nc/002vc14930.jpg","WSDOTSRID":"002        ","CompassDirection":"N","Latitude":47.642204,"Longitude":-120.058308,"CameraOwnerName":null,"CameraOwnerURL":null,"ImageWidth":335,"ImageHeight":272}},{"type":"Feature","id":9251,"geometry":{"type":"Point","coordinates":[-122.01756099999994,47.414983000000063]},"properties":{"CameraID":9251,"CameraTitle":"SR 18 at MP 17.9: 244th Ave SE","ImageURL":"https://images.wsdot.wa.gov/nw/018vc01790.jpg","WSDOTSRID":"018        ","CompassDirection":"B","Latitude":47.414982999999999,"Longitude":-122.017561,"CameraOwnerName":null,"CameraOwnerURL":null,"ImageWidth":335,"ImageHeight":249}},{"type":"Feature","id":9252,"geometry":{"type":"Point","coordinates":[-122.22173299999997,47.583049000000074]},"properties":{"CameraID":9252,"CameraTitle":"I-90 at MP 7.5: Shorewood West","ImageURL":"https://images.wsdot.wa.gov/nw/090vc00756.jpg","WSDOTSRID":"090        ","CompassDirection":"B","Latitude":47.583049000000003,"Longitude":-122.221733,"CameraOwnerName":null,"CameraOwnerURL":null,"ImageWidth":335,"ImageHeight":249}},{"type":"Feature","id":9253,"geometry":{"type":"Point","coordinates":[-122.04713499999997,47.394591000000048]},"properties":{"CameraID":9253,"CameraTitle":"SR 18 at MP 15.7: SE 231st St","ImageURL":"https://images.wsdot.wa.gov/nw/018vc01572.jpg","WSDOTSRID":"018        ","CompassDirection":"B","Latitude":47.394590999999998,"Longitude":-122.047135,"CameraOwnerName":null,"CameraOwnerURL":null,"ImageWidth":335,"ImageHeight":249}},{"type":"Feature","id":9254,"geometry":{"type":"Point","coordinates":[-122.03833399999996,47.408333000000027]},"properties":{"CameraID":9254,"CameraTitle":"SR 18 at MP 16.8: SR 169 Interchange","ImageURL":"https://images.wsdot.wa.gov/nw/018vc01683.jpg","WSDOTSRID":"018        ","CompassDirection":"B","Latitude":47.408332999999999,"Longitude":-122.03833400000001,"CameraOwnerName":null,"CameraOwnerURL":null,"ImageWidth":335,"ImageHeight":249}},{"type":"Feature","id":9255,"geometry":{"type":"Point","coordinates":[-122.07005199999998,47.656267000000071]},"properties":{"CameraID":9255,"CameraTitle":"SR 202 at MP 9.9: 204th Ave NE","ImageURL":"https://images.wsdot.wa.gov/nw/202vc00990.jpg","WSDOTSRID":"202        ","CompassDirection":"B","Latitude":47.656267,"Longitude":-122.070052,"CameraOwnerName":null,"CameraOwnerURL":null,"ImageWidth":335,"ImageHeight":249}},{"type":"Feature","id":9256,"geometry":{"type":"Point","coordinates":[-122.10975599999995,47.885568000000035]},"properties":{"CameraID":9256,"CameraTitle":"SR 9 at MP 7.4: 124th St SE","ImageURL":"https://images.wsdot.wa.gov/nw/009vc00749.jpg","WSDOTSRID":"009        ","CompassDirection":"N","Latitude":47.885567999999999,"Longitude":-122.109756,"CameraOwnerName":null,"CameraOwnerURL":null,"ImageWidth":335,"ImageHeight":249}},{"type":"Feature","id":9257,"geometry":{"type":"Point","coordinates":[-122.11088299999994,47.859469000000047]},"properties":{"CameraID":9257,"CameraTitle":"SR 9 at MP 5.6: 152nd SE","ImageURL":"https://images.wsdot.wa.gov/nw/009vc00569.jpg","WSDOTSRID":"009        ","CompassDirection":"N","Latitude":47.859468999999997,"Longitude":-122.110883,"CameraOwnerName":null,"CameraOwnerURL":null,"ImageWidth":335,"ImageHeight":249}},{"type":"Feature","id":9258,"geometry":{"type":"Point","coordinates":[-122.11711599999995,47.848872000000028]},"properties":{"CameraID":9258,"CameraTitle":"SR 9 at MP 4.8: 164th SE","ImageURL":"https://images.wsdot.wa.gov/nw/009vc00487.jpg","WSDOTSRID":"009        ","CompassDirection":"W","Latitude":47.848872,"Longitude":-122.117116,"CameraOwnerName":null,"CameraOwnerURL":null,"ImageWidth":335,"ImageHeight":249}},{"type":"Feature","id":9259,"geometry":{"type":"Point","coordinates":[-122.10986999999994,47.864451000000031]},"properties":{"CameraID":9259,"CameraTitle":"SR 9 at MP 6: Cathcart Way","ImageURL":"https://images.wsdot.wa.gov/nw/009vc00605.jpg","WSDOTSRID":"009        ","CompassDirection":"N","Latitude":47.864451000000003,"Longitude":-122.10987,"CameraOwnerName":null,"CameraOwnerURL":null,"ImageWidth":335,"ImageHeight":249}},{"type":"Feature","id":9260,"geometry":{"type":"Point","coordinates":[-122.10904399999998,47.904876000000058]},"properties":{"CameraID":9260,"CameraTitle":"SR 9 at MP 8.8: Harvey Field","ImageURL":"https://images.wsdot.wa.gov/nw/009vc00884.jpg","WSDOTSRID":"009        ","CompassDirection":"N","Latitude":47.904876000000002,"Longitude":-122.109044,"CameraOwnerName":null,"CameraOwnerURL":null,"ImageWidth":335,"ImageHeight":249}},{"type":"Feature","id":9261,"geometry":{"type":"Point","coordinates":[-122.10931299999999,47.898753000000056]},"properties":{"CameraID":9261,"CameraTitle":"SR 9 at MP 8.4: Marsh Rd","ImageURL":"https://images.wsdot.wa.gov/nw/009vc00841.jpg","WSDOTSRID":"009        ","CompassDirection":"S","Latitude":47.898752999999999,"Longitude":-122.109313,"CameraOwnerName":null,"CameraOwnerURL":null,"ImageWidth":335,"ImageHeight":249}},{"type":"Feature","id":9262,"geometry":{"type":"Point","coordinates":[-122.10975699999995,47.878113000000042]},"properties":{"CameraID":9262,"CameraTitle":"SR 9 at MP 6.9: Lowell-Larimer Rd","ImageURL":"https://images.wsdot.wa.gov/nw/009vc00697.jpg","WSDOTSRID":"009        ","CompassDirection":"S","Latitude":47.878112999999999,"Longitude":-122.109757,"CameraOwnerName":null,"CameraOwnerURL":null,"ImageWidth":335,"ImageHeight":249}},{"type":"Feature","id":9263,"geometry":{"type":"Point","coordinates":[-122.34363599999995,47.621932000000072]},"properties":{"CameraID":9263,"CameraTitle":"SR 99 at MP 30.5: 6th Ave/Harrison","ImageURL":"https://images.wsdot.wa.gov/nw/099vc03266.jpg","WSDOTSRID":"099        ","CompassDirection":"B","Latitude":47.621932000000001,"Longitude":-122.343636,"CameraOwnerName":null,"CameraOwnerURL":null,"ImageWidth":335,"ImageHeight":249}},{"type":"Feature","id":9264,"geometry":{"type":"Point","coordinates":[-122.33719999999994,47.589633000000049]},"properties":{"CameraID":9264,"CameraTitle":"SR 99 at MP 30.1: S Atlantic St","ImageURL":"https://images.wsdot.wa.gov/nw/099vc03015.jpg","WSDOTSRID":"099        ","CompassDirection":"B","Latitude":47.589632999999999,"Longitude":-122.3372,"CameraOwnerName":null,"CameraOwnerURL":null,"ImageWidth":335,"ImageHeight":249}},{"type":"Feature","id":9265,"geometry":{"type":"Point","coordinates":[-122.10136899999998,47.951864000000057]},"properties":{"CameraID":9265,"CameraTitle":"US 2 at MP 5: SR 9 Interchange","ImageURL":"https://images.wsdot.wa.gov/nw/002VC00504.jpg","WSDOTSRID":"002        ","CompassDirection":"B","Latitude":47.951864,"Longitude":-122.10136900000001,"CameraOwnerName":null,"CameraOwnerURL":null,"ImageWidth":335,"ImageHeight":249}},{"type":"Feature","id":9267,"geometry":{"type":"Point","coordinates":[-120.14711199999999,47.650852000000043]},"properties":{"CameraID":9267,"CameraTitle":"US 2 at MP 144.6: (View West)","ImageURL":"https://images.wsdot.wa.gov/nc/002vc14457.jpg","WSDOTSRID":"002        ","CompassDirection":"E","Latitude":47.650852,"Longitude":-120.14711200000001,"CameraOwnerName":null,"CameraOwnerURL":null,"ImageWidth":335,"ImageHeight":272}},{"type":"Feature","id":9269,"geometry":{"type":"Point","coordinates":[-122.17990699999996,48.042175000000043]},"properties":{"CameraID":9269,"CameraTitle":"I-5 at MP 198.4: SR 529 Interchange","ImageURL":"https://images.wsdot.wa.gov/nw/005vc19843.jpg","WSDOTSRID":"005        ","CompassDirection":"B","Latitude":48.042175,"Longitude":-122.179907,"CameraOwnerName":null,"CameraOwnerURL":null,"ImageWidth":335,"ImageHeight":249}},{"type":"Feature","id":9270,"geometry":{"type":"Point","coordinates":[-122.18442099999999,48.051561000000049]},"properties":{"CameraID":9270,"CameraTitle":"I-5 at MP 199.1: SR 528 Interchange","ImageURL":"https://images.wsdot.wa.gov/nw/005vc19910.jpg","WSDOTSRID":"005        ","CompassDirection":"B","Latitude":48.051561,"Longitude":-122.184421,"CameraOwnerName":null,"CameraOwnerURL":null,"ImageWidth":335,"ImageHeight":249}},{"type":"Feature","id":9271,"geometry":{"type":"Point","coordinates":[-122.19079099999999,48.164276000000029]},"properties":{"CameraID":9271,"CameraTitle":"I-5 at MP 206.9: 184th St NE","ImageURL":"https://images.wsdot.wa.gov/nw/005vc20691.jpg","WSDOTSRID":"005        ","CompassDirection":"B","Latitude":48.164276000000001,"Longitude":-122.190791,"CameraOwnerName":null,"CameraOwnerURL":null,"ImageWidth":335,"ImageHeight":249}},{"type":"Feature","id":9272,"geometry":{"type":"Point","coordinates":[-119.48319399999997,47.383266000000049]},"properties":{"CameraID":9272,"CameraTitle":"SR 17 at MP 75.4: Soap Lake","ImageURL":"https://images.wsdot.wa.gov/nc/028vc05286.jpg","WSDOTSRID":"028        ","CompassDirection":"N","Latitude":47.383265999999999,"Longitude":-119.483194,"CameraOwnerName":null,"CameraOwnerURL":null,"ImageWidth":335,"ImageHeight":249}},{"type":"Feature","id":9273,"geometry":{"type":"Point","coordinates":[-122.31586699999997,47.271100000000047]},"properties":{"CameraID":9273,"CameraTitle":"I-5 at MP 140.6: Weigh Station","ImageURL":"https://images.wsdot.wa.gov/nw/005vc14065.jpg","WSDOTSRID":"005        ","CompassDirection":"B","Latitude":47.271099999999997,"Longitude":-122.315867,"CameraOwnerName":null,"CameraOwnerURL":null,"ImageWidth":335,"ImageHeight":249}},{"type":"Feature","id":9274,"geometry":{"type":"Point","coordinates":[-122.27163399999995,47.497506000000044]},"properties":{"CameraID":9274,"CameraTitle":"I-5 at MP 157.1: MLK Jr Way S","ImageURL":"https://images.wsdot.wa.gov/nw/005vc15718.jpg","WSDOTSRID":"005        ","CompassDirection":"B","Latitude":47.497506000000001,"Longitude":-122.27163400000001,"CameraOwnerName":null,"CameraOwnerURL":null,"ImageWidth":335,"ImageHeight":249}},{"type":"Feature","id":9275,"geometry":{"type":"Point","coordinates":[-122.17424899999997,48.007696000000067]},"properties":{"CameraID":9275,"CameraTitle":"I-5 at MP 196: 12th St NE","ImageURL":"https://images.wsdot.wa.gov/nw/005vc19601.jpg","WSDOTSRID":"005        ","CompassDirection":"B","Latitude":48.007696000000003,"Longitude":-122.174249,"CameraOwnerName":null,"CameraOwnerURL":null,"ImageWidth":335,"ImageHeight":249}},{"type":"Feature","id":9276,"geometry":{"type":"Point","coordinates":[-122.17487599999998,48.019586000000061]},"properties":{"CameraID":9276,"CameraTitle":"I-5 at MP 196.8: 26th St NE","ImageURL":"https://images.wsdot.wa.gov/nw/005vc19684.jpg","WSDOTSRID":"005        ","CompassDirection":"B","Latitude":48.019585999999997,"Longitude":-122.174876,"CameraOwnerName":null,"CameraOwnerURL":null,"ImageWidth":335,"ImageHeight":249}},{"type":"Feature","id":9277,"geometry":{"type":"Point","coordinates":[-121.88371699999999,47.508308000000056]},"properties":{"CameraID":9277,"CameraTitle":"I-90 at MP 25.6: SR 18 Interchange","ImageURL":"https://images.wsdot.wa.gov/nw/090vc02567.jpg","WSDOTSRID":"090        ","CompassDirection":"B","Latitude":47.508308,"Longitude":-121.883717,"CameraOwnerName":null,"CameraOwnerURL":null,"ImageWidth":335,"ImageHeight":249}},{"type":"Feature","id":9278,"geometry":{"type":"Point","coordinates":[-122.76528899999994,47.063335000000052]},"properties":{"CameraID":9278,"CameraTitle":"I-5 at MP 111.9: Marvin Rd","ImageURL":"https://images.wsdot.wa.gov/orflow/005vc11194.jpg","WSDOTSRID":"005        ","CompassDirection":"B","Latitude":47.063335000000002,"Longitude":-122.765289,"CameraOwnerName":null,"CameraOwnerURL":null,"ImageWidth":335,"ImageHeight":249}},{"type":"Feature","id":9279,"geometry":{"type":"Point","coordinates":[-122.66284699999994,47.083616000000063]},"properties":{"CameraID":9279,"CameraTitle":"I-5 at MP 117: Mounts Rd","ImageURL":"https://images.wsdot.wa.gov/orflow/005vc11705.jpg","WSDOTSRID":"005        ","CompassDirection":"B","Latitude":47.083615999999999,"Longitude":-122.662847,"CameraOwnerName":null,"CameraOwnerURL":null,"ImageWidth":335,"ImageHeight":249}},{"type":"Feature","id":9280,"geometry":{"type":"Point","coordinates":[-122.66036299999996,47.084031000000039]},"properties":{"CameraID":9280,"CameraTitle":"I-5 at MP 117.1: Mounts Rd Scale","ImageURL":"https://images.wsdot.wa.gov/orflow/005vc11717.jpg","WSDOTSRID":"005        ","CompassDirection":"B","Latitude":47.084031000000003,"Longitude":-122.660363,"CameraOwnerName":null,"CameraOwnerURL":null,"ImageWidth":335,"ImageHeight":249}},{"type":"Feature","id":9281,"geometry":{"type":"Point","coordinates":[-122.63269499999996,47.090660000000071]},"properties":{"CameraID":9281,"CameraTitle":"I-5 at MP 118.5: DuPont","ImageURL":"https://images.wsdot.wa.gov/orflow/005vc11856.jpg","WSDOTSRID":"005        ","CompassDirection":"B","Latitude":47.09066,"Longitude":-122.632695,"CameraOwnerName":null,"CameraOwnerURL":null,"ImageWidth":335,"ImageHeight":249}},{"type":"Feature","id":9282,"geometry":{"type":"Point","coordinates":[-122.61750799999999,47.09490500000004]},"properties":{"CameraID":9282,"CameraTitle":"I-5 at MP 119.3: Pendleton Ave","ImageURL":"https://images.wsdot.wa.gov/orflow/005vc11935.jpg","WSDOTSRID":"005        ","CompassDirection":"B","Latitude":47.094904999999997,"Longitude":-122.617508,"CameraOwnerName":null,"CameraOwnerURL":null,"ImageWidth":335,"ImageHeight":249}},{"type":"Feature","id":9283,"geometry":{"type":"Point","coordinates":[-122.59747699999997,47.102596000000062]},"properties":{"CameraID":9283,"CameraTitle":"I-5 at MP 120.4: JBLM South","ImageURL":"https://images.wsdot.wa.gov/orflow/005vc12044.jpg","WSDOTSRID":"005        ","CompassDirection":"B","Latitude":47.102595999999998,"Longitude":-122.597477,"CameraOwnerName":null,"CameraOwnerURL":null,"ImageWidth":335,"ImageHeight":249}},{"type":"Feature","id":9284,"geometry":{"type":"Point","coordinates":[-122.58066099999996,47.10728800000004]},"properties":{"CameraID":9284,"CameraTitle":"I-5 at MP 121.3: JBLM North","ImageURL":"https://images.wsdot.wa.gov/orflow/005vc12132.jpg","WSDOTSRID":"005        ","CompassDirection":"B","Latitude":47.107287999999997,"Longitude":-122.58066100000001,"CameraOwnerName":null,"CameraOwnerURL":null,"ImageWidth":335,"ImageHeight":249}},{"type":"Feature","id":9285,"geometry":{"type":"Point","coordinates":[-119.26253999999994,47.638304000000062]},"properties":{"CameraID":9285,"CameraTitle":"US 2 at MP 193.4: Coulee City","ImageURL":"https://images.wsdot.wa.gov/nc/002vc19335.jpg","WSDOTSRID":"002        ","CompassDirection":"N","Latitude":47.638303999999998,"Longitude":-119.26254,"CameraOwnerName":null,"CameraOwnerURL":null,"ImageWidth":335,"ImageHeight":249}},{"type":"Feature","id":9286,"geometry":{"type":"Point","coordinates":[-122.67219699999998,47.87049600000006]},"properties":{"CameraID":9286,"CameraTitle":"SR 104 at MP 12.1: W of Hood Canal Bridge VMS West","ImageURL":"https://images.wsdot.wa.gov/orflow/104vc01219.jpg","WSDOTSRID":"104        ","CompassDirection":"W","Latitude":47.870496000000003,"Longitude":-122.672197,"CameraOwnerName":null,"CameraOwnerURL":null,"ImageWidth":335,"ImageHeight":249}},{"type":"Feature","id":9287,"geometry":{"type":"Point","coordinates":[-122.66434099999998,45.685883000000047]},"properties":{"CameraID":9287,"CameraTitle":"I-5 at MP 4.9: 86th St","ImageURL":"https://images.wsdot.wa.gov/sw/005vc00491.jpg","WSDOTSRID":"005        ","CompassDirection":"B","Latitude":45.685882999999997,"Longitude":-122.66434099999999,"CameraOwnerName":null,"CameraOwnerURL":null,"ImageWidth":335,"ImageHeight":249}},{"type":"Feature","id":9288,"geometry":{"type":"Point","coordinates":[-122.65488799999997,45.705070000000035]},"properties":{"CameraID":9288,"CameraTitle":"I-5 at MP 6.3: Salmon Creek","ImageURL":"https://images.wsdot.wa.gov/sw/005vc00631.jpg","WSDOTSRID":"005        ","CompassDirection":"B","Latitude":45.705069999999999,"Longitude":-122.654888,"CameraOwnerName":null,"CameraOwnerURL":null,"ImageWidth":335,"ImageHeight":249}},{"type":"Feature","id":9289,"geometry":{"type":"Point","coordinates":[-122.66135199999997,45.744625000000042]},"properties":{"CameraID":9289,"CameraTitle":"I-5 at MP 9.1: S of 179th St","ImageURL":"https://images.wsdot.wa.gov/sw/005vc00912.jpg","WSDOTSRID":"005        ","CompassDirection":"B","Latitude":45.744624999999999,"Longitude":-122.66135199999999,"CameraOwnerName":null,"CameraOwnerURL":null,"ImageWidth":335,"ImageHeight":249}},{"type":"Feature","id":9290,"geometry":{"type":"Point","coordinates":[-122.66323799999998,45.753908000000081]},"properties":{"CameraID":9290,"CameraTitle":"I-5 at MP 9.7: N of 179th St","ImageURL":"https://images.wsdot.wa.gov/sw/005vc00976.jpg","WSDOTSRID":"005        ","CompassDirection":"B","Latitude":45.753908000000003,"Longitude":-122.66323800000001,"CameraOwnerName":null,"CameraOwnerURL":null,"ImageWidth":335,"ImageHeight":249}},{"type":"Feature","id":9291,"geometry":{"type":"Point","coordinates":[-122.16386699999998,47.758132000000046]},"properties":{"CameraID":9291,"CameraTitle":"SR 522 at MP 12: SR 202 Interchange","ImageURL":"https://images.wsdot.wa.gov/nw/522vc01207.jpg","WSDOTSRID":"522        ","CompassDirection":"B","Latitude":47.758132000000003,"Longitude":-122.163867,"CameraOwnerName":null,"CameraOwnerURL":null,"ImageWidth":335,"ImageHeight":249}},{"type":"Feature","id":9292,"geometry":{"type":"Point","coordinates":[-117.37908199999998,47.778545000000065]},"properties":{"CameraID":9292,"CameraTitle":"US 395 NSC at MP 166.3: NSC 395 & Shady Slope","ImageURL":"https://images.wsdot.wa.gov/spokane/us395/395-Shady Slope.jpg","WSDOTSRID":"395        ","CompassDirection":"B","Latitude":47.778545000000001,"Longitude":-117.379082,"CameraOwnerName":null,"CameraOwnerURL":null,"ImageWidth":352,"ImageHeight":280}},{"type":"Feature","id":9293,"geometry":{"type":"Point","coordinates":[-117.38901699999997,47.778935000000047]},"properties":{"CameraID":9293,"CameraTitle":"US 395 NSC at MP 166.7: NSC 395 & Perry","ImageURL":"https://images.wsdot.wa.gov/spokane/us395/395-Perry.jpg","WSDOTSRID":"395        ","CompassDirection":"B","Latitude":47.778934999999997,"Longitude":-117.389017,"CameraOwnerName":null,"CameraOwnerURL":null,"ImageWidth":352,"ImageHeight":280}},{"type":"Feature","id":9294,"geometry":{"type":"Point","coordinates":[-117.39668099999994,47.778925000000072]},"properties":{"CameraID":9294,"CameraTitle":"US 395 NSC at MP 167.9: NSC 395 & Wandemere","ImageURL":"https://images.wsdot.wa.gov/spokane/us395/395-Wandermere.jpg","WSDOTSRID":"395        ","CompassDirection":"B","Latitude":47.778925000000001,"Longitude":-117.396681,"CameraOwnerName":null,"CameraOwnerURL":null,"ImageWidth":352,"ImageHeight":280}},{"type":"Feature","id":9295,"geometry":{"type":"Point","coordinates":[-117.37205199999994,47.775443000000053]},"properties":{"CameraID":9295,"CameraTitle":"US 2 at MP 296: US 395 NSC Interchange","ImageURL":"https://images.wsdot.wa.gov/spokane/us395/395-US-2.jpg","WSDOTSRID":"002        ","CompassDirection":"B","Latitude":47.775443000000003,"Longitude":-117.372052,"CameraOwnerName":null,"CameraOwnerURL":null,"ImageWidth":352,"ImageHeight":280}},{"type":"Feature","id":9296,"geometry":{"type":"Point","coordinates":[-122.97808899999995,46.742162000000064]},"properties":{"CameraID":9296,"CameraTitle":"I-5 at MP 83.8: Blakeslee Junction","ImageURL":"https://images.wsdot.wa.gov/sw/005vc08381.jpg","WSDOTSRID":"005        ","CompassDirection":"B","Latitude":46.742162,"Longitude":-122.978089,"CameraOwnerName":null,"CameraOwnerURL":null,"ImageWidth":335,"ImageHeight":249}},{"type":"Feature","id":9297,"geometry":{"type":"Point","coordinates":[-122.99224199999998,46.764541000000065]},"properties":{"CameraID":9297,"CameraTitle":"I-5 at MP 85.5: Lewis County Line","ImageURL":"https://images.wsdot.wa.gov/sw/005vc08551.jpg","WSDOTSRID":"005        ","CompassDirection":"B","Latitude":46.764541000000001,"Longitude":-122.992242,"CameraOwnerName":null,"CameraOwnerURL":null,"ImageWidth":335,"ImageHeight":249}},{"type":"Feature","id":9298,"geometry":{"type":"Point","coordinates":[-121.77558699999997,47.868207000000041]},"properties":{"CameraID":9298,"CameraTitle":"US 2 at MP 24.2: Rice Rd","ImageURL":"https://images.wsdot.wa.gov/nw/002vc02427.jpg","WSDOTSRID":"002        ","CompassDirection":"B","Latitude":47.868206999999998,"Longitude":-121.775587,"CameraOwnerName":null,"CameraOwnerURL":null,"ImageWidth":335,"ImageHeight":249}},{"type":"Feature","id":9299,"geometry":{"type":"Point","coordinates":[-122.32234999999997,47.654018000000065]},"properties":{"CameraID":9299,"CameraTitle":"I-5 at MP 168.8: Ship Canal Bridge","ImageURL":"https://images.wsdot.wa.gov/nw/005vc16887.jpg","WSDOTSRID":"005        ","CompassDirection":"B","Latitude":47.654018000000001,"Longitude":-122.32235,"CameraOwnerName":null,"CameraOwnerURL":null,"ImageWidth":335,"ImageHeight":249}},{"type":"Feature","id":9300,"geometry":{"type":"Point","coordinates":[-122.35823799999997,48.465232000000071]},"properties":{"CameraID":9300,"CameraTitle":"SR 20 at MP 58.7: Pulver Rd","ImageURL":"https://images.wsdot.wa.gov/nw/020vc05878.jpg","WSDOTSRID":"020        ","CompassDirection":"B","Latitude":48.465232,"Longitude":-122.358238,"CameraOwnerName":null,"CameraOwnerURL":null,"ImageWidth":335,"ImageHeight":249}},{"type":"Feature","id":9301,"geometry":{"type":"Point","coordinates":[-122.33554999999996,48.477854000000036]},"properties":{"CameraID":9301,"CameraTitle":"SR 20 at MP 60.2: Avon Ave","ImageURL":"https://images.wsdot.wa.gov/nw/020vc06027.jpg","WSDOTSRID":"020        ","CompassDirection":"B","Latitude":48.477854000000001,"Longitude":-122.33555,"CameraOwnerName":null,"CameraOwnerURL":null,"ImageWidth":335,"ImageHeight":249}},{"type":"Feature","id":9302,"geometry":{"type":"Point","coordinates":[-119.13426199999998,46.811803000000054]},"properties":{"CameraID":9302,"CameraTitle":"SR 17 at MP 28.38: SR 26 Interchange","ImageURL":"https://images.wsdot.wa.gov/nc/017vc02838.jpg","WSDOTSRID":"017        ","CompassDirection":"E","Latitude":46.811802999999998,"Longitude":-119.13426200000001,"CameraOwnerName":null,"CameraOwnerURL":null,"ImageWidth":335,"ImageHeight":272}},{"type":"Feature","id":9303,"geometry":{"type":"Point","coordinates":[-120.66135399999996,47.596213000000034]},"properties":{"CameraID":9303,"CameraTitle":"US 2 at MP 99.9: Leavenworth","ImageURL":"https://images.wsdot.wa.gov/nc/002vc09989.jpg","WSDOTSRID":"002        ","CompassDirection":"W","Latitude":47.596212999999999,"Longitude":-120.661354,"CameraOwnerName":null,"CameraOwnerURL":null,"ImageWidth":335,"ImageHeight":272}},{"type":"Feature","id":9304,"geometry":{"type":"Point","coordinates":[-121.00796099999997,47.772832000000051]},"properties":{"CameraID":9304,"CameraTitle":"US 2 at MP 70.5: Lower Mill Creek","ImageURL":"https://images.wsdot.wa.gov/nc/002vc07057.jpg","WSDOTSRID":"002        ","CompassDirection":"W","Latitude":47.772832000000001,"Longitude":-121.00796099999999,"CameraOwnerName":null,"CameraOwnerURL":null,"ImageWidth":335,"ImageHeight":249}},{"type":"Feature","id":9305,"geometry":{"type":"Point","coordinates":[-122.87099699999999,46.092129000000057]},"properties":{"CameraID":9305,"CameraTitle":"I-5 at MP 35.8: Owl Creek","ImageURL":"https://images.wsdot.wa.gov/sw/005vc03588.jpg","WSDOTSRID":"005        ","CompassDirection":"B","Latitude":46.092129,"Longitude":-122.870997,"CameraOwnerName":null,"CameraOwnerURL":null,"ImageWidth":335,"ImageHeight":249}},{"type":"Feature","id":9306,"geometry":{"type":"Point","coordinates":[-122.87894899999998,46.106730000000027]},"properties":{"CameraID":9306,"CameraTitle":"I-5 at MP 36.9: SR 432 Interchange","ImageURL":"https://images.wsdot.wa.gov/sw/005vc03696.jpg","WSDOTSRID":"005        ","CompassDirection":"B","Latitude":46.106729999999999,"Longitude":-122.87894900000001,"CameraOwnerName":null,"CameraOwnerURL":null,"ImageWidth":335,"ImageHeight":249}},{"type":"Feature","id":9307,"geometry":{"type":"Point","coordinates":[-122.88804999999996,46.106510000000071]},"properties":{"CameraID":9307,"CameraTitle":"SR 432 at MP 9.8: Talley Way","ImageURL":"https://images.wsdot.wa.gov/sw/432vc00988.jpg","WSDOTSRID":"432        ","CompassDirection":"B","Latitude":46.10651,"Longitude":-122.88805000000001,"CameraOwnerName":null,"CameraOwnerURL":null,"ImageWidth":335,"ImageHeight":249}},{"type":"Feature","id":9308,"geometry":{"type":"Point","coordinates":[-119.01075699999996,47.939583000000027]},"properties":{"CameraID":9308,"CameraTitle":"SR 155 at MP 25.7: SR 174 Grand Coulee","ImageURL":"https://images.wsdot.wa.gov/nc/155vc02571.jpg","WSDOTSRID":"155        ","CompassDirection":"N","Latitude":47.939582999999999,"Longitude":-119.010757,"CameraOwnerName":null,"CameraOwnerURL":null,"ImageWidth":335,"ImageHeight":249}},{"type":"Feature","id":9309,"geometry":{"type":"Point","coordinates":[-122.10630199999997,48.002872000000082]},"properties":{"CameraID":9309,"CameraTitle":"SR 9 at MP 15.7: SR 204 Interchange","ImageURL":"https://images.wsdot.wa.gov/nw/009vc01576.jpg","WSDOTSRID":"009        ","CompassDirection":"B","Latitude":48.002872000000004,"Longitude":-122.106302,"CameraOwnerName":null,"CameraOwnerURL":null,"ImageWidth":335,"ImageHeight":249}},{"type":"Feature","id":9310,"geometry":{"type":"Point","coordinates":[-122.10806899999994,48.013112000000035]},"properties":{"CameraID":9310,"CameraTitle":"SR 9 at MP 16.4: Lundeen Pkwy","ImageURL":"https://images.wsdot.wa.gov/nw/009vc01647.jpg","WSDOTSRID":"009        ","CompassDirection":"B","Latitude":48.013112,"Longitude":-122.108069,"CameraOwnerName":null,"CameraOwnerURL":null,"ImageWidth":335,"ImageHeight":249}},{"type":"Feature","id":9311,"geometry":{"type":"Point","coordinates":[-122.10934199999997,48.021596000000045]},"properties":{"CameraID":9311,"CameraTitle":"SR 9 at MP 17: Soper Hill Rd","ImageURL":"https://images.wsdot.wa.gov/nw/009vc01706.jpg","WSDOTSRID":"009        ","CompassDirection":"B","Latitude":48.021596000000002,"Longitude":-122.109342,"CameraOwnerName":null,"CameraOwnerURL":null,"ImageWidth":335,"ImageHeight":249}},{"type":"Feature","id":9312,"geometry":{"type":"Point","coordinates":[-122.11020399999995,48.028182000000072]},"properties":{"CameraID":9312,"CameraTitle":"SR 9 at MP 17.5: SR 92 Interchange","ImageURL":"https://images.wsdot.wa.gov/nw/009vc01751.jpg","WSDOTSRID":"009        ","CompassDirection":"B","Latitude":48.028182000000001,"Longitude":-122.110204,"CameraOwnerName":null,"CameraOwnerURL":null,"ImageWidth":335,"ImageHeight":249}},{"type":"Feature","id":9313,"geometry":{"type":"Point","coordinates":[-122.46095899999995,47.231299000000035]},"properties":{"CameraID":9313,"CameraTitle":"SR 16 at MP 0.4: Spraque Ave","ImageURL":"https://images.wsdot.wa.gov/orflow/016vc00045.jpg","WSDOTSRID":"016        ","CompassDirection":"B","Latitude":47.231299,"Longitude":-122.460959,"CameraOwnerName":null,"CameraOwnerURL":null,"ImageWidth":335,"ImageHeight":249}},{"type":"Feature","id":9314,"geometry":{"type":"Point","coordinates":[-122.34005599999995,47.241347000000076]},"properties":{"CameraID":9314,"CameraTitle":"I-5 at MP 138.2: South of 70th Ave","ImageURL":"https://images.wsdot.wa.gov/orflow/005vc13825.jpg","WSDOTSRID":"005        ","CompassDirection":"S","Latitude":47.241346999999998,"Longitude":-122.340056,"CameraOwnerName":null,"CameraOwnerURL":null,"ImageWidth":335,"ImageHeight":249}},{"type":"Feature","id":9315,"geometry":{"type":"Point","coordinates":[-122.33399499999996,47.246112000000039]},"properties":{"CameraID":9315,"CameraTitle":"I-5 at MP 138.7: North of 70th Ave","ImageURL":"https://images.wsdot.wa.gov/orflow/005vc13871.jpg","WSDOTSRID":"005        ","CompassDirection":"N","Latitude":47.246111999999997,"Longitude":-122.333995,"CameraOwnerName":null,"CameraOwnerURL":null,"ImageWidth":335,"ImageHeight":249}},{"type":"Feature","id":9316,"geometry":{"type":"Point","coordinates":[-122.18751499999996,48.016833000000076]},"properties":{"CameraID":9316,"CameraTitle":"SR 529 at MP 4.1: Snohomish River South","ImageURL":"https://images.wsdot.wa.gov/nw/529vc00416.jpg","WSDOTSRID":"529        ","CompassDirection":"S","Latitude":48.016832999999998,"Longitude":-122.187515,"CameraOwnerName":null,"CameraOwnerURL":null,"ImageWidth":335,"ImageHeight":249}},{"type":"Feature","id":9317,"geometry":{"type":"Point","coordinates":[-122.18740699999995,48.017258000000027]},"properties":{"CameraID":9317,"CameraTitle":"SR 529 at MP 4.1: Snohomish River North","ImageURL":"https://images.wsdot.wa.gov/nw/529vc00419.jpg","WSDOTSRID":"529        ","CompassDirection":"N","Latitude":48.017257999999998,"Longitude":-122.18740699999999,"CameraOwnerName":null,"CameraOwnerURL":null,"ImageWidth":335,"ImageHeight":249}},{"type":"Feature","id":9318,"geometry":{"type":"Point","coordinates":[-117.43231799999995,47.61931700000008]},"properties":{"CameraID":9318,"CameraTitle":"US 195 at MP 93.8: Cheney Spokane Rd","ImageURL":"https://images.wsdot.wa.gov/spokane/sr195/US-195-Cheney_Spokane.jpg","WSDOTSRID":"195        ","CompassDirection":"B","Latitude":47.619317000000002,"Longitude":-117.432318,"CameraOwnerName":null,"CameraOwnerURL":null,"ImageWidth":352,"ImageHeight":280}},{"type":"Feature","id":9319,"geometry":{"type":"Point","coordinates":[-117.43980499999998,47.624910000000057]},"properties":{"CameraID":9319,"CameraTitle":"US 195 at MP 94.3: Inland Empire Way","ImageURL":"https://images.wsdot.wa.gov/spokane/sr195/US-195-Inland_Empire.jpg","WSDOTSRID":"195        ","CompassDirection":"B","Latitude":47.62491,"Longitude":-117.43980500000001,"CameraOwnerName":null,"CameraOwnerURL":null,"ImageWidth":352,"ImageHeight":280}},{"type":"Feature","id":9320,"geometry":{"type":"Point","coordinates":[-117.44432299999994,47.632032000000038]},"properties":{"CameraID":9320,"CameraTitle":"US 195 at MP 94.9: Thorpe Rd","ImageURL":"https://images.wsdot.wa.gov/spokane/sr195/US-195-Thorpe.jpg","WSDOTSRID":"195        ","CompassDirection":"B","Latitude":47.632032000000002,"Longitude":-117.444323,"CameraOwnerName":null,"CameraOwnerURL":null,"ImageWidth":352,"ImageHeight":280}},{"type":"Feature","id":9321,"geometry":{"type":"Point","coordinates":[-117.44832299999996,47.640889000000072]},"properties":{"CameraID":9321,"CameraTitle":"US 195 at MP 95.6: 16th Ave","ImageURL":"https://images.wsdot.wa.gov/spokane/sr195/US-195-16th.jpg","WSDOTSRID":"195        ","CompassDirection":"B","Latitude":47.640889000000001,"Longitude":-117.448323,"CameraOwnerName":null,"CameraOwnerURL":null,"ImageWidth":352,"ImageHeight":280}},{"type":"Feature","id":9322,"geometry":{"type":"Point","coordinates":[-117.35672299999999,47.722373000000061]},"properties":{"CameraID":9322,"CameraTitle":"US 395 NSC at MP 162.1: NSC 395 & Freya","ImageURL":"https://images.wsdot.wa.gov/spokane/us395/395-Freya.jpg","WSDOTSRID":"395        ","CompassDirection":"B","Latitude":47.722372999999997,"Longitude":-117.356723,"CameraOwnerName":null,"CameraOwnerURL":null,"ImageWidth":352,"ImageHeight":280}},{"type":"Feature","id":9323,"geometry":{"type":"Point","coordinates":[-122.52922499999994,48.797938000000045]},"properties":{"CameraID":9323,"CameraTitle":"I-5 at MP 258.5: Bellingham Airport","ImageURL":"https://images.wsdot.wa.gov/nw/005vc25857.jpg","WSDOTSRID":"005        ","CompassDirection":"B","Latitude":48.797938000000002,"Longitude":-122.529225,"CameraOwnerName":null,"CameraOwnerURL":null,"ImageWidth":335,"ImageHeight":249}},{"type":"Feature","id":9324,"geometry":{"type":"Point","coordinates":[-122.54805099999999,48.817353000000026]},"properties":{"CameraID":9324,"CameraTitle":"I-5 at MP 260.1: Slater Rd","ImageURL":"https://images.wsdot.wa.gov/nw/005vc26014.jpg","WSDOTSRID":"005        ","CompassDirection":"B","Latitude":48.817352999999997,"Longitude":-122.548051,"CameraOwnerName":null,"CameraOwnerURL":null,"ImageWidth":335,"ImageHeight":249}},{"type":"Feature","id":9325,"geometry":{"type":"Point","coordinates":[-122.57718199999999,48.848442000000034]},"properties":{"CameraID":9325,"CameraTitle":"I-5 at MP 262.6: Main St","ImageURL":"https://images.wsdot.wa.gov/nw/005vc26269.jpg","WSDOTSRID":"005        ","CompassDirection":"B","Latitude":48.848441999999999,"Longitude":-122.57718199999999,"CameraOwnerName":null,"CameraOwnerURL":null,"ImageWidth":335,"ImageHeight":249}},{"type":"Feature","id":9326,"geometry":{"type":"Point","coordinates":[-122.58766399999996,48.860173000000032]},"properties":{"CameraID":9326,"CameraTitle":"I-5 at MP 263.6: Portal Way","ImageURL":"https://images.wsdot.wa.gov/nw/005vc26363.jpg","WSDOTSRID":"005        ","CompassDirection":"B","Latitude":48.860173000000003,"Longitude":-122.587664,"CameraOwnerName":null,"CameraOwnerURL":null,"ImageWidth":335,"ImageHeight":249}},{"type":"Feature","id":9327,"geometry":{"type":"Point","coordinates":[-122.58877599999994,48.877489000000025]},"properties":{"CameraID":9327,"CameraTitle":"I-5 at MP 264.8: Trigg Rd","ImageURL":"https://images.wsdot.wa.gov/nw/005vc26484.jpg","WSDOTSRID":"005        ","CompassDirection":"B","Latitude":48.877488999999997,"Longitude":-122.588776,"CameraOwnerName":null,"CameraOwnerURL":null,"ImageWidth":335,"ImageHeight":249}},{"type":"Feature","id":9328,"geometry":{"type":"Point","coordinates":[-122.59669099999996,48.891999000000055]},"properties":{"CameraID":9328,"CameraTitle":"I-5 at MP 265.9: Grandview Rd","ImageURL":"https://images.wsdot.wa.gov/nw/005vc26598.jpg","WSDOTSRID":"005        ","CompassDirection":"B","Latitude":48.891998999999998,"Longitude":-122.59669100000001,"CameraOwnerName":null,"CameraOwnerURL":null,"ImageWidth":335,"ImageHeight":249}},{"type":"Feature","id":9329,"geometry":{"type":"Point","coordinates":[-122.61143799999996,48.900973000000079]},"properties":{"CameraID":9329,"CameraTitle":"I-5 at MP 266.8: California Creek","ImageURL":"https://images.wsdot.wa.gov/nw/005vc26689.jpg","WSDOTSRID":"005        ","CompassDirection":"B","Latitude":48.900973,"Longitude":-122.61143800000001,"CameraOwnerName":null,"CameraOwnerURL":null,"ImageWidth":335,"ImageHeight":249}},{"type":"Feature","id":9330,"geometry":{"type":"Point","coordinates":[-122.62386799999996,48.90934500000003]},"properties":{"CameraID":9330,"CameraTitle":"I-5 at MP 267.7: NB Custer Rest Area","ImageURL":"https://images.wsdot.wa.gov/nw/005vc26770.jpg","WSDOTSRID":"005        ","CompassDirection":"B","Latitude":48.909345000000002,"Longitude":-122.623868,"CameraOwnerName":null,"CameraOwnerURL":null,"ImageWidth":335,"ImageHeight":249}},{"type":"Feature","id":9331,"geometry":{"type":"Point","coordinates":[-122.63479099999995,48.920700000000068]},"properties":{"CameraID":9331,"CameraTitle":"I-5 at MP 268.6: Willeys Lake Rd","ImageURL":"https://images.wsdot.wa.gov/nw/005vc26863.jpg","WSDOTSRID":"005        ","CompassDirection":"B","Latitude":48.920699999999997,"Longitude":-122.63479100000001,"CameraOwnerName":null,"CameraOwnerURL":null,"ImageWidth":335,"ImageHeight":249}},{"type":"Feature","id":9332,"geometry":{"type":"Point","coordinates":[-122.62809799999997,48.913218000000029]},"properties":{"CameraID":9332,"CameraTitle":"I-5 at MP 268: Zell Rd","ImageURL":"https://images.wsdot.wa.gov/nw/005vc26803.jpg","WSDOTSRID":"005        ","CompassDirection":"B","Latitude":48.913218000000001,"Longitude":-122.62809799999999,"CameraOwnerName":null,"CameraOwnerURL":null,"ImageWidth":335,"ImageHeight":249}},{"type":"Feature","id":9333,"geometry":{"type":"Point","coordinates":[-122.64454199999994,48.927172000000041]},"properties":{"CameraID":9333,"CameraTitle":"I-5 at MP 269.2: SB Custer Rest Area South","ImageURL":"https://images.wsdot.wa.gov/nw/005vc26926.jpg","WSDOTSRID":"005        ","CompassDirection":"B","Latitude":48.927171999999999,"Longitude":-122.644542,"CameraOwnerName":null,"CameraOwnerURL":null,"ImageWidth":335,"ImageHeight":249}},{"type":"Feature","id":9334,"geometry":{"type":"Point","coordinates":[-122.64505599999995,48.927440000000047]},"properties":{"CameraID":9334,"CameraTitle":"I-5 at MP 269.2: SB Custer Rest Area North","ImageURL":"https://images.wsdot.wa.gov/nw/005vc26929.jpg","WSDOTSRID":"005        ","CompassDirection":"B","Latitude":48.927439999999997,"Longitude":-122.645056,"CameraOwnerName":null,"CameraOwnerURL":null,"ImageWidth":335,"ImageHeight":249}},{"type":"Feature","id":9335,"geometry":{"type":"Point","coordinates":[-122.66181799999998,48.935539000000063]},"properties":{"CameraID":9335,"CameraTitle":"I-5 at MP 270.2: Birch Bay-Lynden Rd","ImageURL":"https://images.wsdot.wa.gov/nw/005vc27024.jpg","WSDOTSRID":"005        ","CompassDirection":"B","Latitude":48.935538999999999,"Longitude":-122.661818,"CameraOwnerName":null,"CameraOwnerURL":null,"ImageWidth":335,"ImageHeight":249}},{"type":"Feature","id":9336,"geometry":{"type":"Point","coordinates":[-122.47185799999994,48.729047000000037]},"properties":{"CameraID":9336,"CameraTitle":"I-5 at MP 251.8: Samish Way SB Onramp","ImageURL":"https://images.wsdot.wa.gov/nw/005vc25183.jpg","WSDOTSRID":"005        ","CompassDirection":"B","Latitude":48.729047000000001,"Longitude":-122.471858,"CameraOwnerName":null,"CameraOwnerURL":null,"ImageWidth":335,"ImageHeight":249}},{"type":"Feature","id":9337,"geometry":{"type":"Point","coordinates":[-122.46742099999994,48.734084000000053]},"properties":{"CameraID":9337,"CameraTitle":"I-5 at MP 252.2: Samish Way NB Onramp","ImageURL":"https://images.wsdot.wa.gov/nw/005vc25223.jpg","WSDOTSRID":"005        ","CompassDirection":"B","Latitude":48.734084000000003,"Longitude":-122.467421,"CameraOwnerName":null,"CameraOwnerURL":null,"ImageWidth":335,"ImageHeight":249}},{"type":"Feature","id":9338,"geometry":{"type":"Point","coordinates":[-123.00803899999994,46.790338000000077]},"properties":{"CameraID":9338,"CameraTitle":"I-5 at MP 87.4: Thurston/Lewis County Line","ImageURL":"https://images.wsdot.wa.gov/orflow/005vc08744.jpg","WSDOTSRID":"005        ","CompassDirection":"B","Latitude":46.790337999999998,"Longitude":-123.008039,"CameraOwnerName":null,"CameraOwnerURL":null,"ImageWidth":335,"ImageHeight":249}},{"type":"Feature","id":9339,"geometry":{"type":"Point","coordinates":[-123.00716399999999,46.802261000000044]},"properties":{"CameraID":9339,"CameraTitle":"I-5 at MP 88.3: US 12 Interchange Grand Mound","ImageURL":"https://images.wsdot.wa.gov/orflow/005vc08832.jpg","WSDOTSRID":"005        ","CompassDirection":"B","Latitude":46.802261000000001,"Longitude":-123.007164,"CameraOwnerName":null,"CameraOwnerURL":null,"ImageWidth":335,"ImageHeight":249}},{"type":"Feature","id":9340,"geometry":{"type":"Point","coordinates":[-122.98337099999998,46.841996000000051]},"properties":{"CameraID":9340,"CameraTitle":"I-5 at MP 91.2: Scatter Creek","ImageURL":"https://images.wsdot.wa.gov/orflow/005vc09127.jpg","WSDOTSRID":"005        ","CompassDirection":"B","Latitude":46.841996000000002,"Longitude":-122.98337100000001,"CameraOwnerName":null,"CameraOwnerURL":null,"ImageWidth":335,"ImageHeight":249}},{"type":"Feature","id":9341,"geometry":{"type":"Point","coordinates":[-122.96949999999998,46.869358000000034]},"properties":{"CameraID":9341,"CameraTitle":"I-5 at MP 93.2: Maytown South","ImageURL":"https://images.wsdot.wa.gov/orflow/005vc09325.jpg","WSDOTSRID":"005        ","CompassDirection":"B","Latitude":46.869357999999998,"Longitude":-122.9695,"CameraOwnerName":null,"CameraOwnerURL":null,"ImageWidth":335,"ImageHeight":249}},{"type":"Feature","id":9342,"geometry":{"type":"Point","coordinates":[-122.96050499999996,46.897182000000043]},"properties":{"CameraID":9342,"CameraTitle":"I-5 at MP 95.2: Maytown","ImageURL":"https://images.wsdot.wa.gov/orflow/005vc09526.jpg","WSDOTSRID":"005        ","CompassDirection":"B","Latitude":46.897182000000001,"Longitude":-122.960505,"CameraOwnerName":null,"CameraOwnerURL":null,"ImageWidth":335,"ImageHeight":249}},{"type":"Feature","id":9343,"geometry":{"type":"Point","coordinates":[-122.95427499999994,46.90864700000003]},"properties":{"CameraID":9343,"CameraTitle":"I-5 at MP 96: Maytown North","ImageURL":"https://images.wsdot.wa.gov/orflow/005vc09608.jpg","WSDOTSRID":"005        ","CompassDirection":"B","Latitude":46.908647000000002,"Longitude":-122.954275,"CameraOwnerName":null,"CameraOwnerURL":null,"ImageWidth":335,"ImageHeight":249}},{"type":"Feature","id":9344,"geometry":{"type":"Point","coordinates":[-122.18608199999994,48.13723200000004]},"properties":{"CameraID":9344,"CameraTitle":"I-5 at MP 205: 156th St NE","ImageURL":"https://images.wsdot.wa.gov/nw/005vc20503.jpg","WSDOTSRID":"005        ","CompassDirection":"B","Latitude":48.137231999999997,"Longitude":-122.186082,"CameraOwnerName":null,"CameraOwnerURL":null,"ImageWidth":335,"ImageHeight":249}},{"type":"Feature","id":9345,"geometry":{"type":"Point","coordinates":[-122.18501399999997,48.119260000000054]},"properties":{"CameraID":9345,"CameraTitle":"I-5 at MP 203.7: 136th St NE","ImageURL":"https://images.wsdot.wa.gov/nw/005vc20379.jpg","WSDOTSRID":"005        ","CompassDirection":"B","Latitude":48.119259999999997,"Longitude":-122.185014,"CameraOwnerName":null,"CameraOwnerURL":null,"ImageWidth":335,"ImageHeight":249}},{"type":"Feature","id":9346,"geometry":{"type":"Point","coordinates":[-122.43389499999995,47.24326700000006]},"properties":{"CameraID":9346,"CameraTitle":"SR 509 at MP 0: I-705 Interchange","ImageURL":"https://images.wsdot.wa.gov/orflow/509vc00005.jpg","WSDOTSRID":"509        ","CompassDirection":"B","Latitude":47.243267000000003,"Longitude":-122.43389500000001,"CameraOwnerName":null,"CameraOwnerURL":null,"ImageWidth":335,"ImageHeight":249}},{"type":"Feature","id":9347,"geometry":{"type":"Point","coordinates":[-122.49823899999996,48.783601000000033]},"properties":{"CameraID":9347,"CameraTitle":"I-5 at MP 256.8: Northwest Ave","ImageURL":"https://images.wsdot.wa.gov/nw/005vc25683.jpg","WSDOTSRID":"005        ","CompassDirection":"B","Latitude":48.783600999999997,"Longitude":-122.498239,"CameraOwnerName":null,"CameraOwnerURL":null,"ImageWidth":335,"ImageHeight":249}},{"type":"Feature","id":9348,"geometry":{"type":"Point","coordinates":[-122.57495799999998,48.846143000000041]},"properties":{"CameraID":9348,"CameraTitle":"I-5 at MP 262.5: Main St NB Ramps","ImageURL":"https://images.wsdot.wa.gov/nw/005vc26256.jpg","WSDOTSRID":"005        ","CompassDirection":"B","Latitude":48.846142999999998,"Longitude":-122.574958,"CameraOwnerName":null,"CameraOwnerURL":null,"ImageWidth":335,"ImageHeight":249}},{"type":"Feature","id":9349,"geometry":{"type":"Point","coordinates":[-122.57519499999995,48.846390000000042]},"properties":{"CameraID":9349,"CameraTitle":"I-5 at MP 262.5: Main St SB Ramps","ImageURL":"https://images.wsdot.wa.gov/nw/005vc26258.jpg","WSDOTSRID":"005        ","CompassDirection":"B","Latitude":48.84639,"Longitude":-122.57519499999999,"CameraOwnerName":null,"CameraOwnerURL":null,"ImageWidth":335,"ImageHeight":249}},{"type":"Feature","id":9350,"geometry":{"type":"Point","coordinates":[-118.16878299999996,47.653546000000063]},"properties":{"CameraID":9350,"CameraTitle":"Davenport Municipal Airport","ImageURL":"https://images.wsdot.wa.gov/airports/Dav3.jpg","WSDOTSRID":null,"StateRouteMilepost":null,"CompassDirection":"E","Latitude":47.653545999999999,"Longitude":-118.168783,"CameraOwnerName":"WSDOT Aviation","CameraOwnerURL":"http://www.wsdot.wa.gov/aviation/WebCam/Davenport.htm","ImageWidth":335,"ImageHeight":262}},{"type":"Feature","id":9351,"geometry":{"type":"Point","coordinates":[-118.16878299999996,47.653546000000063]},"properties":{"CameraID":9351,"CameraTitle":"Davenport Municipal Airport","ImageURL":"https://images.wsdot.wa.gov/airports/Dav4.jpg","WSDOTSRID":null,"StateRouteMilepost":null,"CompassDirection":"W","Latitude":47.653545999999999,"Longitude":-118.168783,"CameraOwnerName":"WSDOT Aviation","CameraOwnerURL":"http://www.wsdot.wa.gov/aviation/WebCam/Davenport.htm","ImageWidth":335,"ImageHeight":262}},{"type":"Feature","id":9352,"geometry":{"type":"Point","coordinates":[-118.16878299999996,47.653546000000063]},"properties":{"CameraID":9352,"CameraTitle":"Davenport Municipal Airport","ImageURL":"https://images.wsdot.wa.gov/airports/Dav1.jpg","WSDOTSRID":null,"StateRouteMilepost":null,"CompassDirection":"N","Latitude":47.653545999999999,"Longitude":-118.168783,"CameraOwnerName":"WSDOT Aviation","CameraOwnerURL":"http://www.wsdot.wa.gov/aviation/WebCam/Davenport.htm","ImageWidth":335,"ImageHeight":262}},{"type":"Feature","id":9353,"geometry":{"type":"Point","coordinates":[-118.16878299999996,47.653546000000063]},"properties":{"CameraID":9353,"CameraTitle":"Davenport Municipal Airport","ImageURL":"https://images.wsdot.wa.gov/airports/Dav2.jpg","WSDOTSRID":null,"StateRouteMilepost":null,"CompassDirection":"S","Latitude":47.653545999999999,"Longitude":-118.168783,"CameraOwnerName":"WSDOT Aviation","CameraOwnerURL":"http://www.wsdot.wa.gov/aviation/WebCam/Davenport.htm","ImageWidth":335,"ImageHeight":262}},{"type":"Feature","id":9355,"geometry":{"type":"Point","coordinates":[-122.31996099999998,47.570437000000027]},"properties":{"CameraID":9355,"CameraTitle":"I-5 at MP 162.8: S. Court St","ImageURL":"https://images.wsdot.wa.gov/nw/005vc16287.jpg","WSDOTSRID":"005        ","CompassDirection":"B","Latitude":47.570436999999998,"Longitude":-122.31996100000001,"CameraOwnerName":null,"CameraOwnerURL":null,"ImageWidth":335,"ImageHeight":249}},{"type":"Feature","id":9356,"geometry":{"type":"Point","coordinates":[-122.31901599999998,47.578787000000034]},"properties":{"CameraID":9356,"CameraTitle":"I-5 at MP 163.4: S. Forest St","ImageURL":"https://images.wsdot.wa.gov/nw/005vc16342.jpg","WSDOTSRID":"005        ","CompassDirection":"B","Latitude":47.578786999999998,"Longitude":-122.319016,"CameraOwnerName":null,"CameraOwnerURL":null,"ImageWidth":335,"ImageHeight":249}},{"type":"Feature","id":9357,"geometry":{"type":"Point","coordinates":[-122.14557099999996,47.978009000000043]},"properties":{"CameraID":9357,"CameraTitle":"US 2 at MP 2: Ebey Slough","ImageURL":"https://images.wsdot.wa.gov/nw/002vc00207.jpg","WSDOTSRID":"002        ","CompassDirection":"B","Latitude":47.978009,"Longitude":-122.145571,"CameraOwnerName":null,"CameraOwnerURL":null,"ImageWidth":335,"ImageHeight":249}},{"type":"Feature","id":9358,"geometry":{"type":"Point","coordinates":[-118.37138899999997,46.06972200000007]},"properties":{"CameraID":9358,"CameraTitle":"US 12 at MP 335.3: Myra Road","ImageURL":"https://images.wsdot.wa.gov/sc/012vc33530.jpg","WSDOTSRID":"012        ","CompassDirection":"W","Latitude":46.069721999999999,"Longitude":-118.37138899999999,"CameraOwnerName":null,"CameraOwnerURL":null,"ImageWidth":320,"ImageHeight":237}},{"type":"Feature","id":9359,"geometry":{"type":"Point","coordinates":[-120.28999999999996,47.40583300000003]},"properties":{"CameraID":9359,"CameraTitle":"SR 28 Spur at MP 0.32 looking North","ImageURL":"https://images.wsdot.wa.gov/nc/028vc00445.jpg","WSDOTSRID":"028        ","CompassDirection":"N","Latitude":47.405833000000001,"Longitude":-120.29000000000001,"CameraOwnerName":null,"CameraOwnerURL":null,"ImageWidth":335,"ImageHeight":272}},{"type":"Feature","id":9360,"geometry":{"type":"Point","coordinates":[-120.29194399999994,47.40583300000003]},"properties":{"CameraID":9360,"CameraTitle":"SR 28 at MP 4.3: Bypass at Grant Rd","ImageURL":"https://images.wsdot.wa.gov/nc/028vc00436.jpg","WSDOTSRID":"028        ","CompassDirection":"N","Latitude":47.405833000000001,"Longitude":-120.291944,"CameraOwnerName":null,"CameraOwnerURL":null,"ImageWidth":335,"ImageHeight":272}},{"type":"Feature","id":9361,"geometry":{"type":"Point","coordinates":[-120.28999999999996,47.40583300000003]},"properties":{"CameraID":9361,"CameraTitle":"SR 28 Spur at MP 0.32 looking South","ImageURL":"https://images.wsdot.wa.gov/nc/028vc00444.jpg","WSDOTSRID":"028        ","CompassDirection":"S","Latitude":47.405833000000001,"Longitude":-120.29000000000001,"CameraOwnerName":null,"CameraOwnerURL":null,"ImageWidth":335,"ImageHeight":272}},{"type":"Feature","id":9362,"geometry":{"type":"Point","coordinates":[-120.28888899999998,47.401667000000032]},"properties":{"CameraID":9362,"CameraTitle":"SR 28 at MP 4.8: Bypass at Riverview","ImageURL":"https://images.wsdot.wa.gov/nc/028vc00482.jpg","WSDOTSRID":"028        ","CompassDirection":"N","Latitude":47.401667000000003,"Longitude":-120.288889,"CameraOwnerName":null,"CameraOwnerURL":null,"ImageWidth":335,"ImageHeight":272}},{"type":"Feature","id":9363,"geometry":{"type":"Point","coordinates":[-120.28888899999998,47.401667000000032]},"properties":{"CameraID":9363,"CameraTitle":"SR 28 Spur at MP 0.78","ImageURL":"https://images.wsdot.wa.gov/nc/028vc00481.jpg","WSDOTSRID":"028        ","CompassDirection":"S","Latitude":47.401667000000003,"Longitude":-120.288889,"CameraOwnerName":null,"CameraOwnerURL":null,"ImageWidth":335,"ImageHeight":272}},{"type":"Feature","id":9365,"geometry":{"type":"Point","coordinates":[-122.32820599999997,47.619816000000071]},"properties":{"CameraID":9365,"CameraTitle":"I-5 at MP 166.4: Denny Way","ImageURL":"https://images.wsdot.wa.gov/nw/005vc16645.jpg","WSDOTSRID":"005        ","CompassDirection":"B","Latitude":47.619816,"Longitude":-122.32820599999999,"CameraOwnerName":null,"CameraOwnerURL":null,"ImageWidth":335,"ImageHeight":249}},{"type":"Feature","id":9366,"geometry":{"type":"Point","coordinates":[-122.32820899999996,47.619673000000034]},"properties":{"CameraID":9366,"CameraTitle":"I-5 at MP 166.4: John St Express Lanes","ImageURL":"https://images.wsdot.wa.gov/nw/005vc16644.jpg","WSDOTSRID":"005        ","CompassDirection":"B","Latitude":47.619672999999999,"Longitude":-122.328209,"CameraOwnerName":null,"CameraOwnerURL":null,"ImageWidth":335,"ImageHeight":249}},{"type":"Feature","id":9367,"geometry":{"type":"Point","coordinates":[-122.32812499999994,47.624136000000078]},"properties":{"CameraID":9367,"CameraTitle":"I-5 at MP 166.7: Mercer St Express Lanes","ImageURL":"https://images.wsdot.wa.gov/nw/005vc16675.jpg","WSDOTSRID":"005        ","CompassDirection":"B","Latitude":47.624136,"Longitude":-122.328125,"CameraOwnerName":null,"CameraOwnerURL":null,"ImageWidth":335,"ImageHeight":249}},{"type":"Feature","id":9369,"geometry":{"type":"Point","coordinates":[-122.28427199999999,46.552906000000064]},"properties":{"CameraID":9369,"CameraTitle":"US 12 at MP 97.2: West Morton","ImageURL":"https://images.wsdot.wa.gov/sw/012vc09725.jpg","WSDOTSRID":"012        ","CompassDirection":"E","Latitude":46.552906,"Longitude":-122.284272,"CameraOwnerName":null,"CameraOwnerURL":null,"ImageWidth":335,"ImageHeight":209}},{"type":"Feature","id":9370,"geometry":{"type":"Point","coordinates":[-122.27561899999995,46.552927000000068]},"properties":{"CameraID":9370,"CameraTitle":"SR 7 at MP 0: Morton","ImageURL":"https://images.wsdot.wa.gov/sw/007vc00007.jpg","WSDOTSRID":"007        ","CompassDirection":"S","Latitude":46.552926999999997,"Longitude":-122.27561900000001,"CameraOwnerName":null,"CameraOwnerURL":null,"ImageWidth":335,"ImageHeight":249}},{"type":"Feature","id":9371,"geometry":{"type":"Point","coordinates":[-122.65698399999997,45.73256200000003]},"properties":{"CameraID":9371,"CameraTitle":"I-5 at MP 8.2: 154th St","ImageURL":"https://images.wsdot.wa.gov/sw/005vc00824.jpg","WSDOTSRID":"005        ","CompassDirection":"B","Latitude":45.732562000000001,"Longitude":-122.65698399999999,"CameraOwnerName":null,"CameraOwnerURL":null,"ImageWidth":335,"ImageHeight":249}},{"type":"Feature","id":9372,"geometry":{"type":"Point","coordinates":[-122.64006999999998,45.712327000000073]},"properties":{"CameraID":9372,"CameraTitle":"I-205 at MP 36.1: Salmon Creek","ImageURL":"https://images.wsdot.wa.gov/sw/205vc03615.jpg","WSDOTSRID":"205        ","CompassDirection":"B","Latitude":45.712327000000002,"Longitude":-122.64006999999999,"CameraOwnerName":null,"CameraOwnerURL":null,"ImageWidth":335,"ImageHeight":249}},{"type":"Feature","id":9373,"geometry":{"type":"Point","coordinates":[-122.65093099999996,45.719458000000031]},"properties":{"CameraID":9373,"CameraTitle":"I-205 at MP 36.8: 134th St Camera 1","ImageURL":"https://images.wsdot.wa.gov/sw/205vc03688.jpg","WSDOTSRID":"205        ","CompassDirection":"S","Latitude":45.719458000000003,"Longitude":-122.650931,"CameraOwnerName":null,"CameraOwnerURL":null,"ImageWidth":335,"ImageHeight":249}},{"type":"Feature","id":9374,"geometry":{"type":"Point","coordinates":[-122.65108299999997,45.71956700000004]},"properties":{"CameraID":9374,"CameraTitle":"I-205 at MP 36.8: 134th St Camera 2","ImageURL":"https://images.wsdot.wa.gov/sw/205vc03689.jpg","WSDOTSRID":"205        ","CompassDirection":"N","Latitude":45.719566999999998,"Longitude":-122.651083,"CameraOwnerName":null,"CameraOwnerURL":null,"ImageWidth":335,"ImageHeight":249}},{"type":"Feature","id":9375,"geometry":{"type":"Point","coordinates":[-122.65053999999998,45.650552000000062]},"properties":{"CameraID":9375,"CameraTitle":"SR 500 at MP 0.6: St Johns Blvd","ImageURL":"https://images.wsdot.wa.gov/sw/500vc00066.jpg","WSDOTSRID":"500        ","CompassDirection":"B","Latitude":45.650551999999998,"Longitude":-122.65054000000001,"CameraOwnerName":null,"CameraOwnerURL":null,"ImageWidth":335,"ImageHeight":249}},{"type":"Feature","id":9376,"geometry":{"type":"Point","coordinates":[-122.63544999999999,45.646094000000062]},"properties":{"CameraID":9376,"CameraTitle":"SR 500 at MP 1.4: Burnt Bridge Creek","ImageURL":"https://images.wsdot.wa.gov/sw/500vc00146.jpg","WSDOTSRID":"500        ","CompassDirection":"B","Latitude":45.646093999999998,"Longitude":-122.63545000000001,"CameraOwnerName":null,"CameraOwnerURL":null,"ImageWidth":335,"ImageHeight":249}},{"type":"Feature","id":9377,"geometry":{"type":"Point","coordinates":[-122.39288299999998,47.526718000000074]},"properties":{"CameraID":9377,"CameraTitle":"WSF Fauntleroy Way and Cloverdale St.","ImageURL":"https://www.seattle.gov/trafficcams/images/Fauntleroy_SW_Cloverdale_NS.jpg","WSDOTSRID":null,"StateRouteMilepost":null,"CompassDirection":"N","Latitude":47.526718000000002,"Longitude":-122.392883,"CameraOwnerName":"City of Seattle","CameraOwnerURL":"http://web6.seattle.gov/travelers/","ImageWidth":352,"ImageHeight":240}},{"type":"Feature","id":9378,"geometry":{"type":"Point","coordinates":[-122.87648599999994,46.547498000000076]},"properties":{"CameraID":9378,"CameraTitle":"I-5 at MP 68.4: US 12 Interchange","ImageURL":"https://images.wsdot.wa.gov/sw/005vc06842.jpg","WSDOTSRID":"005        ","CompassDirection":"B","Latitude":46.547497999999997,"Longitude":-122.876486,"CameraOwnerName":null,"CameraOwnerURL":null,"ImageWidth":335,"ImageHeight":249}},{"type":"Feature","id":9379,"geometry":{"type":"Point","coordinates":[-122.97992599999998,46.666268000000059]},"properties":{"CameraID":9379,"CameraTitle":"I-5 at MP 78.3: West St","ImageURL":"https://images.wsdot.wa.gov/sw/005vc07839.jpg","WSDOTSRID":"005        ","CompassDirection":"B","Latitude":46.666268000000002,"Longitude":-122.97992600000001,"CameraOwnerName":null,"CameraOwnerURL":null,"ImageWidth":335,"ImageHeight":249}},{"type":"Feature","id":9380,"geometry":{"type":"Point","coordinates":[-121.41586799999999,47.732022000000029]},"properties":{"CameraID":9380,"CameraTitle":"US 2 at MP 45.6 (Skykomish)","ImageURL":"https://images.wsdot.wa.gov/nw/002vc04558.jpg","WSDOTSRID":"002        ","CompassDirection":"B","Latitude":47.732022000000001,"Longitude":-121.415868,"CameraOwnerName":null,"CameraOwnerURL":null,"ImageWidth":335,"ImageHeight":249}},{"type":"Feature","id":9381,"geometry":{"type":"Point","coordinates":[-119.56060099999996,47.308056000000079]},"properties":{"CameraID":9381,"CameraTitle":"SR 28 at MP 46.5: SR 282 Interchange (Ephrata)","ImageURL":"https://images.wsdot.wa.gov/nc/028vc04659.jpg","WSDOTSRID":"028        ","CompassDirection":"E","Latitude":47.308056000000001,"Longitude":-119.56060100000001,"CameraOwnerName":null,"CameraOwnerURL":null,"ImageWidth":320,"ImageHeight":239}},{"type":"Feature","id":9382,"geometry":{"type":"Point","coordinates":[-119.17517999999995,46.811470000000043]},"properties":{"CameraID":9382,"CameraTitle":"SR 26 at MP 40.6: Othello @ SR 24 Junction","ImageURL":"https://images.wsdot.wa.gov/nc/026vc04069.jpg","WSDOTSRID":"026        ","CompassDirection":"E","Latitude":46.81147,"Longitude":-119.17518,"CameraOwnerName":null,"CameraOwnerURL":null,"ImageWidth":335,"ImageHeight":249}},{"type":"Feature","id":9383,"geometry":{"type":"Point","coordinates":[-122.34117099999997,48.451283000000046]},"properties":{"CameraID":9383,"CameraTitle":"I-5 at MP 228.8: George Hopper Rd","ImageURL":"https://images.wsdot.wa.gov/nw/005vc22887.jpg","WSDOTSRID":"005        ","CompassDirection":"B","Latitude":48.451282999999997,"Longitude":-122.341171,"CameraOwnerName":null,"CameraOwnerURL":null,"ImageWidth":335,"ImageHeight":249}},{"type":"Feature","id":9385,"geometry":{"type":"Point","coordinates":[-122.42187199999995,48.448393000000067]},"properties":{"CameraID":9385,"CameraTitle":"SR 20 at MP 55: SR 536 Interchange","ImageURL":"https://images.wsdot.wa.gov/nw/020vc05509.jpg","WSDOTSRID":"020        ","CompassDirection":"B","Latitude":48.448393000000003,"Longitude":-122.42187199999999,"CameraOwnerName":null,"CameraOwnerURL":null,"ImageWidth":335,"ImageHeight":249}},{"type":"Feature","id":9386,"geometry":{"type":"Point","coordinates":[-122.38105199999995,48.457309000000066]},"properties":{"CameraID":9386,"CameraTitle":"SR 20 at MP 57.5: Avon Allen Rd","ImageURL":"https://images.wsdot.wa.gov/nw/020vc05750.jpg","WSDOTSRID":"020        ","CompassDirection":"B","Latitude":48.457309000000002,"Longitude":-122.381052,"CameraOwnerName":null,"CameraOwnerURL":null,"ImageWidth":335,"ImageHeight":249}},{"type":"Feature","id":9389,"geometry":{"type":"Point","coordinates":[-122.37890799999997,48.436524000000077]},"properties":{"CameraID":9389,"CameraTitle":"SR 536 at MP 2.6: Avon Allen Rd","ImageURL":"https://images.wsdot.wa.gov/nw/536vc00264.jpg","WSDOTSRID":"536        ","CompassDirection":"B","Latitude":48.436523999999999,"Longitude":-122.378908,"CameraOwnerName":null,"CameraOwnerURL":null,"ImageWidth":335,"ImageHeight":249}},{"type":"Feature","id":9390,"geometry":{"type":"Point","coordinates":[-119.31227999999999,47.156670000000076]},"properties":{"CameraID":9390,"CameraTitle":"SR 17 at MP 56.6: Moses Lake at Patton Blvd","ImageURL":"https://images.wsdot.wa.gov/nc/017vc05656.jpg","WSDOTSRID":"017        ","CompassDirection":"S","Latitude":47.156669999999998,"Longitude":-119.31228,"CameraOwnerName":null,"CameraOwnerURL":null,"ImageWidth":335,"ImageHeight":272}},{"type":"Feature","id":9391,"geometry":{"type":"Point","coordinates":[-122.49729999999994,47.511890000000051]},"properties":{"CameraID":9391,"CameraTitle":"WSF Southworth Ferry Terminal","ImageURL":"https://images.wsdot.wa.gov/wsf/southworth/terminal.jpg","WSDOTSRID":null,"StateRouteMilepost":null,"CompassDirection":"W","Latitude":47.511890000000001,"Longitude":-122.4973,"CameraOwnerName":null,"CameraOwnerURL":null,"ImageWidth":352,"ImageHeight":261}},{"type":"Feature","id":9392,"geometry":{"type":"Point","coordinates":[-118.75379599999997,46.792274000000077]},"properties":{"CameraID":9392,"CameraTitle":"US 395 at MP 66.7: SR 26 Interchange Hatton Coulee","ImageURL":"https://images.wsdot.wa.gov/spokane/us395/395-SR-26.jpg","WSDOTSRID":"395        ","CompassDirection":"B","Latitude":46.792273999999999,"Longitude":-118.75379599999999,"CameraOwnerName":null,"CameraOwnerURL":null,"ImageWidth":320,"ImageHeight":280}},{"type":"Feature","id":9393,"geometry":{"type":"Point","coordinates":[-117.15434299999998,47.665940000000035]},"properties":{"CameraID":9393,"CameraTitle":"I-90 at MP 293.9: Barker Rd","ImageURL":"https://images.wsdot.wa.gov/spokane/i90/i-90-barker.jpg","WSDOTSRID":"090        ","CompassDirection":"B","Latitude":47.665939999999999,"Longitude":-117.154343,"CameraOwnerName":null,"CameraOwnerURL":null,"ImageWidth":320,"ImageHeight":280}},{"type":"Feature","id":9394,"geometry":{"type":"Point","coordinates":[-122.30429999999996,47.944800000000043]},"properties":{"CameraID":9394,"CameraTitle":"WSF Mukilteo SR 525 at 5th St - North","ImageURL":"https://images.wsdot.wa.gov/nw/525vc00820.jpg","WSDOTSRID":"525        ","CompassDirection":"W","Latitude":47.944800000000001,"Longitude":-122.3043,"CameraOwnerName":null,"CameraOwnerURL":null,"ImageWidth":335,"ImageHeight":249}},{"type":"Feature","id":9395,"geometry":{"type":"Point","coordinates":[-122.47342299999997,45.584850000000074]},"properties":{"CameraID":9395,"CameraTitle":"SR 14 at MP 10.1: 192nd Ave","ImageURL":"https://images.wsdot.wa.gov/sw/014vc01010.jpg","WSDOTSRID":"014        ","CompassDirection":"B","Latitude":45.584850000000003,"Longitude":-122.473423,"CameraOwnerName":null,"CameraOwnerURL":null,"ImageWidth":335,"ImageHeight":249}},{"type":"Feature","id":9396,"geometry":{"type":"Point","coordinates":[-122.42847299999994,45.580579000000057]},"properties":{"CameraID":9396,"CameraTitle":"SR 14 at MP 12.4: 6th Ave","ImageURL":"https://images.wsdot.wa.gov/sw/014vc01239.jpg","WSDOTSRID":"014        ","CompassDirection":"B","Latitude":45.580579,"Longitude":-122.428473,"CameraOwnerName":null,"CameraOwnerURL":null,"ImageWidth":335,"ImageHeight":249}},{"type":"Feature","id":9397,"geometry":{"type":"Point","coordinates":[-122.41565599999996,45.575211000000081]},"properties":{"CameraID":9397,"CameraTitle":"SR 14 at MP 13.1: Lady Island","ImageURL":"https://images.wsdot.wa.gov/sw/014vc01314.jpg","WSDOTSRID":"014        ","CompassDirection":"B","Latitude":45.575211000000003,"Longitude":-122.415656,"CameraOwnerName":null,"CameraOwnerURL":null,"ImageWidth":335,"ImageHeight":249}},{"type":"Feature","id":9398,"geometry":{"type":"Point","coordinates":[-122.38527499999998,45.580214000000069]},"properties":{"CameraID":9398,"CameraTitle":"SR 14 at MP 14.6: Union St","ImageURL":"https://images.wsdot.wa.gov/sw/014vc01465.jpg","WSDOTSRID":"014        ","CompassDirection":"B","Latitude":45.580213999999998,"Longitude":-122.38527499999999,"CameraOwnerName":null,"CameraOwnerURL":null,"ImageWidth":335,"ImageHeight":249}},{"type":"Feature","id":9399,"geometry":{"type":"Point","coordinates":[-122.36989599999998,45.579361000000063]},"properties":{"CameraID":9399,"CameraTitle":"SR 14 at MP 15.4: 6th St","ImageURL":"https://images.wsdot.wa.gov/sw/014vc01541.jpg","WSDOTSRID":"014        ","CompassDirection":"B","Latitude":45.579360999999999,"Longitude":-122.369896,"CameraOwnerName":null,"CameraOwnerURL":null,"ImageWidth":335,"ImageHeight":209}},{"type":"Feature","id":9400,"geometry":{"type":"Point","coordinates":[-122.32310599999994,47.684518000000025]},"properties":{"CameraID":9400,"CameraTitle":"I-5 at MP 171: NE 77th St","ImageURL":"https://images.wsdot.wa.gov/nw/005vc17101.jpg","WSDOTSRID":"005        ","CompassDirection":"B","Latitude":47.684517999999997,"Longitude":-122.323106,"CameraOwnerName":null,"CameraOwnerURL":null,"ImageWidth":335,"ImageHeight":249}},{"type":"Feature","id":9401,"geometry":{"type":"Point","coordinates":[-122.32105299999995,47.682181000000071]},"properties":{"CameraID":9401,"CameraTitle":"I-5 at MP 170.8: Lake City Way Express Lanes","ImageURL":"https://images.wsdot.wa.gov/nw/005vc17082.jpg","WSDOTSRID":"005        ","CompassDirection":"B","Latitude":47.682181,"Longitude":-122.32105300000001,"CameraOwnerName":null,"CameraOwnerURL":null,"ImageWidth":335,"ImageHeight":249}},{"type":"Feature","id":9402,"geometry":{"type":"Point","coordinates":[-122.39293799999996,47.522630000000049]},"properties":{"CameraID":9402,"CameraTitle":"WSF Fauntleroy Way looking North","ImageURL":"https://images.wsdot.wa.gov/wsf/fauntleroy/terminal/fauntterminal.jpg","WSDOTSRID":null,"StateRouteMilepost":null,"CompassDirection":"N","Latitude":47.522629999999999,"Longitude":-122.392938,"CameraOwnerName":null,"CameraOwnerURL":null,"ImageWidth":352,"ImageHeight":261}},{"type":"Feature","id":9403,"geometry":{"type":"Point","coordinates":[-122.39265199999994,47.524794000000043]},"properties":{"CameraID":9403,"CameraTitle":"WSF Trenton St looking North","ImageURL":"https://images.wsdot.wa.gov/wsf/fauntleroy/terminal/faunttrenton.jpg","WSDOTSRID":null,"StateRouteMilepost":null,"CompassDirection":"N","Latitude":47.524794,"Longitude":-122.392652,"CameraOwnerName":null,"CameraOwnerURL":null,"ImageWidth":352,"ImageHeight":261}},{"type":"Feature","id":9404,"geometry":{"type":"Point","coordinates":[-122.39263299999999,47.530459000000064]},"properties":{"CameraID":9404,"CameraTitle":"WSF Lincoln Park looking North","ImageURL":"https://images.wsdot.wa.gov/wsf/fauntleroy/terminal/fauntlincoln.jpg","WSDOTSRID":null,"StateRouteMilepost":null,"CompassDirection":"N","Latitude":47.530459,"Longitude":-122.392633,"CameraOwnerName":null,"CameraOwnerURL":null,"ImageWidth":352,"ImageHeight":261}},{"type":"Feature","id":9405,"geometry":{"type":"Point","coordinates":[-122.16236599999996,47.579807000000073]},"properties":{"CameraID":9405,"CameraTitle":"I-90 at MP 10.4: 133rd Ave SE","ImageURL":"https://images.wsdot.wa.gov/nw/090vc01049.jpg","WSDOTSRID":"090        ","CompassDirection":"B","Latitude":47.579807000000002,"Longitude":-122.16236600000001,"CameraOwnerName":null,"CameraOwnerURL":null,"ImageWidth":335,"ImageHeight":249}},{"type":"Feature","id":9406,"geometry":{"type":"Point","coordinates":[-122.25815099999994,47.28503500000005]},"properties":{"CameraID":9406,"CameraTitle":"SR 167 at MP 13.1: S 353rd St","ImageURL":"https://images.wsdot.wa.gov/nw/167vc01311.jpg","WSDOTSRID":"167        ","CompassDirection":"B","Latitude":47.285035000000001,"Longitude":-122.258151,"CameraOwnerName":null,"CameraOwnerURL":null,"ImageWidth":335,"ImageHeight":249}},{"type":"Feature","id":9407,"geometry":{"type":"Point","coordinates":[-122.25667999999996,47.295836000000065]},"properties":{"CameraID":9407,"CameraTitle":"SR 167 at MP 13.8: 15th St SW, West","ImageURL":"https://images.wsdot.wa.gov/nw/167vc01386.jpg","WSDOTSRID":"167        ","CompassDirection":"B","Latitude":47.295836000000001,"Longitude":-122.25668,"CameraOwnerName":null,"CameraOwnerURL":null,"ImageWidth":335,"ImageHeight":249}},{"type":"Feature","id":9409,"geometry":{"type":"Point","coordinates":[-121.90538799999996,45.662740000000042]},"properties":{"CameraID":9409,"CameraTitle":"SR 14 at MP 41.5: Bridge of the Gods","ImageURL":"https://images.wsdot.wa.gov/sw/014vc04153.jpg","WSDOTSRID":"014        ","CompassDirection":"B","Latitude":45.662739999999999,"Longitude":-121.905388,"CameraOwnerName":null,"CameraOwnerURL":null,"ImageWidth":335,"ImageHeight":249}},{"type":"Feature","id":9410,"geometry":{"type":"Point","coordinates":[-121.15615599999995,45.64904000000007]},"properties":{"CameraID":9410,"CameraTitle":"SR 14 at MP 83.5: Dallesport","ImageURL":"https://images.wsdot.wa.gov/sw/014vc08353.jpg","WSDOTSRID":"014        ","CompassDirection":"B","Latitude":45.649039999999999,"Longitude":-121.156156,"CameraOwnerName":null,"CameraOwnerURL":null,"ImageWidth":335,"ImageHeight":249}},{"type":"Feature","id":9411,"geometry":{"type":"Point","coordinates":[-122.67555699999997,45.79269800000003]},"properties":{"CameraID":9411,"CameraTitle":"I-5 at MP 12.4: Carty Rd","ImageURL":"https://images.wsdot.wa.gov/sw/005vc01248.jpg","WSDOTSRID":"005        ","CompassDirection":"B","Latitude":45.792698000000001,"Longitude":-122.675557,"CameraOwnerName":null,"CameraOwnerURL":null,"ImageWidth":335,"ImageHeight":249}},{"type":"Feature","id":9412,"geometry":{"type":"Point","coordinates":[-122.69928699999997,45.844978000000026]},"properties":{"CameraID":9412,"CameraTitle":"I-5 at MP 16.2: Weigh Station","ImageURL":"https://images.wsdot.wa.gov/sw/005vc01628.jpg","WSDOTSRID":"005        ","CompassDirection":"B","Latitude":45.844977999999998,"Longitude":-122.699287,"CameraOwnerName":null,"CameraOwnerURL":null,"ImageWidth":335,"ImageHeight":249}},{"type":"Feature","id":9413,"geometry":{"type":"Point","coordinates":[-122.64141499999999,45.618517000000054]},"properties":{"CameraID":9413,"CameraTitle":"SR 14 at MP 1.5: Grand Ave","ImageURL":"https://images.wsdot.wa.gov/sw/014vc00155.jpg","WSDOTSRID":"014        ","CompassDirection":"B","Latitude":45.618516999999997,"Longitude":-122.64141499999999,"CameraOwnerName":null,"CameraOwnerURL":null,"ImageWidth":335,"ImageHeight":249}},{"type":"Feature","id":9414,"geometry":{"type":"Point","coordinates":[-122.48615699999999,48.783623000000034]},"properties":{"CameraID":9414,"CameraTitle":"SR 539 at MP 0: I-5 NB Ramps","ImageURL":"https://images.wsdot.wa.gov/nw/539vc00006.jpg","WSDOTSRID":"539        ","CompassDirection":"B","Latitude":48.783622999999999,"Longitude":-122.48615700000001,"CameraOwnerName":null,"CameraOwnerURL":null,"ImageWidth":335,"ImageHeight":249}},{"type":"Feature","id":9415,"geometry":{"type":"Point","coordinates":[-120.30164499999995,47.409605000000056]},"properties":{"CameraID":9415,"CameraTitle":"SR 285 at MP 0.5: Wenatchee","ImageURL":"https://images.wsdot.wa.gov/nc/285vc00053.jpg","WSDOTSRID":"285        ","CompassDirection":"E","Latitude":47.409604999999999,"Longitude":-120.30164499999999,"CameraOwnerName":null,"CameraOwnerURL":null,"ImageWidth":335,"ImageHeight":272}},{"type":"Feature","id":9416,"geometry":{"type":"Point","coordinates":[-120.30348099999998,47.41078600000003]},"properties":{"CameraID":9416,"CameraTitle":"SR 285 at MP 0.7: Wenatchee","ImageURL":"https://images.wsdot.wa.gov/nc/285vc00060.jpg","WSDOTSRID":"285        ","CompassDirection":"N","Latitude":47.410786000000002,"Longitude":-120.303481,"CameraOwnerName":null,"CameraOwnerURL":null,"ImageWidth":335,"ImageHeight":249}},{"type":"Feature","id":9417,"geometry":{"type":"Point","coordinates":[-122.19209199999995,46.762640000000033]},"properties":{"CameraID":9417,"CameraTitle":"SR 7 at MP 16.7: Elbe Bridge","ImageURL":"https://images.wsdot.wa.gov/orflow/007vc01679.jpg","WSDOTSRID":"007        ","CompassDirection":"B","Latitude":46.762639999999998,"Longitude":-122.192092,"CameraOwnerName":null,"CameraOwnerURL":null,"ImageWidth":335,"ImageHeight":249}},{"type":"Feature","id":9418,"geometry":{"type":"Point","coordinates":[-124.21491199999997,48.17705600000005]},"properties":{"CameraID":9418,"CameraTitle":"SR 112 at MP 23.1: Burnt Mt","ImageURL":"https://images.wsdot.wa.gov/rweather/SR112BurntMt.jpg","WSDOTSRID":"112        ","CompassDirection":"W","Latitude":48.177056,"Longitude":-124.214912,"CameraOwnerName":null,"CameraOwnerURL":null,"ImageWidth":320,"ImageHeight":261}},{"type":"Feature","id":9419,"geometry":{"type":"Point","coordinates":[-120.29101599999996,47.454987000000074]},"properties":{"CameraID":9419,"CameraTitle":"Douglas County: Eastmont Ave","ImageURL":"https://images.wsdot.wa.gov/nc/DOUvc00001.jpg","WSDOTSRID":"DOU        ","CompassDirection":"N","Latitude":47.454987000000003,"Longitude":-120.291016,"CameraOwnerName":null,"CameraOwnerURL":null,"ImageWidth":335,"ImageHeight":249}},{"type":"Feature","id":9420,"geometry":{"type":"Point","coordinates":[-122.57758499999994,45.66476700000004]},"properties":{"CameraID":9420,"CameraTitle":"I-205 at MP 31.5: 58th St","ImageURL":"https://images.wsdot.wa.gov/sw/205vc03153.jpg","WSDOTSRID":"205        ","CompassDirection":"B","Latitude":45.664766999999998,"Longitude":-122.577585,"CameraOwnerName":null,"CameraOwnerURL":null,"ImageWidth":335,"ImageHeight":249}},{"type":"Feature","id":9421,"geometry":{"type":"Point","coordinates":[-122.59976399999999,45.68659800000006]},"properties":{"CameraID":9421,"CameraTitle":"I-205 at MP 33.4: Andresen Rd","ImageURL":"https://images.wsdot.wa.gov/sw/205vc03345.jpg","WSDOTSRID":"205        ","CompassDirection":"B","Latitude":45.686597999999996,"Longitude":-122.59976399999999,"CameraOwnerName":null,"CameraOwnerURL":null,"ImageWidth":335,"ImageHeight":249}},{"type":"Feature","id":9422,"geometry":{"type":"Point","coordinates":[-122.22181899999998,47.638246000000038]},"properties":{"CameraID":9422,"CameraTitle":"SR 520 at MP 4.9: 88th Ave NE","ImageURL":"https://images.wsdot.wa.gov/nw/520vc00492.jpg","WSDOTSRID":"520        ","CompassDirection":"B","Latitude":47.638246000000002,"Longitude":-122.221819,"CameraOwnerName":null,"CameraOwnerURL":null,"ImageWidth":335,"ImageHeight":249}},{"type":"Feature","id":9424,"geometry":{"type":"Point","coordinates":[-122.62726499999997,47.384370000000047]},"properties":{"CameraID":9424,"CameraTitle":"SR 302 at MP 15.8: SR 302 Spur - Purdy","ImageURL":"https://images.wsdot.wa.gov/orflow/302vc01580.jpg","WSDOTSRID":"302        ","CompassDirection":"B","Latitude":47.384369999999997,"Longitude":-122.62726499999999,"CameraOwnerName":null,"CameraOwnerURL":null,"ImageWidth":335,"ImageHeight":249}},{"type":"Feature","id":9425,"geometry":{"type":"Point","coordinates":[-121.74666699999995,47.473056000000042]},"properties":{"CameraID":9425,"CameraTitle":"I-90 at MP 33.2: North Bend","ImageURL":"https://images.wsdot.wa.gov/sc/090VC03326.jpg","WSDOTSRID":"090        ","CompassDirection":"E","Latitude":47.473056,"Longitude":-121.746667,"CameraOwnerName":null,"CameraOwnerURL":null,"ImageWidth":320,"ImageHeight":237}},{"type":"Feature","id":9426,"geometry":{"type":"Point","coordinates":[-121.47333299999997,47.393333000000041]},"properties":{"CameraID":9426,"CameraTitle":"I-90 at MP 48.1: Asahel Curtis","ImageURL":"https://images.wsdot.wa.gov/sc/090VC04810.jpg","WSDOTSRID":"090        ","CompassDirection":"B","Latitude":47.393332999999998,"Longitude":-121.473333,"CameraOwnerName":null,"CameraOwnerURL":null,"ImageWidth":320,"ImageHeight":239}},{"type":"Feature","id":9427,"geometry":{"type":"Point","coordinates":[-121.44725499999998,47.39806800000008]},"properties":{"CameraID":9427,"CameraTitle":"I-90 at MP 49.3: Rockdale","ImageURL":"https://images.wsdot.wa.gov/sc/090VC04938.jpg","WSDOTSRID":"090        ","CompassDirection":"E","Latitude":47.398068000000002,"Longitude":-121.447255,"CameraOwnerName":null,"CameraOwnerURL":null,"ImageWidth":320,"ImageHeight":240}},{"type":"Feature","id":9428,"geometry":{"type":"Point","coordinates":[-121.41013399999997,47.411218000000076]},"properties":{"CameraID":9428,"CameraTitle":"I-90 at MP 53.4: East Snoqualmie Summit","ImageURL":"https://images.wsdot.wa.gov/sc/090VC05347.jpg","WSDOTSRID":"090        ","CompassDirection":"B","Latitude":47.411217999999998,"Longitude":-121.410134,"CameraOwnerName":null,"CameraOwnerURL":null,"ImageWidth":320,"ImageHeight":234}},{"type":"Feature","id":9429,"geometry":{"type":"Point","coordinates":[-121.15694399999995,47.22527800000006]},"properties":{"CameraID":9429,"CameraTitle":"I-90 at MP 72.6: East Easton","ImageURL":"https://images.wsdot.wa.gov/sc/090VC07266.jpg","WSDOTSRID":"090        ","CompassDirection":"W","Latitude":47.225278000000003,"Longitude":-121.156944,"CameraOwnerName":null,"CameraOwnerURL":null,"ImageWidth":320,"ImageHeight":240}},{"type":"Feature","id":9430,"geometry":{"type":"Point","coordinates":[-120.84888899999999,47.162222000000042]},"properties":{"CameraID":9430,"CameraTitle":"I-90 at MP 89.4: Indian John Hill","ImageURL":"https://images.wsdot.wa.gov/sc/090VC08940.jpg","WSDOTSRID":"090        ","CompassDirection":"B","Latitude":47.162222,"Longitude":-120.848889,"CameraOwnerName":null,"CameraOwnerURL":null,"ImageWidth":320,"ImageHeight":240}},{"type":"Feature","id":9431,"geometry":{"type":"Point","coordinates":[-120.65999999999997,47.052500000000066]},"properties":{"CameraID":9431,"CameraTitle":"I-90 at MP 101: Thorp","ImageURL":"https://images.wsdot.wa.gov/sc/090VC10107.jpg","WSDOTSRID":"090        ","CompassDirection":"B","Latitude":47.052500000000002,"Longitude":-120.66,"CameraOwnerName":null,"CameraOwnerURL":null,"ImageWidth":320,"ImageHeight":240}},{"type":"Feature","id":9432,"geometry":{"type":"Point","coordinates":[-122.62879999999996,47.862350000000049]},"properties":{"CameraID":9432,"CameraTitle":"SR 104 at MP 14.7: Hood Canal Bridge Looking West","ImageURL":"https://images.wsdot.wa.gov/orflow/104vc01470.jpg","WSDOTSRID":"104        ","CompassDirection":"W","Latitude":47.862349999999999,"Longitude":-122.6288,"CameraOwnerName":"Sign up to receive Hood Canal traffic updates by e-mail.","CameraOwnerURL":"http://service.govdelivery.com/service/multi_subscribe.html?code=WADOT","ImageWidth":335,"ImageHeight":249}},{"type":"Feature","id":9433,"geometry":{"type":"Point","coordinates":[-121.53277799999995,47.395833000000039]},"properties":{"CameraID":9433,"CameraTitle":"I-90 at MP 45.2: Tinkham Road","ImageURL":"https://images.wsdot.wa.gov/sc/090VC04526.jpg","WSDOTSRID":"090        ","CompassDirection":"E","Latitude":47.395833000000003,"Longitude":-121.53277799999999,"CameraOwnerName":null,"CameraOwnerURL":null,"ImageWidth":320,"ImageHeight":201}},{"type":"Feature","id":9434,"geometry":{"type":"Point","coordinates":[-121.37172199999998,47.360120000000052]},"properties":{"CameraID":9434,"CameraTitle":"I-90 at MP 57.7: Old Keechelus Snow Shed","ImageURL":"https://images.wsdot.wa.gov/sc/090VC05771.jpg","WSDOTSRID":"090        ","CompassDirection":"B","Latitude":47.360120000000002,"Longitude":-121.37172200000001,"CameraOwnerName":null,"CameraOwnerURL":null,"ImageWidth":320,"ImageHeight":234}},{"type":"Feature","id":9435,"geometry":{"type":"Point","coordinates":[-119.91715399999998,46.737726000000066]},"properties":{"CameraID":9435,"CameraTitle":"SR 243 at MP 13.8: Road 24 SW","ImageURL":"https://images.wsdot.wa.gov/nc/243vc01380.jpg","WSDOTSRID":"243        ","CompassDirection":"B","Latitude":46.737726000000002,"Longitude":-119.917154,"CameraOwnerName":null,"CameraOwnerURL":null,"ImageWidth":335,"ImageHeight":249}},{"type":"Feature","id":9436,"geometry":{"type":"Point","coordinates":[-122.48597699999999,48.818462000000068]},"properties":{"CameraID":9436,"CameraTitle":"SR 539 at MP 2.4: Kelly Rd","ImageURL":"https://images.wsdot.wa.gov/nw/539vc00247.jpg","WSDOTSRID":"539        ","CompassDirection":"W","Latitude":48.818461999999997,"Longitude":-122.48597700000001,"CameraOwnerName":null,"CameraOwnerURL":null,"ImageWidth":335,"ImageHeight":244}},{"type":"Feature","id":9437,"geometry":{"type":"Point","coordinates":[-121.12121499999995,47.746100000000069]},"properties":{"CameraID":9437,"CameraTitle":"US 2 at MP 63: Big Windy","ImageURL":"https://images.wsdot.wa.gov/nc/002vc06300.jpg","WSDOTSRID":"002        ","CompassDirection":"W","Latitude":47.746099999999998,"Longitude":-121.12121500000001,"CameraOwnerName":null,"CameraOwnerURL":null,"ImageWidth":335,"ImageHeight":249}},{"type":"Feature","id":9438,"geometry":{"type":"Point","coordinates":[-122.48594999999995,48.833488000000045]},"properties":{"CameraID":9438,"CameraTitle":"SR 539 at MP 3.5: Smith Rd","ImageURL":"https://images.wsdot.wa.gov/nw/539vc00351.jpg","WSDOTSRID":"539        ","CompassDirection":"B","Latitude":48.833488000000003,"Longitude":-122.48595,"CameraOwnerName":null,"CameraOwnerURL":null,"ImageWidth":335,"ImageHeight":249}},{"type":"Feature","id":9439,"geometry":{"type":"Point","coordinates":[-122.48597699999999,48.847850000000051]},"properties":{"CameraID":9439,"CameraTitle":"SR 539 at MP 4.5: Axton Rd","ImageURL":"https://images.wsdot.wa.gov/nw/539vc00450.jpg","WSDOTSRID":"539        ","CompassDirection":"B","Latitude":48.847850000000001,"Longitude":-122.48597700000001,"CameraOwnerName":null,"CameraOwnerURL":null,"ImageWidth":335,"ImageHeight":244}},{"type":"Feature","id":9440,"geometry":{"type":"Point","coordinates":[-122.48595299999999,48.855139000000065]},"properties":{"CameraID":9440,"CameraTitle":"SR 539 at MP 5: Laurel Rd","ImageURL":"https://images.wsdot.wa.gov/nw/539vc00500.jpg","WSDOTSRID":"539        ","CompassDirection":"B","Latitude":48.855139000000001,"Longitude":-122.48595299999999,"CameraOwnerName":null,"CameraOwnerURL":null,"ImageWidth":335,"ImageHeight":244}},{"type":"Feature","id":9441,"geometry":{"type":"Point","coordinates":[-122.48583799999994,48.86936600000007]},"properties":{"CameraID":9441,"CameraTitle":"SR 539 at MP 5.9: Ten Mile Rd","ImageURL":"https://images.wsdot.wa.gov/nw/539vc00598.jpg","WSDOTSRID":"539        ","CompassDirection":"B","Latitude":48.869365999999999,"Longitude":-122.485838,"CameraOwnerName":null,"CameraOwnerURL":null,"ImageWidth":335,"ImageHeight":249}},{"type":"Feature","id":9442,"geometry":{"type":"Point","coordinates":[-122.48542199999997,48.935415000000035]},"properties":{"CameraID":9442,"CameraTitle":"SR 539 at MP 10.5: Birch Bay - Lynden Rd","ImageURL":"https://images.wsdot.wa.gov/nw/539vc01055.jpg","WSDOTSRID":"539        ","CompassDirection":"B","Latitude":48.935414999999999,"Longitude":-122.485422,"CameraOwnerName":null,"CameraOwnerURL":null,"ImageWidth":335,"ImageHeight":244}},{"type":"Feature","id":9443,"geometry":{"type":"Point","coordinates":[-122.48543199999995,48.939126000000044]},"properties":{"CameraID":9443,"CameraTitle":"SR 539 at MP 10.8: Front St","ImageURL":"https://images.wsdot.wa.gov/nw/539vc01080.jpg","WSDOTSRID":"539        ","CompassDirection":"B","Latitude":48.939126000000002,"Longitude":-122.485432,"CameraOwnerName":null,"CameraOwnerURL":null,"ImageWidth":335,"ImageHeight":244}},{"type":"Feature","id":9444,"geometry":{"type":"Point","coordinates":[-122.48532999999998,48.946195000000046]},"properties":{"CameraID":9444,"CameraTitle":"SR 539 at MP 11.2: Main St","ImageURL":"https://images.wsdot.wa.gov/nw/539vc01129.jpg","WSDOTSRID":"539        ","CompassDirection":"B","Latitude":48.946195000000003,"Longitude":-122.48533,"CameraOwnerName":null,"CameraOwnerURL":null,"ImageWidth":335,"ImageHeight":244}},{"type":"Feature","id":9445,"geometry":{"type":"Point","coordinates":[-122.26497799999999,48.997104000000036]},"properties":{"CameraID":9445,"CameraTitle":"SR 9 at MP 97.8: Johnson Creek","ImageURL":"https://images.wsdot.wa.gov/nw/009vc09781.jpg","WSDOTSRID":"009        ","CompassDirection":"B","Latitude":48.997104,"Longitude":-122.264978,"CameraOwnerName":null,"CameraOwnerURL":null,"ImageWidth":335,"ImageHeight":249}},{"type":"Feature","id":9446,"geometry":{"type":"Point","coordinates":[-122.26522899999998,49.002251000000058]},"properties":{"CameraID":9446,"CameraTitle":"SR 9 at MP 98.1: Truck Spur","ImageURL":"https://images.wsdot.wa.gov/nw/009vc09816.jpg","WSDOTSRID":"009        ","CompassDirection":"B","Latitude":49.002251000000001,"Longitude":-122.26522900000001,"CameraOwnerName":null,"CameraOwnerURL":null,"ImageWidth":335,"ImageHeight":249}},{"type":"Feature","id":9447,"geometry":{"type":"Point","coordinates":[-122.27839499999999,47.821121000000062]},"properties":{"CameraID":9447,"CameraTitle":"I-5 at MP 181.5: 196th St SW","ImageURL":"https://images.wsdot.wa.gov/nw/005vc18155.jpg","WSDOTSRID":"005        ","CompassDirection":"B","Latitude":47.821120999999998,"Longitude":-122.278395,"CameraOwnerName":null,"CameraOwnerURL":null,"ImageWidth":335,"ImageHeight":249}},{"type":"Feature","id":9448,"geometry":{"type":"Point","coordinates":[-117.41827799999999,47.610405000000071]},"properties":{"CameraID":9448,"CameraTitle":"US 195 at MP 93: Qualchin Rd","ImageURL":"https://images.wsdot.wa.gov/spokane/sr195/us-195-qualchan.jpg","WSDOTSRID":"195        ","CompassDirection":"B","Latitude":47.610405,"Longitude":-117.418278,"CameraOwnerName":null,"CameraOwnerURL":null,"ImageWidth":352,"ImageHeight":280}},{"type":"Feature","id":9449,"geometry":{"type":"Point","coordinates":[-117.41020299999997,47.600585000000081]},"properties":{"CameraID":9449,"CameraTitle":"US 195 at MP 92.3: Meadowlane Rd.","ImageURL":"https://images.wsdot.wa.gov/spokane/sr195/us-195-meadowlane.jpg","WSDOTSRID":"195        ","CompassDirection":"B","Latitude":47.600585000000002,"Longitude":-117.410203,"CameraOwnerName":null,"CameraOwnerURL":null,"ImageWidth":352,"ImageHeight":280}},{"type":"Feature","id":9450,"geometry":{"type":"Point","coordinates":[-117.40455399999996,47.593164000000058]},"properties":{"CameraID":9450,"CameraTitle":"US 195 at MP 91.5: Hatch Rd","ImageURL":"https://images.wsdot.wa.gov/spokane/sr195/us-195-hatch.jpg","WSDOTSRID":"195        ","CompassDirection":"B","Latitude":47.593164000000002,"Longitude":-117.404554,"CameraOwnerName":null,"CameraOwnerURL":null,"ImageWidth":352,"ImageHeight":280}},{"type":"Feature","id":9451,"geometry":{"type":"Point","coordinates":[-117.40333099999998,47.581449000000077]},"properties":{"CameraID":9451,"CameraTitle":"US 195 at MP 90.7: White Rd","ImageURL":"https://images.wsdot.wa.gov/spokane/sr195/us-195-white.jpg","WSDOTSRID":"195        ","CompassDirection":"B","Latitude":47.581448999999999,"Longitude":-117.40333099999999,"CameraOwnerName":null,"CameraOwnerURL":null,"ImageWidth":352,"ImageHeight":280}},{"type":"Feature","id":9452,"geometry":{"type":"Point","coordinates":[-119.22170699999998,46.275051000000076]},"properties":{"CameraID":9452,"CameraTitle":"I-182 at MP 7.3: Road 100","ImageURL":"https://images.wsdot.wa.gov/sc/182vc00731.jpg","WSDOTSRID":"182        ","CompassDirection":"B","Latitude":46.275050999999998,"Longitude":-119.22170699999999,"CameraOwnerName":null,"CameraOwnerURL":null,"ImageWidth":320,"ImageHeight":237}},{"type":"Feature","id":9453,"geometry":{"type":"Point","coordinates":[-119.13953599999996,46.216718000000071]},"properties":{"CameraID":9453,"CameraTitle":"SR 240 at MP 43.1: Blue Bridge Roundabout","ImageURL":"https://images.wsdot.wa.gov/sc/240vc04310.jpg","WSDOTSRID":"240        ","CompassDirection":"B","Latitude":46.216718,"Longitude":-119.13953600000001,"CameraOwnerName":null,"CameraOwnerURL":null,"ImageWidth":320,"ImageHeight":237}},{"type":"Feature","id":9454,"geometry":{"type":"Point","coordinates":[-118.73252799999995,46.059305000000052]},"properties":{"CameraID":9454,"CameraTitle":"US 12 at MP 316.7: Nine Mile","ImageURL":"https://images.wsdot.wa.gov/sc/012vc31670.jpg","WSDOTSRID":"012        ","CompassDirection":"B","Latitude":46.059305000000002,"Longitude":-118.732528,"CameraOwnerName":null,"CameraOwnerURL":null,"ImageWidth":320,"ImageHeight":240}},{"type":"Feature","id":9455,"geometry":{"type":"Point","coordinates":[-122.12073199999998,47.959054000000037]},"properties":{"CameraID":9455,"CameraTitle":"US 2 at MP 3.9: Bickford Ave","ImageURL":"https://images.wsdot.wa.gov/nw/002vc00395.jpg","WSDOTSRID":"002        ","CompassDirection":"B","Latitude":47.959054000000002,"Longitude":-122.120732,"CameraOwnerName":null,"CameraOwnerURL":null,"ImageWidth":335,"ImageHeight":249}},{"type":"Feature","id":9456,"geometry":{"type":"Point","coordinates":[-122.65350199999995,45.721932000000038]},"properties":{"CameraID":9456,"CameraTitle":"I-205 at MP 37: 139th St","ImageURL":"https://images.wsdot.wa.gov/sw/205vc03708.jpg","WSDOTSRID":"205        ","CompassDirection":"B","Latitude":45.721932000000002,"Longitude":-122.653502,"CameraOwnerName":null,"CameraOwnerURL":null,"ImageWidth":335,"ImageHeight":249}},{"type":"Feature","id":9457,"geometry":{"type":"Point","coordinates":[-120.29773299999999,47.424375000000055]},"properties":{"CameraID":9457,"CameraTitle":"SR 28B at MP 3.02: 9th Street NE ","ImageURL":"https://images.wsdot.wa.gov/nc/028vc00373.jpg","WSDOTSRID":"028        ","CompassDirection":"B","Latitude":47.424374999999998,"Longitude":-120.29773299999999,"CameraOwnerName":null,"CameraOwnerURL":null,"ImageWidth":335,"ImageHeight":249}},{"type":"Feature","id":9458,"geometry":{"type":"Point","coordinates":[-122.14006899999998,47.814496000000076]},"properties":{"CameraID":9458,"CameraTitle":"SR 9 at MP 2.2: 201st St SE","ImageURL":"https://images.wsdot.wa.gov/nw/009vc00226.jpg","WSDOTSRID":"009        ","CompassDirection":"B","Latitude":47.814495999999998,"Longitude":-122.140069,"CameraOwnerName":null,"CameraOwnerURL":null,"ImageWidth":335,"ImageHeight":249}},{"type":"Feature","id":9459,"geometry":{"type":"Point","coordinates":[-122.13667199999998,47.821528000000058]},"properties":{"CameraID":9459,"CameraTitle":"SR 9 at MP 2.7: 194th St SE","ImageURL":"https://images.wsdot.wa.gov/nw/009vc00277.jpg","WSDOTSRID":"009        ","CompassDirection":"B","Latitude":47.821528000000001,"Longitude":-122.136672,"CameraOwnerName":null,"CameraOwnerURL":null,"ImageWidth":335,"ImageHeight":209}},{"type":"Feature","id":9460,"geometry":{"type":"Point","coordinates":[-122.13237299999997,47.826608000000078]},"properties":{"CameraID":9460,"CameraTitle":"SR 9 at MP 3.1: 188th St SE","ImageURL":"https://images.wsdot.wa.gov/nw/009vc00318.jpg","WSDOTSRID":"009        ","CompassDirection":"B","Latitude":47.826608,"Longitude":-122.132373,"CameraOwnerName":null,"CameraOwnerURL":null,"ImageWidth":335,"ImageHeight":209}},{"type":"Feature","id":9461,"geometry":{"type":"Point","coordinates":[-122.12618399999997,47.833836000000076]},"properties":{"CameraID":9461,"CameraTitle":"SR 9 at MP 3.7: 180th St SE","ImageURL":"https://images.wsdot.wa.gov/nw/009vc00376.jpg","WSDOTSRID":"009        ","CompassDirection":"B","Latitude":47.833835999999998,"Longitude":-122.12618399999999,"CameraOwnerName":null,"CameraOwnerURL":null,"ImageWidth":335,"ImageHeight":209}},{"type":"Feature","id":9462,"geometry":{"type":"Point","coordinates":[-122.12411899999995,47.837378000000058]},"properties":{"CameraID":9462,"CameraTitle":"SR 9 at MP 4: 176th St SE","ImageURL":"https://images.wsdot.wa.gov/nw/009vc00402.jpg","WSDOTSRID":"009        ","CompassDirection":"B","Latitude":47.837378000000001,"Longitude":-122.12411899999999,"CameraOwnerName":null,"CameraOwnerURL":null,"ImageWidth":335,"ImageHeight":209}},{"type":"Feature","id":9464,"geometry":{"type":"Point","coordinates":[-121.39299399999999,46.637262000000078]},"properties":{"CameraID":9464,"CameraTitle":"US 12 at MP 150.9: White Pass Summit","ImageURL":"https://images.wsdot.wa.gov/sc/012vc15095.jpg","WSDOTSRID":"012        ","CompassDirection":"E","Latitude":46.637262,"Longitude":-121.392994,"CameraOwnerName":null,"CameraOwnerURL":null,"ImageWidth":320,"ImageHeight":238}},{"type":"Feature","id":9466,"geometry":{"type":"Point","coordinates":[-122.48513199999996,48.995074000000045]},"properties":{"CameraID":9466,"CameraTitle":"SR 539 at MP 14.6: H St Rd","ImageURL":"https://images.wsdot.wa.gov/nw/539vc01467.jpg","WSDOTSRID":"539        ","CompassDirection":"B","Latitude":48.995074000000002,"Longitude":-122.48513199999999,"CameraOwnerName":null,"CameraOwnerURL":null,"ImageWidth":335,"ImageHeight":244}},{"type":"Feature","id":9467,"geometry":{"type":"Point","coordinates":[-119.01329999999996,46.209166000000039]},"properties":{"CameraID":9467,"CameraTitle":"US 12 at MP 295: SR 124 Interchange","ImageURL":"https://images.wsdot.wa.gov/sc/012vc29532.jpg","WSDOTSRID":"012        ","CompassDirection":"B","Latitude":46.209166000000003,"Longitude":-119.0133,"CameraOwnerName":null,"CameraOwnerURL":null,"ImageWidth":320,"ImageHeight":237}},{"type":"Feature","id":9468,"geometry":{"type":"Point","coordinates":[-122.182954,48.152452000000039]},"properties":{"CameraID":9468,"CameraTitle":"SR 531 at MP 6.6: Smokey Point Blvd","ImageURL":"https://images.wsdot.wa.gov/nw/531vc00663.jpg","WSDOTSRID":"531        ","CompassDirection":"B","Latitude":48.152451999999997,"Longitude":-122.182954,"CameraOwnerName":null,"CameraOwnerURL":null,"ImageWidth":335,"ImageHeight":249}},{"type":"Feature","id":9469,"geometry":{"type":"Point","coordinates":[-122.17238499999996,48.15229400000004]},"properties":{"CameraID":9469,"CameraTitle":"SR 531 at MP 7.1: 43rd Ave NE","ImageURL":"https://images.wsdot.wa.gov/nw/531vc00712.jpg","WSDOTSRID":"531        ","CompassDirection":"B","Latitude":48.152293999999998,"Longitude":-122.17238500000001,"CameraOwnerName":null,"CameraOwnerURL":null,"ImageWidth":335,"ImageHeight":249}},{"type":"Feature","id":9470,"geometry":{"type":"Point","coordinates":[-122.16160099999996,48.152117000000032]},"properties":{"CameraID":9470,"CameraTitle":"SR 531 at MP 7.6: 51st Ave. NE","ImageURL":"https://images.wsdot.wa.gov/nw/531vc00762.jpg","WSDOTSRID":"531        ","CompassDirection":"B","Latitude":48.152116999999997,"Longitude":-122.161601,"CameraOwnerName":null,"CameraOwnerURL":null,"ImageWidth":335,"ImageHeight":249}},{"type":"Feature","id":9471,"geometry":{"type":"Point","coordinates":[-122.15098799999998,48.152048000000036]},"properties":{"CameraID":9471,"CameraTitle":"SR 531 at MP 8.1: 59th Ave. NE","ImageURL":"https://images.wsdot.wa.gov/nw/531vc00811.jpg","WSDOTSRID":"531        ","CompassDirection":"B","Latitude":48.152048000000001,"Longitude":-122.150988,"CameraOwnerName":null,"CameraOwnerURL":null,"ImageWidth":335,"ImageHeight":249}},{"type":"Feature","id":9472,"geometry":{"type":"Point","coordinates":[-122.14059299999997,48.151907000000051]},"properties":{"CameraID":9472,"CameraTitle":"SR 531 at MP 8.5: 67th Ave. NE","ImageURL":"https://images.wsdot.wa.gov/nw/531vc00859.jpg","WSDOTSRID":"531        ","CompassDirection":"B","Latitude":48.151907000000001,"Longitude":-122.140593,"CameraOwnerName":null,"CameraOwnerURL":null,"ImageWidth":335,"ImageHeight":249}},{"type":"Feature","id":9473,"geometry":{"type":"Point","coordinates":[-122.51091899999994,47.622963000000027]},"properties":{"CameraID":9473,"CameraTitle":"SR 305 at MP 0.2: Winslow Way North","ImageURL":"https://images.wsdot.wa.gov/orflow/305vc00021.jpg","WSDOTSRID":"305        ","CompassDirection":"N","Latitude":47.622962999999999,"Longitude":-122.510919,"CameraOwnerName":null,"CameraOwnerURL":null,"ImageWidth":335,"ImageHeight":249}},{"type":"Feature","id":9474,"geometry":{"type":"Point","coordinates":[-122.51552899999996,47.635773000000029]},"properties":{"CameraID":9474,"CameraTitle":"SR 305 at MP 0.2: High School Rd North","ImageURL":"https://images.wsdot.wa.gov/orflow/305vc00028.jpg","WSDOTSRID":"305        ","CompassDirection":"N","Latitude":47.635773,"Longitude":-122.515529,"CameraOwnerName":null,"CameraOwnerURL":null,"ImageWidth":335,"ImageHeight":249}},{"type":"Feature","id":9475,"geometry":{"type":"Point","coordinates":[-122.51552899999996,47.635773000000029]},"properties":{"CameraID":9475,"CameraTitle":"SR 305 at MP 0.2: High School Rd South","ImageURL":"https://images.wsdot.wa.gov/orflow/305vc00029.jpg","WSDOTSRID":"305        ","CompassDirection":"S","Latitude":47.635773,"Longitude":-122.515529,"CameraOwnerName":null,"CameraOwnerURL":null,"ImageWidth":335,"ImageHeight":249}},{"type":"Feature","id":9476,"geometry":{"type":"Point","coordinates":[-122.51413299999996,47.62484900000004]},"properties":{"CameraID":9476,"CameraTitle":"SR 305 at MP .2: Winslow Way South","ImageURL":"https://images.wsdot.wa.gov/orflow/305vc00022.jpg","WSDOTSRID":"305        ","CompassDirection":"S","Latitude":47.624848999999998,"Longitude":-122.514133,"CameraOwnerName":null,"CameraOwnerURL":null,"ImageWidth":335,"ImageHeight":249}},{"type":"Feature","id":9477,"geometry":{"type":"Point","coordinates":[-122.51413299999996,47.62484900000004]},"properties":{"CameraID":9477,"CameraTitle":"SR 305 at MP .2: Winslow Way North","ImageURL":"https://images.wsdot.wa.gov/orflow/305vc00021.jpg","WSDOTSRID":"305        ","CompassDirection":"N","Latitude":47.624848999999998,"Longitude":-122.514133,"CameraOwnerName":null,"CameraOwnerURL":null,"ImageWidth":335,"ImageHeight":249}},{"type":"Feature","id":9478,"geometry":{"type":"Point","coordinates":[-122.51552899999996,47.635773000000029]},"properties":{"CameraID":9478,"CameraTitle":"SR 305 at MP .3: High School Rd North","ImageURL":"https://images.wsdot.wa.gov/orflow/305vc00028.jpg","WSDOTSRID":"305        ","CompassDirection":"N","Latitude":47.635773,"Longitude":-122.515529,"CameraOwnerName":null,"CameraOwnerURL":null,"ImageWidth":335,"ImageHeight":249}},{"type":"Feature","id":9479,"geometry":{"type":"Point","coordinates":[-122.51552899999996,47.635773000000029]},"properties":{"CameraID":9479,"CameraTitle":"SR 305 at MP .3: High School Rd South","ImageURL":"https://images.wsdot.wa.gov/orflow/305vc00029.jpg","WSDOTSRID":"305        ","CompassDirection":"S","Latitude":47.635773,"Longitude":-122.515529,"CameraOwnerName":null,"CameraOwnerURL":null,"ImageWidth":335,"ImageHeight":249}},{"type":"Feature","id":9480,"geometry":{"type":"Point","coordinates":[-122.80649499999998,47.056535000000054]},"properties":{"CameraID":9480,"CameraTitle":"I-5 at MP 109.9: Carpenter Rd South","ImageURL":"https://images.wsdot.wa.gov/orflow/005vc10993.jpg","WSDOTSRID":"005        ","CompassDirection":"S","Latitude":47.056534999999997,"Longitude":-122.806495,"CameraOwnerName":null,"CameraOwnerURL":null,"ImageWidth":335,"ImageHeight":249}},{"type":"Feature","id":9481,"geometry":{"type":"Point","coordinates":[-122.78662199999997,47.059929000000068]},"properties":{"CameraID":9481,"CameraTitle":"I-5 at MP 110.9: Carpenter Rd North","ImageURL":"https://images.wsdot.wa.gov/orflow/005vc11090.jpg","WSDOTSRID":"005        ","CompassDirection":"N","Latitude":47.059928999999997,"Longitude":-122.78662199999999,"CameraOwnerName":null,"CameraOwnerURL":null,"ImageWidth":335,"ImageHeight":249}},{"type":"Feature","id":9482,"geometry":{"type":"Point","coordinates":[-122.74169799999999,47.066296000000079]},"properties":{"CameraID":9482,"CameraTitle":"I-5 at MP 113: Meridian Rd","ImageURL":"https://images.wsdot.wa.gov/orflow/005vc11307.jpg","WSDOTSRID":"005        ","CompassDirection":"B","Latitude":47.066296000000001,"Longitude":-122.741698,"CameraOwnerName":null,"CameraOwnerURL":null,"ImageWidth":335,"ImageHeight":249}},{"type":"Feature","id":9483,"geometry":{"type":"Point","coordinates":[-122.69902299999995,47.073549000000071]},"properties":{"CameraID":9483,"CameraTitle":"I-5 at MP 115.2: Nisqually Bridge","ImageURL":"https://images.wsdot.wa.gov/orflow/005vc11520.jpg","WSDOTSRID":"005        ","CompassDirection":"B","Latitude":47.073549,"Longitude":-122.699023,"CameraOwnerName":null,"CameraOwnerURL":null,"ImageWidth":335,"ImageHeight":249}},{"type":"Feature","id":9484,"geometry":{"type":"Point","coordinates":[-122.68875499999996,47.077499000000046]},"properties":{"CameraID":9484,"CameraTitle":"I-5 at MP 115.7: Nisqually Rail Road","ImageURL":"https://images.wsdot.wa.gov/orflow/005vc11575.jpg","WSDOTSRID":"005        ","CompassDirection":"B","Latitude":47.077499000000003,"Longitude":-122.688755,"CameraOwnerName":null,"CameraOwnerURL":null,"ImageWidth":335,"ImageHeight":249}},{"type":"Feature","id":9485,"geometry":{"type":"Point","coordinates":[-122.68085399999995,47.079874000000075]},"properties":{"CameraID":9485,"CameraTitle":"I-5 at MP 116.1: Mounts Rd South","ImageURL":"https://images.wsdot.wa.gov/orflow/005vc11616.jpg","WSDOTSRID":"005        ","CompassDirection":"B","Latitude":47.079873999999997,"Longitude":-122.680854,"CameraOwnerName":null,"CameraOwnerURL":null,"ImageWidth":335,"ImageHeight":249}},{"type":"Feature","id":9486,"geometry":{"type":"Point","coordinates":[-122.64416799999998,47.088033000000053]},"properties":{"CameraID":9486,"CameraTitle":"I-5 at MP 117.9: Center Dr","ImageURL":"https://images.wsdot.wa.gov/orflow/005vc11799.jpg","WSDOTSRID":"005        ","CompassDirection":"B","Latitude":47.088033000000003,"Longitude":-122.64416799999999,"CameraOwnerName":null,"CameraOwnerURL":null,"ImageWidth":335,"ImageHeight":249}},{"type":"Feature","id":9487,"geometry":{"type":"Point","coordinates":[-122.59266099999996,47.102941000000044]},"properties":{"CameraID":9487,"CameraTitle":"I-5 at MP 120.8: JBLM Main Gate","ImageURL":"https://images.wsdot.wa.gov/orflow/005vc12066.jpg","WSDOTSRID":"005        ","CompassDirection":"B","Latitude":47.102941000000001,"Longitude":-122.59266100000001,"CameraOwnerName":null,"CameraOwnerURL":null,"ImageWidth":335,"ImageHeight":209}},{"type":"Feature","id":9488,"geometry":{"type":"Point","coordinates":[-122.46315899999996,47.227755000000059]},"properties":{"CameraID":9488,"CameraTitle":"I-5 at MP 132.1: S 38th St looking North","ImageURL":"https://images.wsdot.wa.gov/orflow/005vc13216.jpg","WSDOTSRID":"005        ","CompassDirection":"B","Latitude":47.227755000000002,"Longitude":-122.463159,"CameraOwnerName":null,"CameraOwnerURL":null,"ImageWidth":335,"ImageHeight":249}},{"type":"Feature","id":9489,"geometry":{"type":"Point","coordinates":[-122.51472799999999,47.141548000000057]},"properties":{"CameraID":9489,"CameraTitle":"I-5 at MP 125.2: New York Ave","ImageURL":"https://images.wsdot.wa.gov/orflow/005vc12524.jpg","WSDOTSRID":"005        ","CompassDirection":"B","Latitude":47.141548,"Longitude":-122.51472800000001,"CameraOwnerName":null,"CameraOwnerURL":null,"ImageWidth":335,"ImageHeight":249}},{"type":"Feature","id":9490,"geometry":{"type":"Point","coordinates":[-122.61636199999998,45.647864000000027]},"properties":{"CameraID":9490,"CameraTitle":"SR 500 at MP 2.4: Stapleton Rd","ImageURL":"https://images.wsdot.wa.gov/sw/500vc00240.jpg","WSDOTSRID":"500        ","CompassDirection":"B","Latitude":45.647863999999998,"Longitude":-122.616362,"CameraOwnerName":null,"CameraOwnerURL":null,"ImageWidth":335,"ImageHeight":249}},{"type":"Feature","id":9491,"geometry":{"type":"Point","coordinates":[-122.66934899999995,48.283198000000027]},"properties":{"CameraID":9491,"CameraTitle":"SR 20 at MP 30.8: SW Swantown Ave","ImageURL":"https://images.wsdot.wa.gov/nw/020vc03080.jpg","WSDOTSRID":"020        ","CompassDirection":"B","Latitude":48.283197999999999,"Longitude":-122.669349,"CameraOwnerName":null,"CameraOwnerURL":null,"ImageWidth":335,"ImageHeight":244}},{"type":"Feature","id":9492,"geometry":{"type":"Point","coordinates":[-122.65785399999999,48.28717400000005]},"properties":{"CameraID":9492,"CameraTitle":"SR 20 at MP 31.4: Pioneer Way","ImageURL":"https://images.wsdot.wa.gov/nw/020vc03141.jpg","WSDOTSRID":"020        ","CompassDirection":"B","Latitude":48.287174,"Longitude":-122.657854,"CameraOwnerName":null,"CameraOwnerURL":null,"ImageWidth":335,"ImageHeight":249}},{"type":"Feature","id":9493,"geometry":{"type":"Point","coordinates":[-122.65305099999995,48.298226000000057]},"properties":{"CameraID":9493,"CameraTitle":"SR 20 at MP 32.2: E Whidbey Ave","ImageURL":"https://images.wsdot.wa.gov/nw/020vc03224.jpg","WSDOTSRID":"020        ","CompassDirection":"B","Latitude":48.298226,"Longitude":-122.653051,"CameraOwnerName":null,"CameraOwnerURL":null,"ImageWidth":335,"ImageHeight":249}},{"type":"Feature","id":9494,"geometry":{"type":"Point","coordinates":[-122.64735999999999,48.303187000000037]},"properties":{"CameraID":9494,"CameraTitle":"SR 20 at MP 32.6: NE 7th Ave","ImageURL":"https://images.wsdot.wa.gov/nw/020vc03269.jpg","WSDOTSRID":"020        ","CompassDirection":"B","Latitude":48.303187000000001,"Longitude":-122.64736000000001,"CameraOwnerName":null,"CameraOwnerURL":null,"ImageWidth":335,"ImageHeight":249}},{"type":"Feature","id":9495,"geometry":{"type":"Point","coordinates":[-122.64369899999997,48.306334000000049]},"properties":{"CameraID":9495,"CameraTitle":"SR 20 at MP 32.9: Midway Blvd","ImageURL":"https://images.wsdot.wa.gov/nw/020vc03293.jpg","WSDOTSRID":"020        ","CompassDirection":"B","Latitude":48.306334,"Longitude":-122.643699,"CameraOwnerName":null,"CameraOwnerURL":null,"ImageWidth":335,"ImageHeight":249}},{"type":"Feature","id":9496,"geometry":{"type":"Point","coordinates":[-122.63799899999998,48.311223000000041]},"properties":{"CameraID":9496,"CameraTitle":"SR 20 at MP 33.3: NE 16th Ave","ImageURL":"https://images.wsdot.wa.gov/nw/020vc03338.jpg","WSDOTSRID":"020        ","CompassDirection":"B","Latitude":48.311222999999998,"Longitude":-122.63799899999999,"CameraOwnerName":null,"CameraOwnerURL":null,"ImageWidth":335,"ImageHeight":244}},{"type":"Feature","id":9497,"geometry":{"type":"Point","coordinates":[-122.62940999999995,48.328633000000082]},"properties":{"CameraID":9497,"CameraTitle":"SR 20 at MP 34.7: Ault Field Rd","ImageURL":"https://images.wsdot.wa.gov/nw/020vc03472.jpg","WSDOTSRID":"020        ","CompassDirection":"B","Latitude":48.328633000000004,"Longitude":-122.62940999999999,"CameraOwnerName":null,"CameraOwnerURL":null,"ImageWidth":335,"ImageHeight":244}},{"type":"Feature","id":9498,"geometry":{"type":"Point","coordinates":[-122.57968399999999,48.463070000000073]},"properties":{"CameraID":9498,"CameraTitle":"SR 20 at MP 47.8: Sharpes Corner (SR 20 Spur)","ImageURL":"https://images.wsdot.wa.gov/nw/020vc04798.jpg","WSDOTSRID":"020        ","CompassDirection":"B","Latitude":48.463070000000002,"Longitude":-122.579684,"CameraOwnerName":null,"CameraOwnerURL":null,"ImageWidth":335,"ImageHeight":209}},{"type":"Feature","id":9499,"geometry":{"type":"Point","coordinates":[-122.57116899999994,48.462653000000046]},"properties":{"CameraID":9499,"CameraTitle":"SR 20 at MP 48.3: Christianson Rd","ImageURL":"https://images.wsdot.wa.gov/nw/020vc04838.jpg","WSDOTSRID":"020        ","CompassDirection":"B","Latitude":48.462653000000003,"Longitude":-122.571169,"CameraOwnerName":null,"CameraOwnerURL":null,"ImageWidth":335,"ImageHeight":249}},{"type":"Feature","id":9500,"geometry":{"type":"Point","coordinates":[-122.56066399999997,48.459905000000049]},"properties":{"CameraID":9500,"CameraTitle":"SR 20 at MP 48.9: Thompson Rd","ImageURL":"https://images.wsdot.wa.gov/nw/020vc04890.jpg","WSDOTSRID":"020        ","CompassDirection":"B","Latitude":48.459904999999999,"Longitude":-122.560664,"CameraOwnerName":null,"CameraOwnerURL":null,"ImageWidth":335,"ImageHeight":249}},{"type":"Feature","id":9501,"geometry":{"type":"Point","coordinates":[-122.54356699999994,48.463160000000073]},"properties":{"CameraID":9501,"CameraTitle":"SR 20 at MP 49.7: Reservation Rd","ImageURL":"https://images.wsdot.wa.gov/nw/020vc04972.jpg","WSDOTSRID":"020        ","CompassDirection":"B","Latitude":48.463160000000002,"Longitude":-122.543567,"CameraOwnerName":null,"CameraOwnerURL":null,"ImageWidth":335,"ImageHeight":249}},{"type":"Feature","id":9503,"geometry":{"type":"Point","coordinates":[-122.30697199999997,47.287781000000052]},"properties":{"CameraID":9503,"CameraTitle":"I-5 at MP 141.8: SR 18 Interchange, S","ImageURL":"https://images.wsdot.wa.gov/nw/005vc14188.jpg","WSDOTSRID":"005        ","CompassDirection":"B","Latitude":47.287781000000003,"Longitude":-122.306972,"CameraOwnerName":null,"CameraOwnerURL":null,"ImageWidth":335,"ImageHeight":249}},{"type":"Feature","id":9504,"geometry":{"type":"Point","coordinates":[-122.30661299999997,47.288839000000053]},"properties":{"CameraID":9504,"CameraTitle":"I-5 at MP 141.9: SR 18 Interchange, W","ImageURL":"https://images.wsdot.wa.gov/nw/005vc14196.jpg","WSDOTSRID":"005        ","CompassDirection":"B","Latitude":47.288839000000003,"Longitude":-122.306613,"CameraOwnerName":null,"CameraOwnerURL":null,"ImageWidth":335,"ImageHeight":249}},{"type":"Feature","id":9505,"geometry":{"type":"Point","coordinates":[-122.29692299999999,47.315816000000041]},"properties":{"CameraID":9505,"CameraTitle":"I-5 at MP 143.8: S 320th St, Ramps","ImageURL":"https://images.wsdot.wa.gov/nw/005vc14388.jpg","WSDOTSRID":"005        ","CompassDirection":"B","Latitude":47.315815999999998,"Longitude":-122.29692300000001,"CameraOwnerName":null,"CameraOwnerURL":null,"ImageWidth":335,"ImageHeight":249}},{"type":"Feature","id":9507,"geometry":{"type":"Point","coordinates":[-122.26434499999999,47.463126000000045]},"properties":{"CameraID":9507,"CameraTitle":"I-5 at MP 154.5: SR 518 Interchange","ImageURL":"https://images.wsdot.wa.gov/nw/005vc15452.jpg","WSDOTSRID":"005        ","CompassDirection":"B","Latitude":47.463126000000003,"Longitude":-122.26434500000001,"CameraOwnerName":null,"CameraOwnerURL":null,"ImageWidth":335,"ImageHeight":249}},{"type":"Feature","id":9508,"geometry":{"type":"Point","coordinates":[-122.27377099999995,47.499523000000067]},"properties":{"CameraID":9508,"CameraTitle":"I-5 at MP 157.3: MLK Jr Way, N","ImageURL":"https://images.wsdot.wa.gov/nw/005vc15735.jpg","WSDOTSRID":"005        ","CompassDirection":"B","Latitude":47.499523000000003,"Longitude":-122.273771,"CameraOwnerName":null,"CameraOwnerURL":null,"ImageWidth":335,"ImageHeight":249}},{"type":"Feature","id":9509,"geometry":{"type":"Point","coordinates":[-122.27982799999995,47.505767000000048]},"properties":{"CameraID":9509,"CameraTitle":"I-5 at MP 157.8: Boeing Access Rd, S","ImageURL":"https://images.wsdot.wa.gov/nw/005vc15785.jpg","WSDOTSRID":"005        ","CompassDirection":"B","Latitude":47.505766999999999,"Longitude":-122.27982799999999,"CameraOwnerName":null,"CameraOwnerURL":null,"ImageWidth":335,"ImageHeight":249}},{"type":"Feature","id":9510,"geometry":{"type":"Point","coordinates":[-122.28922699999998,47.519045000000062]},"properties":{"CameraID":9510,"CameraTitle":"I-5 at MP 158.8: S Benefit St","ImageURL":"https://images.wsdot.wa.gov/nw/005vc15887.jpg","WSDOTSRID":"005        ","CompassDirection":"B","Latitude":47.519044999999998,"Longitude":-122.289227,"CameraOwnerName":null,"CameraOwnerURL":null,"ImageWidth":335,"ImageHeight":249}},{"type":"Feature","id":9511,"geometry":{"type":"Point","coordinates":[-122.29113899999999,47.523662000000058]},"properties":{"CameraID":9511,"CameraTitle":"I-5 at MP 159.2: S Henderson St","ImageURL":"https://images.wsdot.wa.gov/nw/005vc15920.jpg","WSDOTSRID":"005        ","CompassDirection":"B","Latitude":47.523662000000002,"Longitude":-122.291139,"CameraOwnerName":null,"CameraOwnerURL":null,"ImageWidth":335,"ImageHeight":249}},{"type":"Feature","id":9512,"geometry":{"type":"Point","coordinates":[-122.29592099999996,47.534762000000057]},"properties":{"CameraID":9512,"CameraTitle":"I-5 at MP 160: S Austin St","ImageURL":"https://images.wsdot.wa.gov/nw/005vc16000.jpg","WSDOTSRID":"005        ","CompassDirection":"B","Latitude":47.534762000000001,"Longitude":-122.29592100000001,"CameraOwnerName":null,"CameraOwnerURL":null,"ImageWidth":335,"ImageHeight":249}},{"type":"Feature","id":9513,"geometry":{"type":"Point","coordinates":[-122.30201699999998,47.540570000000059]},"properties":{"CameraID":9513,"CameraTitle":"I-5 at MP 160.4: S Willow St","ImageURL":"https://images.wsdot.wa.gov/nw/005vc16049.jpg","WSDOTSRID":"005        ","CompassDirection":"B","Latitude":47.540570000000002,"Longitude":-122.30201700000001,"CameraOwnerName":null,"CameraOwnerURL":null,"ImageWidth":335,"ImageHeight":249}},{"type":"Feature","id":9514,"geometry":{"type":"Point","coordinates":[-122.30813099999995,47.546128000000067]},"properties":{"CameraID":9514,"CameraTitle":"I-5 at MP 160.9: S Graham St","ImageURL":"https://images.wsdot.wa.gov/nw/005vc16097.jpg","WSDOTSRID":"005        ","CompassDirection":"B","Latitude":47.546128000000003,"Longitude":-122.308131,"CameraOwnerName":null,"CameraOwnerURL":null,"ImageWidth":335,"ImageHeight":249}},{"type":"Feature","id":9515,"geometry":{"type":"Point","coordinates":[-122.32092699999998,47.55849900000004]},"properties":{"CameraID":9515,"CameraTitle":"I-5 at MP 162: S Ferdinand St","ImageURL":"https://images.wsdot.wa.gov/nw/005vc16204.jpg","WSDOTSRID":"005        ","CompassDirection":"B","Latitude":47.558498999999998,"Longitude":-122.320927,"CameraOwnerName":null,"CameraOwnerURL":null,"ImageWidth":335,"ImageHeight":249}},{"type":"Feature","id":9516,"geometry":{"type":"Point","coordinates":[-122.31979799999999,47.583530000000053]},"properties":{"CameraID":9516,"CameraTitle":"I-5 at MP 163.7: S Walker St","ImageURL":"https://images.wsdot.wa.gov/nw/005vc16377.jpg","WSDOTSRID":"005        ","CompassDirection":"B","Latitude":47.583530000000003,"Longitude":-122.31979800000001,"CameraOwnerName":null,"CameraOwnerURL":null,"ImageWidth":335,"ImageHeight":249}},{"type":"Feature","id":9517,"geometry":{"type":"Point","coordinates":[-122.32023399999997,47.59596300000004]},"properties":{"CameraID":9517,"CameraTitle":"I-5 at MP 164.6: S Dearborn St","ImageURL":"https://images.wsdot.wa.gov/nw/005vc16465.jpg","WSDOTSRID":"005        ","CompassDirection":"B","Latitude":47.595962999999998,"Longitude":-122.320234,"CameraOwnerName":null,"CameraOwnerURL":null,"ImageWidth":335,"ImageHeight":249}},{"type":"Feature","id":9518,"geometry":{"type":"Point","coordinates":[-122.32805899999994,47.60519400000004]},"properties":{"CameraID":9518,"CameraTitle":"I-5 at MP 165.4: 5th Ave/Cherry","ImageURL":"https://images.wsdot.wa.gov/nw/005vc16540.jpg","WSDOTSRID":"005        ","CompassDirection":"B","Latitude":47.605193999999997,"Longitude":-122.328059,"CameraOwnerName":null,"CameraOwnerURL":null,"ImageWidth":335,"ImageHeight":249}},{"type":"Feature","id":9519,"geometry":{"type":"Point","coordinates":[-122.32878199999999,47.605762000000027]},"properties":{"CameraID":9519,"CameraTitle":"I-5 at MP 165.4: Columbia St Express Lanes","ImageURL":"https://images.wsdot.wa.gov/nw/005vc16545.jpg","WSDOTSRID":"005        ","CompassDirection":"B","Latitude":47.605761999999999,"Longitude":-122.328782,"CameraOwnerName":null,"CameraOwnerURL":null,"ImageWidth":335,"ImageHeight":249}},{"type":"Feature","id":9520,"geometry":{"type":"Point","coordinates":[-122.32895899999994,47.606257000000028]},"properties":{"CameraID":9520,"CameraTitle":"I-5 at MP 165.4: 5th Ave/Columbia","ImageURL":"https://images.wsdot.wa.gov/nw/005vc16547.jpg","WSDOTSRID":"005        ","CompassDirection":"B","Latitude":47.606256999999999,"Longitude":-122.328959,"CameraOwnerName":null,"CameraOwnerURL":null,"ImageWidth":335,"ImageHeight":249}},{"type":"Feature","id":9521,"geometry":{"type":"Point","coordinates":[-122.32924299999996,47.606585000000052]},"properties":{"CameraID":9521,"CameraTitle":"I-5 at MP 165.5: Marion St","ImageURL":"https://images.wsdot.wa.gov/nw/005vc16550.jpg","WSDOTSRID":"005        ","CompassDirection":"B","Latitude":47.606585000000003,"Longitude":-122.32924300000001,"CameraOwnerName":null,"CameraOwnerURL":null,"ImageWidth":335,"ImageHeight":249}},{"type":"Feature","id":9522,"geometry":{"type":"Point","coordinates":[-122.32983099999996,47.607183000000077]},"properties":{"CameraID":9522,"CameraTitle":"I-5 at MP 165.5: Madison St Express Lanes","ImageURL":"https://images.wsdot.wa.gov/nw/005vc16556.jpg","WSDOTSRID":"005        ","CompassDirection":"B","Latitude":47.607182999999999,"Longitude":-122.329831,"CameraOwnerName":null,"CameraOwnerURL":null,"ImageWidth":335,"ImageHeight":249}},{"type":"Feature","id":9523,"geometry":{"type":"Point","coordinates":[-122.33051599999999,47.608251000000052]},"properties":{"CameraID":9523,"CameraTitle":"I-5 at MP 165.6: Seneca St","ImageURL":"https://images.wsdot.wa.gov/nw/005vc16563.jpg","WSDOTSRID":"005        ","CompassDirection":"B","Latitude":47.608251000000003,"Longitude":-122.330516,"CameraOwnerName":null,"CameraOwnerURL":null,"ImageWidth":335,"ImageHeight":249}},{"type":"Feature","id":9524,"geometry":{"type":"Point","coordinates":[-122.33063299999998,47.608348000000035]},"properties":{"CameraID":9524,"CameraTitle":"I-5 at MP 165.6: Seneca St Express Lanes","ImageURL":"https://images.wsdot.wa.gov/nw/005vc16565.jpg","WSDOTSRID":"005        ","CompassDirection":"B","Latitude":47.608347999999999,"Longitude":-122.33063300000001,"CameraOwnerName":null,"CameraOwnerURL":null,"ImageWidth":335,"ImageHeight":249}},{"type":"Feature","id":9525,"geometry":{"type":"Point","coordinates":[-122.33091099999996,47.609238000000062]},"properties":{"CameraID":9525,"CameraTitle":"I-5 at MP 165.7: University St, SB","ImageURL":"https://images.wsdot.wa.gov/nw/005vc16571.jpg","WSDOTSRID":"005        ","CompassDirection":"B","Latitude":47.609237999999998,"Longitude":-122.330911,"CameraOwnerName":null,"CameraOwnerURL":null,"ImageWidth":335,"ImageHeight":249}},{"type":"Feature","id":9526,"geometry":{"type":"Point","coordinates":[-122.33098199999995,47.609614000000079]},"properties":{"CameraID":9526,"CameraTitle":"I-5 at MP 165.7: University St Ramp","ImageURL":"https://images.wsdot.wa.gov/nw/005vc16574.jpg","WSDOTSRID":"005        ","CompassDirection":"B","Latitude":47.609614000000001,"Longitude":-122.33098200000001,"CameraOwnerName":null,"CameraOwnerURL":null,"ImageWidth":335,"ImageHeight":249}},{"type":"Feature","id":9527,"geometry":{"type":"Point","coordinates":[-122.33097799999996,47.61056700000006]},"properties":{"CameraID":9527,"CameraTitle":"I-5 at MP 165.8: University St, NB","ImageURL":"https://images.wsdot.wa.gov/nw/005vc16580.jpg","WSDOTSRID":"005        ","CompassDirection":"B","Latitude":47.610567000000003,"Longitude":-122.330978,"CameraOwnerName":null,"CameraOwnerURL":null,"ImageWidth":335,"ImageHeight":249}},{"type":"Feature","id":9528,"geometry":{"type":"Point","coordinates":[-122.33073499999995,47.611605000000054]},"properties":{"CameraID":9528,"CameraTitle":"I-5 at MP 165.8: Union St Express Lanes","ImageURL":"https://images.wsdot.wa.gov/nw/005vc16588.jpg","WSDOTSRID":"005        ","CompassDirection":"B","Latitude":47.611604999999997,"Longitude":-122.330735,"CameraOwnerName":null,"CameraOwnerURL":null,"ImageWidth":335,"ImageHeight":249}},{"type":"Feature","id":9529,"geometry":{"type":"Point","coordinates":[-122.33017599999999,47.612874000000033]},"properties":{"CameraID":9529,"CameraTitle":"I-5 at MP 165.9: Pike St/9th Ave","ImageURL":"https://images.wsdot.wa.gov/nw/005vc16596.jpg","WSDOTSRID":"005        ","CompassDirection":"B","Latitude":47.612873999999998,"Longitude":-122.33017599999999,"CameraOwnerName":null,"CameraOwnerURL":null,"ImageWidth":335,"ImageHeight":249}},{"type":"Feature","id":9530,"geometry":{"type":"Point","coordinates":[-122.33011599999998,47.613015000000075]},"properties":{"CameraID":9530,"CameraTitle":"I-5 at MP 165.9: Pike St, SB","ImageURL":"https://images.wsdot.wa.gov/nw/005vc16597.jpg","WSDOTSRID":"005        ","CompassDirection":"B","Latitude":47.613014999999997,"Longitude":-122.330116,"CameraOwnerName":null,"CameraOwnerURL":null,"ImageWidth":335,"ImageHeight":249}},{"type":"Feature","id":9531,"geometry":{"type":"Point","coordinates":[-122.33006499999999,47.613153000000068]},"properties":{"CameraID":9531,"CameraTitle":"I-5 at MP 165.9: Pike St, NB","ImageURL":"https://images.wsdot.wa.gov/nw/005vc16598.jpg","WSDOTSRID":"005        ","CompassDirection":"B","Latitude":47.613152999999997,"Longitude":-122.330065,"CameraOwnerName":null,"CameraOwnerURL":null,"ImageWidth":335,"ImageHeight":249}},{"type":"Feature","id":9532,"geometry":{"type":"Point","coordinates":[-122.33000499999997,47.61331000000007]},"properties":{"CameraID":9532,"CameraTitle":"I-5 at MP 165.9: 9th Ave at Pike","ImageURL":"https://images.wsdot.wa.gov/nw/005vc16599.jpg","WSDOTSRID":"005        ","CompassDirection":"B","Latitude":47.613309999999998,"Longitude":-122.330005,"CameraOwnerName":null,"CameraOwnerURL":null,"ImageWidth":335,"ImageHeight":249}},{"type":"Feature","id":9533,"geometry":{"type":"Point","coordinates":[-122.32998999999995,47.613560000000064]},"properties":{"CameraID":9533,"CameraTitle":"I-5 at MP 166: Pike St Express Lanes","ImageURL":"https://images.wsdot.wa.gov/nw/005vc16602.jpg","WSDOTSRID":"005        ","CompassDirection":"B","Latitude":47.61356,"Longitude":-122.32999,"CameraOwnerName":null,"CameraOwnerURL":null,"ImageWidth":335,"ImageHeight":249}},{"type":"Feature","id":9534,"geometry":{"type":"Point","coordinates":[-122.32945199999995,47.614956000000063]},"properties":{"CameraID":9534,"CameraTitle":"I-5 at MP 166.1: Pike Express Lanes Ramp","ImageURL":"https://images.wsdot.wa.gov/nw/005vc16612.jpg","WSDOTSRID":"005        ","CompassDirection":"B","Latitude":47.614955999999999,"Longitude":-122.329452,"CameraOwnerName":null,"CameraOwnerURL":null,"ImageWidth":335,"ImageHeight":249}},{"type":"Feature","id":9535,"geometry":{"type":"Point","coordinates":[-122.32847499999997,47.617640000000051]},"properties":{"CameraID":9535,"CameraTitle":"I-5 at MP 166.3: Howell St","ImageURL":"https://images.wsdot.wa.gov/nw/005vc16630.jpg","WSDOTSRID":"005        ","CompassDirection":"B","Latitude":47.617640000000002,"Longitude":-122.328475,"CameraOwnerName":null,"CameraOwnerURL":null,"ImageWidth":335,"ImageHeight":249}},{"type":"Feature","id":9536,"geometry":{"type":"Point","coordinates":[-122.32820799999996,47.619963000000041]},"properties":{"CameraID":9536,"CameraTitle":"I-5 at MP 166.4: Stewart/Eastlake Ramp","ImageURL":"https://images.wsdot.wa.gov/nw/005vc16646.jpg","WSDOTSRID":"005        ","CompassDirection":"B","Latitude":47.619962999999998,"Longitude":-122.328208,"CameraOwnerName":null,"CameraOwnerURL":null,"ImageWidth":335,"ImageHeight":249}},{"type":"Feature","id":9537,"geometry":{"type":"Point","coordinates":[-122.32813399999998,47.624705000000063]},"properties":{"CameraID":9537,"CameraTitle":"I-5 at MP 166.7: Mercer St Ramps","ImageURL":"https://images.wsdot.wa.gov/nw/005vc16679.jpg","WSDOTSRID":"005        ","CompassDirection":"B","Latitude":47.624704999999999,"Longitude":-122.32813400000001,"CameraOwnerName":null,"CameraOwnerURL":null,"ImageWidth":335,"ImageHeight":249}},{"type":"Feature","id":9538,"geometry":{"type":"Point","coordinates":[-122.32816999999994,47.625854000000061]},"properties":{"CameraID":9538,"CameraTitle":"I-5 at MP 166.8: Mercer St NB Ramp","ImageURL":"https://images.wsdot.wa.gov/nw/005vc16687.jpg","WSDOTSRID":"005        ","CompassDirection":"B","Latitude":47.625853999999997,"Longitude":-122.32817,"CameraOwnerName":null,"CameraOwnerURL":null,"ImageWidth":335,"ImageHeight":249}},{"type":"Feature","id":9539,"geometry":{"type":"Point","coordinates":[-122.32828599999999,47.628039000000058]},"properties":{"CameraID":9539,"CameraTitle":"I-5 at MP 167: Lakeview Express Lanes","ImageURL":"https://images.wsdot.wa.gov/nw/005vc16703.jpg","WSDOTSRID":"005        ","CompassDirection":"B","Latitude":47.628039000000001,"Longitude":-122.32828600000001,"CameraOwnerName":null,"CameraOwnerURL":null,"ImageWidth":335,"ImageHeight":249}},{"type":"Feature","id":9540,"geometry":{"type":"Point","coordinates":[-122.32275099999998,47.636019000000033]},"properties":{"CameraID":9540,"CameraTitle":"I-5 at MP 167.6: Boylston Ave","ImageURL":"https://images.wsdot.wa.gov/nw/005vc16763.jpg","WSDOTSRID":"005        ","CompassDirection":"B","Latitude":47.636018999999997,"Longitude":-122.322751,"CameraOwnerName":null,"CameraOwnerURL":null,"ImageWidth":335,"ImageHeight":249}},{"type":"Feature","id":9541,"geometry":{"type":"Point","coordinates":[-122.32283899999999,47.641464000000042]},"properties":{"CameraID":9541,"CameraTitle":"I-5 at MP 168: Roanoke St Express Lanes","ImageURL":"https://images.wsdot.wa.gov/nw/005vc16803.jpg","WSDOTSRID":"005        ","CompassDirection":"B","Latitude":47.641463999999999,"Longitude":-122.322839,"CameraOwnerName":null,"CameraOwnerURL":null,"ImageWidth":335,"ImageHeight":249}},{"type":"Feature","id":9542,"geometry":{"type":"Point","coordinates":[-122.32256399999994,47.649935000000028]},"properties":{"CameraID":9542,"CameraTitle":"I-5 at MP 168.5: Eastlake Ave Express Lanes","ImageURL":"https://images.wsdot.wa.gov/nw/005vc16859.jpg","WSDOTSRID":"005        ","CompassDirection":"B","Latitude":47.649934999999999,"Longitude":-122.322564,"CameraOwnerName":null,"CameraOwnerURL":null,"ImageWidth":335,"ImageHeight":249}},{"type":"Feature","id":9543,"geometry":{"type":"Point","coordinates":[-122.32247499999994,47.653913000000045]},"properties":{"CameraID":9543,"CameraTitle":"I-5 at MP 168.8: Ship Canal Express Lanes","ImageURL":"https://images.wsdot.wa.gov/nw/005vc16886.jpg","WSDOTSRID":"005        ","CompassDirection":"B","Latitude":47.653913000000003,"Longitude":-122.322475,"CameraOwnerName":null,"CameraOwnerURL":null,"ImageWidth":335,"ImageHeight":249}},{"type":"Feature","id":9544,"geometry":{"type":"Point","coordinates":[-122.32244299999996,47.656216000000029]},"properties":{"CameraID":9544,"CameraTitle":"I-5 at MP 169: NE 40th St Express Lanes","ImageURL":"https://images.wsdot.wa.gov/nw/005vc16902.jpg","WSDOTSRID":"005        ","CompassDirection":"B","Latitude":47.656216000000001,"Longitude":-122.32244300000001,"CameraOwnerName":null,"CameraOwnerURL":null,"ImageWidth":335,"ImageHeight":249}},{"type":"Feature","id":9545,"geometry":{"type":"Point","coordinates":[-122.32226599999996,47.657002000000034]},"properties":{"CameraID":9545,"CameraTitle":"I-5 at MP 169: 7th Ave & 42nd","ImageURL":"https://images.wsdot.wa.gov/nw/005vc16908.jpg","WSDOTSRID":"005        ","CompassDirection":"B","Latitude":47.657001999999999,"Longitude":-122.322266,"CameraOwnerName":null,"CameraOwnerURL":null,"ImageWidth":335,"ImageHeight":249}},{"type":"Feature","id":9546,"geometry":{"type":"Point","coordinates":[-122.32121599999999,47.672722000000078]},"properties":{"CameraID":9546,"CameraTitle":"I-5 at MP 170.1: NE Ravenna Blvd","ImageURL":"https://images.wsdot.wa.gov/nw/005vc17018.jpg","WSDOTSRID":"005        ","CompassDirection":"B","Latitude":47.672722,"Longitude":-122.32121600000001,"CameraOwnerName":null,"CameraOwnerURL":null,"ImageWidth":335,"ImageHeight":249}},{"type":"Feature","id":9547,"geometry":{"type":"Point","coordinates":[-122.32627299999996,47.686794000000077]},"properties":{"CameraID":9547,"CameraTitle":"I-5 at MP 171.2: NE 80th St Express Lanes","ImageURL":"https://images.wsdot.wa.gov/nw/005vc17124.jpg","WSDOTSRID":"005        ","CompassDirection":"B","Latitude":47.686793999999999,"Longitude":-122.326273,"CameraOwnerName":null,"CameraOwnerURL":null,"ImageWidth":335,"ImageHeight":249}},{"type":"Feature","id":9548,"geometry":{"type":"Point","coordinates":[-122.32904499999995,47.696185000000071]},"properties":{"CameraID":9548,"CameraTitle":"I-5 at MP 171.9: N 92nd St","ImageURL":"https://images.wsdot.wa.gov/nw/005vc17191.jpg","WSDOTSRID":"005        ","CompassDirection":"B","Latitude":47.696185,"Longitude":-122.32904499999999,"CameraOwnerName":null,"CameraOwnerURL":null,"ImageWidth":335,"ImageHeight":249}},{"type":"Feature","id":9549,"geometry":{"type":"Point","coordinates":[-122.32985399999995,47.702926000000048]},"properties":{"CameraID":9549,"CameraTitle":"I-5 at MP 172.4: NE 103rd Express Lanes Ramp","ImageURL":"https://images.wsdot.wa.gov/nw/005vc17240.jpg","WSDOTSRID":"005        ","CompassDirection":"B","Latitude":47.702925999999998,"Longitude":-122.329854,"CameraOwnerName":null,"CameraOwnerURL":null,"ImageWidth":335,"ImageHeight":249}},{"type":"Feature","id":9550,"geometry":{"type":"Point","coordinates":[-122.32946699999997,47.703776000000062]},"properties":{"CameraID":9550,"CameraTitle":"I-5 at MP 172.4: 1st Ave & 103rd","ImageURL":"https://images.wsdot.wa.gov/nw/005vc17245.jpg","WSDOTSRID":"005        ","CompassDirection":"B","Latitude":47.703775999999998,"Longitude":-122.32946699999999,"CameraOwnerName":null,"CameraOwnerURL":null,"ImageWidth":335,"ImageHeight":249}},{"type":"Feature","id":9551,"geometry":{"type":"Point","coordinates":[-122.32714399999998,47.713621000000046]},"properties":{"CameraID":9551,"CameraTitle":"I-5 at MP 173.1: NE 117th St","ImageURL":"https://images.wsdot.wa.gov/nw/005vc17315.jpg","WSDOTSRID":"005        ","CompassDirection":"B","Latitude":47.713621000000003,"Longitude":-122.327144,"CameraOwnerName":null,"CameraOwnerURL":null,"ImageWidth":335,"ImageHeight":249}},{"type":"Feature","id":9552,"geometry":{"type":"Point","coordinates":[-122.32489799999996,47.716650000000072]},"properties":{"CameraID":9552,"CameraTitle":"I-5 at MP 173.3: NE 120th St","ImageURL":"https://images.wsdot.wa.gov/nw/005vc17338.jpg","WSDOTSRID":"005        ","CompassDirection":"B","Latitude":47.716650000000001,"Longitude":-122.324898,"CameraOwnerName":null,"CameraOwnerURL":null,"ImageWidth":335,"ImageHeight":249}},{"type":"Feature","id":9553,"geometry":{"type":"Point","coordinates":[-122.32908899999995,47.746899000000042]},"properties":{"CameraID":9553,"CameraTitle":"I-5 at MP 175.5: N Metro Base","ImageURL":"https://images.wsdot.wa.gov/nw/005vc17552.jpg","WSDOTSRID":"005        ","CompassDirection":"B","Latitude":47.746898999999999,"Longitude":-122.329089,"CameraOwnerName":null,"CameraOwnerURL":null,"ImageWidth":335,"ImageHeight":249}},{"type":"Feature","id":9554,"geometry":{"type":"Point","coordinates":[-122.32815399999998,47.757568000000049]},"properties":{"CameraID":9554,"CameraTitle":"I-5 at MP 176.2: NE 175th St, NB","ImageURL":"https://images.wsdot.wa.gov/nw/005vc17627.jpg","WSDOTSRID":"005        ","CompassDirection":"B","Latitude":47.757567999999999,"Longitude":-122.328154,"CameraOwnerName":null,"CameraOwnerURL":null,"ImageWidth":335,"ImageHeight":249}},{"type":"Feature","id":9555,"geometry":{"type":"Point","coordinates":[-122.31766499999998,47.777622000000065]},"properties":{"CameraID":9555,"CameraTitle":"I-5 at MP 177.7: NE 205th St","ImageURL":"https://images.wsdot.wa.gov/nw/005vc17776.jpg","WSDOTSRID":"005        ","CompassDirection":"B","Latitude":47.777622000000001,"Longitude":-122.31766500000001,"CameraOwnerName":null,"CameraOwnerURL":null,"ImageWidth":335,"ImageHeight":209}},{"type":"Feature","id":9556,"geometry":{"type":"Point","coordinates":[-122.31609299999997,47.79168100000004]},"properties":{"CameraID":9556,"CameraTitle":"I-5 at MP 178.7: 228th St SW","ImageURL":"https://images.wsdot.wa.gov/nw/005vc17874.jpg","WSDOTSRID":"005        ","CompassDirection":"B","Latitude":47.791680999999997,"Longitude":-122.316093,"CameraOwnerName":null,"CameraOwnerURL":null,"ImageWidth":335,"ImageHeight":249}},{"type":"Feature","id":9557,"geometry":{"type":"Point","coordinates":[-122.31017899999995,47.804141000000072]},"properties":{"CameraID":9557,"CameraTitle":"I-5 at MP 179.6: 212th St SW","ImageURL":"https://images.wsdot.wa.gov/nw/005vc17966.jpg","WSDOTSRID":"005        ","CompassDirection":"B","Latitude":47.804141000000001,"Longitude":-122.31017900000001,"CameraOwnerName":null,"CameraOwnerURL":null,"ImageWidth":335,"ImageHeight":249}},{"type":"Feature","id":9558,"geometry":{"type":"Point","coordinates":[-122.26307799999995,47.829975000000047]},"properties":{"CameraID":9558,"CameraTitle":"I-5 at MP 182.5: 186th St SW","ImageURL":"https://images.wsdot.wa.gov/nw/005vc18250.jpg","WSDOTSRID":"005        ","CompassDirection":"B","Latitude":47.829974999999997,"Longitude":-122.26307799999999,"CameraOwnerName":null,"CameraOwnerURL":null,"ImageWidth":335,"ImageHeight":249}},{"type":"Feature","id":9559,"geometry":{"type":"Point","coordinates":[-122.26202499999999,47.83155400000004]},"properties":{"CameraID":9559,"CameraTitle":"I-5 at MP 182.6: Alderwood","ImageURL":"https://images.wsdot.wa.gov/nw/005vc18262.jpg","WSDOTSRID":"005        ","CompassDirection":"B","Latitude":47.831553999999997,"Longitude":-122.26202499999999,"CameraOwnerName":null,"CameraOwnerURL":null,"ImageWidth":335,"ImageHeight":249}},{"type":"Feature","id":9560,"geometry":{"type":"Point","coordinates":[-122.17431899999997,47.997930000000053]},"properties":{"CameraID":9560,"CameraTitle":"I-5 at MP 195.3: 15th St","ImageURL":"https://images.wsdot.wa.gov/nw/005vc19534.jpg","WSDOTSRID":"005        ","CompassDirection":"B","Latitude":47.997929999999997,"Longitude":-122.174319,"CameraOwnerName":null,"CameraOwnerURL":null,"ImageWidth":335,"ImageHeight":249}},{"type":"Feature","id":9561,"geometry":{"type":"Point","coordinates":[-122.17680299999995,48.029643000000078]},"properties":{"CameraID":9561,"CameraTitle":"I-5 at MP 197.5: 37th St NE","ImageURL":"https://images.wsdot.wa.gov/nw/005vc19754.jpg","WSDOTSRID":"005        ","CompassDirection":"B","Latitude":48.029643,"Longitude":-122.17680300000001,"CameraOwnerName":null,"CameraOwnerURL":null,"ImageWidth":335,"ImageHeight":249}},{"type":"Feature","id":9562,"geometry":{"type":"Point","coordinates":[-122.18467899999996,48.062776000000042]},"properties":{"CameraID":9562,"CameraTitle":"I-5 at MP 199.8: 72nd St NE","ImageURL":"https://images.wsdot.wa.gov/nw/005vc19988.jpg","WSDOTSRID":"005        ","CompassDirection":"B","Latitude":48.062775999999999,"Longitude":-122.184679,"CameraOwnerName":null,"CameraOwnerURL":null,"ImageWidth":335,"ImageHeight":249}},{"type":"Feature","id":9563,"geometry":{"type":"Point","coordinates":[-122.18468499999994,48.087415000000078]},"properties":{"CameraID":9563,"CameraTitle":"I-5 at MP 201.5: 101st Pl NE","ImageURL":"https://images.wsdot.wa.gov/nw/005vc20159.jpg","WSDOTSRID":"005        ","CompassDirection":"B","Latitude":48.087415,"Longitude":-122.184685,"CameraOwnerName":null,"CameraOwnerURL":null,"ImageWidth":335,"ImageHeight":249}},{"type":"Feature","id":9564,"geometry":{"type":"Point","coordinates":[-122.193108,48.176371000000074]},"properties":{"CameraID":9564,"CameraTitle":"I-5 at MP 207.7: 200th St NE","ImageURL":"https://images.wsdot.wa.gov/nw/005vc20776.jpg","WSDOTSRID":"005        ","CompassDirection":"B","Latitude":48.176371000000003,"Longitude":-122.193108,"CameraOwnerName":null,"CameraOwnerURL":null,"ImageWidth":335,"ImageHeight":249}},{"type":"Feature","id":9568,"geometry":{"type":"Point","coordinates":[-122.21579799999995,48.209979000000033]},"properties":{"CameraID":9568,"CameraTitle":"I-5 at MP 210.3: 236th St NE","ImageURL":"https://images.wsdot.wa.gov/nw/005vc21032.jpg","WSDOTSRID":"005        ","CompassDirection":"B","Latitude":48.209978999999997,"Longitude":-122.21579800000001,"CameraOwnerName":null,"CameraOwnerURL":null,"ImageWidth":335,"ImageHeight":249}},{"type":"Feature","id":9569,"geometry":{"type":"Point","coordinates":[-122.51630099999994,48.788498000000061]},"properties":{"CameraID":9569,"CameraTitle":"I-5 at MP 257.6: Bakerview, SB Offramp","ImageURL":"https://images.wsdot.wa.gov/nw/005vc25767.jpg","WSDOTSRID":"005        ","CompassDirection":"B","Latitude":48.788497999999997,"Longitude":-122.516301,"CameraOwnerName":null,"CameraOwnerURL":null,"ImageWidth":335,"ImageHeight":249}},{"type":"Feature","id":9570,"geometry":{"type":"Point","coordinates":[-122.10219099999995,47.967571000000078]},"properties":{"CameraID":9570,"CameraTitle":"SR 9 at MP 13.3: 32nd St SE","ImageURL":"https://images.wsdot.wa.gov/nw/009vc01331.jpg","WSDOTSRID":"009        ","CompassDirection":"B","Latitude":47.967571,"Longitude":-122.102191,"CameraOwnerName":null,"CameraOwnerURL":null,"ImageWidth":335,"ImageHeight":249}},{"type":"Feature","id":9571,"geometry":{"type":"Point","coordinates":[-122.11134399999997,48.072520000000054]},"properties":{"CameraID":9571,"CameraTitle":"SR 9 at MP 20.5: 84th St NE","ImageURL":"https://images.wsdot.wa.gov/nw/009vc02059.jpg","WSDOTSRID":"009        ","CompassDirection":"B","Latitude":48.072519999999997,"Longitude":-122.111344,"CameraOwnerName":null,"CameraOwnerURL":null,"ImageWidth":335,"ImageHeight":249}},{"type":"Feature","id":9573,"geometry":{"type":"Point","coordinates":[-122.06701599999997,47.383282000000065]},"properties":{"CameraID":9573,"CameraTitle":"SR 18 at MP 14.5: 206th Ave SE","ImageURL":"https://images.wsdot.wa.gov/nw/018vc01450.jpg","WSDOTSRID":"018        ","CompassDirection":"B","Latitude":47.383282000000001,"Longitude":-122.067016,"CameraOwnerName":null,"CameraOwnerURL":null,"ImageWidth":335,"ImageHeight":249}},{"type":"Feature","id":9574,"geometry":{"type":"Point","coordinates":[-122.04407499999996,47.402542000000039]},"properties":{"CameraID":9574,"CameraTitle":"SR 18 at MP 16.3: SE 221st St","ImageURL":"https://images.wsdot.wa.gov/nw/018vc01632.jpg","WSDOTSRID":"018        ","CompassDirection":"B","Latitude":47.402541999999997,"Longitude":-122.04407500000001,"CameraOwnerName":null,"CameraOwnerURL":null,"ImageWidth":335,"ImageHeight":249}},{"type":"Feature","id":9575,"geometry":{"type":"Point","coordinates":[-122.02602099999996,47.411612000000048]},"properties":{"CameraID":9575,"CameraTitle":"SR 18 at MP 17.4: 236th Ave SE","ImageURL":"https://images.wsdot.wa.gov/nw/018vc01744.jpg","WSDOTSRID":"018        ","CompassDirection":"B","Latitude":47.411611999999998,"Longitude":-122.026021,"CameraOwnerName":null,"CameraOwnerURL":null,"ImageWidth":335,"ImageHeight":249}},{"type":"Feature","id":9576,"geometry":{"type":"Point","coordinates":[-122.00196799999998,47.42060900000007]},"properties":{"CameraID":9576,"CameraTitle":"SR 18 at MP 18.7: SE 202nd St","ImageURL":"https://images.wsdot.wa.gov/nw/018vc01873.jpg","WSDOTSRID":"018        ","CompassDirection":"B","Latitude":47.420608999999999,"Longitude":-122.00196800000001,"CameraOwnerName":null,"CameraOwnerURL":null,"ImageWidth":335,"ImageHeight":249}},{"type":"Feature","id":9577,"geometry":{"type":"Point","coordinates":[-121.99273299999999,47.425068000000067]},"properties":{"CameraID":9577,"CameraTitle":"SR 18 at MP 19.2: SE 196th St","ImageURL":"https://images.wsdot.wa.gov/nw/018vc01926.jpg","WSDOTSRID":"018        ","CompassDirection":"B","Latitude":47.425068000000003,"Longitude":-121.992733,"CameraOwnerName":null,"CameraOwnerURL":null,"ImageWidth":335,"ImageHeight":249}},{"type":"Feature","id":9579,"geometry":{"type":"Point","coordinates":[-121.88388899999995,47.507560000000069]},"properties":{"CameraID":9579,"CameraTitle":"SR 18 at MP 27.8: I-90 EB Ramps","ImageURL":"https://images.wsdot.wa.gov/nw/018vc02782.jpg","WSDOTSRID":"018        ","CompassDirection":"B","Latitude":47.507559999999998,"Longitude":-121.883889,"CameraOwnerName":null,"CameraOwnerURL":null,"ImageWidth":335,"ImageHeight":249}},{"type":"Feature","id":9580,"geometry":{"type":"Point","coordinates":[-122.32973499999997,47.593540000000075]},"properties":{"CameraID":9580,"CameraTitle":"I-90 at MP 2: 3rd Ave S","ImageURL":"https://images.wsdot.wa.gov/nw/090vc00202.jpg","WSDOTSRID":"090        ","CompassDirection":"B","Latitude":47.593539999999997,"Longitude":-122.329735,"CameraOwnerName":null,"CameraOwnerURL":null,"ImageWidth":335,"ImageHeight":249}},{"type":"Feature","id":9581,"geometry":{"type":"Point","coordinates":[-122.32395799999995,47.592767000000038]},"properties":{"CameraID":9581,"CameraTitle":"I-90 at MP 2.3: Airport Way, VMS","ImageURL":"https://images.wsdot.wa.gov/nw/090vc00236.jpg","WSDOTSRID":"090        ","CompassDirection":"B","Latitude":47.592767000000002,"Longitude":-122.323958,"CameraOwnerName":null,"CameraOwnerURL":null,"ImageWidth":335,"ImageHeight":249}},{"type":"Feature","id":9582,"geometry":{"type":"Point","coordinates":[-122.32026599999995,47.593798000000049]},"properties":{"CameraID":9582,"CameraTitle":"I-90 at MP 2.5: NB I-5 to EB I-90 Ramp","ImageURL":"https://images.wsdot.wa.gov/nw/090vc00255.jpg","WSDOTSRID":"090        ","CompassDirection":"B","Latitude":47.593798,"Longitude":-122.320266,"CameraOwnerName":null,"CameraOwnerURL":null,"ImageWidth":335,"ImageHeight":249}},{"type":"Feature","id":9583,"geometry":{"type":"Point","coordinates":[-122.30867499999999,47.590095000000076]},"properties":{"CameraID":9583,"CameraTitle":"I-90 at MP 3.2: Rainier Ave S","ImageURL":"https://images.wsdot.wa.gov/nw/090vc00329.jpg","WSDOTSRID":"090        ","CompassDirection":"B","Latitude":47.590094999999998,"Longitude":-122.30867499999999,"CameraOwnerName":null,"CameraOwnerURL":null,"ImageWidth":335,"ImageHeight":249}},{"type":"Feature","id":9584,"geometry":{"type":"Point","coordinates":[-122.28850799999998,47.590044000000034]},"properties":{"CameraID":9584,"CameraTitle":"I-90 at MP 4.2: East Portal, Mt Baker Tunnel","ImageURL":"https://images.wsdot.wa.gov/nw/090vc00422.jpg","WSDOTSRID":"090        ","CompassDirection":"B","Latitude":47.590043999999999,"Longitude":-122.28850799999999,"CameraOwnerName":null,"CameraOwnerURL":null,"ImageWidth":335,"ImageHeight":249}},{"type":"Feature","id":9586,"geometry":{"type":"Point","coordinates":[-122.25466499999999,47.589243000000067]},"properties":{"CameraID":9586,"CameraTitle":"I-90 at MP 5.7: Floating Bridge, East Highrise","ImageURL":"https://images.wsdot.wa.gov/nw/090vc00579.jpg","WSDOTSRID":"090        ","CompassDirection":"B","Latitude":47.589243000000003,"Longitude":-122.254665,"CameraOwnerName":null,"CameraOwnerURL":null,"ImageWidth":335,"ImageHeight":249}},{"type":"Feature","id":9587,"geometry":{"type":"Point","coordinates":[-122.24964899999998,47.590289000000041]},"properties":{"CameraID":9587,"CameraTitle":"I-90 at MP 6: W Mercer Way","ImageURL":"https://images.wsdot.wa.gov/nw/090vc00604.jpg","WSDOTSRID":"090        ","CompassDirection":"B","Latitude":47.590288999999999,"Longitude":-122.24964900000001,"CameraOwnerName":null,"CameraOwnerURL":null,"ImageWidth":335,"ImageHeight":249}},{"type":"Feature","id":9588,"geometry":{"type":"Point","coordinates":[-122.23171799999994,47.587333000000058]},"properties":{"CameraID":9588,"CameraTitle":"I-90 at MP 7: 80th Ave SE","ImageURL":"https://images.wsdot.wa.gov/nw/090vc00701.jpg","WSDOTSRID":"090        ","CompassDirection":"B","Latitude":47.587333000000001,"Longitude":-122.231718,"CameraOwnerName":null,"CameraOwnerURL":null,"ImageWidth":335,"ImageHeight":249}},{"type":"Feature","id":9589,"geometry":{"type":"Point","coordinates":[-122.21394899999996,47.578902000000028]},"properties":{"CameraID":9589,"CameraTitle":"I-90 at MP 8: N Mercer Wy","ImageURL":"https://images.wsdot.wa.gov/nw/090vc00803.jpg","WSDOTSRID":"090        ","CompassDirection":"B","Latitude":47.578901999999999,"Longitude":-122.213949,"CameraOwnerName":null,"CameraOwnerURL":null,"ImageWidth":335,"ImageHeight":249}},{"type":"Feature","id":9590,"geometry":{"type":"Point","coordinates":[-122.20460399999996,47.577724000000046]},"properties":{"CameraID":9590,"CameraTitle":"I-90 at MP 8.4: Barnabie Pt","ImageURL":"https://images.wsdot.wa.gov/nw/090vc00848.jpg","WSDOTSRID":"090        ","CompassDirection":"B","Latitude":47.577724000000003,"Longitude":-122.204604,"CameraOwnerName":null,"CameraOwnerURL":null,"ImageWidth":335,"ImageHeight":249}},{"type":"Feature","id":9591,"geometry":{"type":"Point","coordinates":[-122.19591199999996,47.579706000000044]},"properties":{"CameraID":9591,"CameraTitle":"I-90 at MP 8.9: 108th Ave SE","ImageURL":"https://images.wsdot.wa.gov/nw/090vc00891.jpg","WSDOTSRID":"090        ","CompassDirection":"B","Latitude":47.579706000000002,"Longitude":-122.19591200000001,"CameraOwnerName":null,"CameraOwnerURL":null,"ImageWidth":335,"ImageHeight":249}},{"type":"Feature","id":9592,"geometry":{"type":"Point","coordinates":[-122.17874299999994,47.579956000000038]},"properties":{"CameraID":9592,"CameraTitle":"I-90 at MP 9.7: 118th Ave SE","ImageURL":"https://images.wsdot.wa.gov/nw/090vc00973.jpg","WSDOTSRID":"090        ","CompassDirection":"B","Latitude":47.579956000000003,"Longitude":-122.178743,"CameraOwnerName":null,"CameraOwnerURL":null,"ImageWidth":335,"ImageHeight":249}},{"type":"Feature","id":9593,"geometry":{"type":"Point","coordinates":[-122.13262899999995,47.578036000000054]},"properties":{"CameraID":9593,"CameraTitle":"I-90 at MP 11.9: 161st Ave SE","ImageURL":"https://images.wsdot.wa.gov/nw/090vc01190.jpg","WSDOTSRID":"090        ","CompassDirection":"B","Latitude":47.578035999999997,"Longitude":-122.13262899999999,"CameraOwnerName":null,"CameraOwnerURL":null,"ImageWidth":335,"ImageHeight":249}},{"type":"Feature","id":9594,"geometry":{"type":"Point","coordinates":[-121.96097999999995,47.533366000000058]},"properties":{"CameraID":9594,"CameraTitle":"I-90 at MP 21.3: 284th Ave SE","ImageURL":"https://images.wsdot.wa.gov/nw/090vc02130.jpg","WSDOTSRID":"090        ","CompassDirection":"B","Latitude":47.533366000000001,"Longitude":-121.96098000000001,"CameraOwnerName":null,"CameraOwnerURL":null,"ImageWidth":335,"ImageHeight":249}},{"type":"Feature","id":9595,"geometry":{"type":"Point","coordinates":[-122.22798899999998,47.881996000000072]},"properties":{"CameraID":9595,"CameraTitle":"SR 96 at MP 0.3: 3rd Ave SE","ImageURL":"https://images.wsdot.wa.gov/nw/096vc00030.jpg","WSDOTSRID":"096        ","CompassDirection":"B","Latitude":47.881996000000001,"Longitude":-122.22798899999999,"CameraOwnerName":null,"CameraOwnerURL":null,"ImageWidth":335,"ImageHeight":249}},{"type":"Feature","id":9596,"geometry":{"type":"Point","coordinates":[-122.21950599999997,47.880186000000037]},"properties":{"CameraID":9596,"CameraTitle":"SR 96 at MP 0.7: Dumas Rd","ImageURL":"https://images.wsdot.wa.gov/nw/096vc00073.jpg","WSDOTSRID":"096        ","CompassDirection":"B","Latitude":47.880186000000002,"Longitude":-122.219506,"CameraOwnerName":null,"CameraOwnerURL":null,"ImageWidth":335,"ImageHeight":249}},{"type":"Feature","id":9597,"geometry":{"type":"Point","coordinates":[-122.16615399999995,47.877795000000049]},"properties":{"CameraID":9597,"CameraTitle":"SR 96 at MP 3.2: Seattle Hill Rd","ImageURL":"https://images.wsdot.wa.gov/nw/096vc00327.jpg","WSDOTSRID":"096        ","CompassDirection":"B","Latitude":47.877794999999999,"Longitude":-122.16615400000001,"CameraOwnerName":null,"CameraOwnerURL":null,"ImageWidth":335,"ImageHeight":249}},{"type":"Feature","id":9598,"geometry":{"type":"Point","coordinates":[-122.29472499999997,47.393597000000057]},"properties":{"CameraID":9598,"CameraTitle":"SR 99 at MP 15.4: SR 516 Interchange","ImageURL":"https://images.wsdot.wa.gov/nw/099vc01549.jpg","WSDOTSRID":"099        ","CompassDirection":"B","Latitude":47.393597,"Longitude":-122.294725,"CameraOwnerName":null,"CameraOwnerURL":null,"ImageWidth":335,"ImageHeight":249}},{"type":"Feature","id":9599,"geometry":{"type":"Point","coordinates":[-122.28962499999994,47.463856000000078]},"properties":{"CameraID":9599,"CameraTitle":"SR 99 at MP 20.5: S 154th St","ImageURL":"https://images.wsdot.wa.gov/nw/099vc02054.jpg","WSDOTSRID":"099        ","CompassDirection":"B","Latitude":47.463856,"Longitude":-122.289625,"CameraOwnerName":null,"CameraOwnerURL":null,"ImageWidth":335,"ImageHeight":249}},{"type":"Feature","id":9600,"geometry":{"type":"Point","coordinates":[-122.30111999999997,47.508170000000064]},"properties":{"CameraID":9600,"CameraTitle":"SR 99 at MP 23.7: S 102nd St","ImageURL":"https://images.wsdot.wa.gov/nw/099vc02375.jpg","WSDOTSRID":"099        ","CompassDirection":"B","Latitude":47.50817,"Longitude":-122.30112,"CameraOwnerName":null,"CameraOwnerURL":null,"ImageWidth":335,"ImageHeight":249}},{"type":"Feature","id":9601,"geometry":{"type":"Point","coordinates":[-122.31670599999995,47.519770000000051]},"properties":{"CameraID":9601,"CameraTitle":"SR 99 at MP 24.8: Des Moines Memorial Dr","ImageURL":"https://images.wsdot.wa.gov/nw/099vc02481.jpg","WSDOTSRID":"099        ","CompassDirection":"B","Latitude":47.519770000000001,"Longitude":-122.316706,"CameraOwnerName":null,"CameraOwnerURL":null,"ImageWidth":335,"ImageHeight":249}},{"type":"Feature","id":9602,"geometry":{"type":"Point","coordinates":[-122.32483499999995,47.527034000000072]},"properties":{"CameraID":9602,"CameraTitle":"SR 99 at MP 25.4: S Cloverdale St","ImageURL":"https://images.wsdot.wa.gov/nw/099vc02545.jpg","WSDOTSRID":"099        ","CompassDirection":"B","Latitude":47.527034,"Longitude":-122.32483499999999,"CameraOwnerName":null,"CameraOwnerURL":null,"ImageWidth":335,"ImageHeight":249}},{"type":"Feature","id":9603,"geometry":{"type":"Point","coordinates":[-122.33223699999996,47.534286000000066]},"properties":{"CameraID":9603,"CameraTitle":"SR 99 at MP 26: S Holden St","ImageURL":"https://images.wsdot.wa.gov/nw/099vc02605.jpg","WSDOTSRID":"099        ","CompassDirection":"B","Latitude":47.534286000000002,"Longitude":-122.33223700000001,"CameraOwnerName":null,"CameraOwnerURL":null,"ImageWidth":335,"ImageHeight":249}},{"type":"Feature","id":9604,"geometry":{"type":"Point","coordinates":[-122.33578699999998,47.592576000000065]},"properties":{"CameraID":9604,"CameraTitle":"SR 99 at MP 30.7: S Royal Brougham St","ImageURL":"https://images.wsdot.wa.gov/nw/099vc03037.jpg","WSDOTSRID":"099        ","CompassDirection":"B","Latitude":47.592576000000001,"Longitude":-122.335787,"CameraOwnerName":null,"CameraOwnerURL":null,"ImageWidth":335,"ImageHeight":249}},{"type":"Feature","id":9605,"geometry":{"type":"Point","coordinates":[-122.27370499999995,47.873015000000066]},"properties":{"CameraID":9605,"CameraTitle":"SR 99 at MP 50.9: Lincoln Wy","ImageURL":"https://images.wsdot.wa.gov/nw/099vc05095.jpg","WSDOTSRID":"099        ","CompassDirection":"B","Latitude":47.873015000000002,"Longitude":-122.27370500000001,"CameraOwnerName":null,"CameraOwnerURL":null,"ImageWidth":335,"ImageHeight":249}},{"type":"Feature","id":9606,"geometry":{"type":"Point","coordinates":[-122.26430199999999,47.883089000000041]},"properties":{"CameraID":9606,"CameraTitle":"SR 99 at MP 51.7: Gibson Rd","ImageURL":"https://images.wsdot.wa.gov/nw/099vc05177.jpg","WSDOTSRID":"099        ","CompassDirection":"B","Latitude":47.883088999999998,"Longitude":-122.264302,"CameraOwnerName":null,"CameraOwnerURL":null,"ImageWidth":335,"ImageHeight":249}},{"type":"Feature","id":9607,"geometry":{"type":"Point","coordinates":[-122.33466699999997,47.777762000000052]},"properties":{"CameraID":9607,"CameraTitle":"SR 104 at MP 28.8: Meridian Ave","ImageURL":"https://images.wsdot.wa.gov/nw/104vc02886.jpg","WSDOTSRID":"104        ","CompassDirection":"B","Latitude":47.777762000000003,"Longitude":-122.334667,"CameraOwnerName":null,"CameraOwnerURL":null,"ImageWidth":335,"ImageHeight":249}},{"type":"Feature","id":9609,"geometry":{"type":"Point","coordinates":[-122.30912899999998,47.774371000000031]},"properties":{"CameraID":9609,"CameraTitle":"SR 104 at MP 30.1: 19th Ave NE","ImageURL":"https://images.wsdot.wa.gov/nw/104vc03014.jpg","WSDOTSRID":"104        ","CompassDirection":"B","Latitude":47.774371000000002,"Longitude":-122.309129,"CameraOwnerName":null,"CameraOwnerURL":null,"ImageWidth":335,"ImageHeight":249}},{"type":"Feature","id":9610,"geometry":{"type":"Point","coordinates":[-122.29127199999999,47.762767000000053]},"properties":{"CameraID":9610,"CameraTitle":"SR 104 at MP 31.3: 35th Ave NE","ImageURL":"https://images.wsdot.wa.gov/nw/104vc03130.jpg","WSDOTSRID":"104        ","CompassDirection":"B","Latitude":47.762766999999997,"Longitude":-122.29127200000001,"CameraOwnerName":null,"CameraOwnerURL":null,"ImageWidth":335,"ImageHeight":249}},{"type":"Feature","id":9611,"geometry":{"type":"Point","coordinates":[-122.22072599999996,47.428314000000057]},"properties":{"CameraID":9611,"CameraTitle":"SR 167 at MP 23.5: S 194th St","ImageURL":"https://images.wsdot.wa.gov/nw/167vc02352.jpg","WSDOTSRID":"167        ","CompassDirection":"B","Latitude":47.428314,"Longitude":-122.220726,"CameraOwnerName":null,"CameraOwnerURL":null,"ImageWidth":335,"ImageHeight":249}},{"type":"Feature","id":9612,"geometry":{"type":"Point","coordinates":[-122.21791399999995,47.465561000000037]},"properties":{"CameraID":9612,"CameraTitle":"SR 167 at MP 26.1: I-405 Interchange, SW Quad","ImageURL":"https://images.wsdot.wa.gov/nw/167vc02620.jpg","WSDOTSRID":"167        ","CompassDirection":"B","Latitude":47.465561000000001,"Longitude":-122.21791399999999,"CameraOwnerName":null,"CameraOwnerURL":null,"ImageWidth":335,"ImageHeight":209}},{"type":"Feature","id":9613,"geometry":{"type":"Point","coordinates":[-122.01943699999998,47.354445000000055]},"properties":{"CameraID":9613,"CameraTitle":"SR 169 at MP 10.9: SE 276th St","ImageURL":"https://images.wsdot.wa.gov/nw/169vc01095.jpg","WSDOTSRID":"169        ","CompassDirection":"B","Latitude":47.354444999999998,"Longitude":-122.019437,"CameraOwnerName":null,"CameraOwnerURL":null,"ImageWidth":335,"ImageHeight":249}},{"type":"Feature","id":9614,"geometry":{"type":"Point","coordinates":[-122.02091199999995,47.361388000000034]},"properties":{"CameraID":9614,"CameraTitle":"SR 169 at MP 11.4: SR 516 Interchange","ImageURL":"https://images.wsdot.wa.gov/nw/169vc01144.jpg","WSDOTSRID":"169        ","CompassDirection":"B","Latitude":47.361387999999998,"Longitude":-122.020912,"CameraOwnerName":null,"CameraOwnerURL":null,"ImageWidth":335,"ImageHeight":249}},{"type":"Feature","id":9615,"geometry":{"type":"Point","coordinates":[-122.03961199999998,47.386902000000077]},"properties":{"CameraID":9615,"CameraTitle":"SR 169 at MP 13.5: SE 240th St","ImageURL":"https://images.wsdot.wa.gov/nw/169vc01350.jpg","WSDOTSRID":"169        ","CompassDirection":"B","Latitude":47.386901999999999,"Longitude":-122.03961200000001,"CameraOwnerName":null,"CameraOwnerURL":null,"ImageWidth":335,"ImageHeight":249}},{"type":"Feature","id":9616,"geometry":{"type":"Point","coordinates":[-122.04593899999998,47.392247000000054]},"properties":{"CameraID":9616,"CameraTitle":"SR 169 at MP 14: Witte Rd SE","ImageURL":"https://images.wsdot.wa.gov/nw/169vc01400.jpg","WSDOTSRID":"169        ","CompassDirection":"B","Latitude":47.392246999999998,"Longitude":-122.045939,"CameraOwnerName":null,"CameraOwnerURL":null,"ImageWidth":335,"ImageHeight":249}},{"type":"Feature","id":9617,"geometry":{"type":"Point","coordinates":[-122.04389199999997,47.400933000000066]},"properties":{"CameraID":9617,"CameraTitle":"SR 169 at MP 14.6: SE 231st St","ImageURL":"https://images.wsdot.wa.gov/nw/169vc01460.jpg","WSDOTSRID":"169        ","CompassDirection":"B","Latitude":47.400933000000002,"Longitude":-122.043892,"CameraOwnerName":null,"CameraOwnerURL":null,"ImageWidth":335,"ImageHeight":249}},{"type":"Feature","id":9618,"geometry":{"type":"Point","coordinates":[-122.24393699999996,47.457264000000066]},"properties":{"CameraID":9618,"CameraTitle":"SR 181 at MP 10.9: Strander Blvd","ImageURL":"https://images.wsdot.wa.gov/nw/181vc01090.jpg","WSDOTSRID":"181        ","CompassDirection":"B","Latitude":47.457264000000002,"Longitude":-122.243937,"CameraOwnerName":null,"CameraOwnerURL":null,"ImageWidth":335,"ImageHeight":249}},{"type":"Feature","id":9619,"geometry":{"type":"Point","coordinates":[-122.24520699999999,47.46262100000007]},"properties":{"CameraID":9619,"CameraTitle":"SR 181 at MP 11.2: S 156th St","ImageURL":"https://images.wsdot.wa.gov/nw/181vc01129.jpg","WSDOTSRID":"181        ","CompassDirection":"B","Latitude":47.462620999999999,"Longitude":-122.24520699999999,"CameraOwnerName":null,"CameraOwnerURL":null,"ImageWidth":335,"ImageHeight":249}},{"type":"Feature","id":9620,"geometry":{"type":"Point","coordinates":[-122.24556399999994,47.463816000000065]},"properties":{"CameraID":9620,"CameraTitle":"SR 181 at MP 11.4: Grady Way","ImageURL":"https://images.wsdot.wa.gov/nw/181vc01142.jpg","WSDOTSRID":"181        ","CompassDirection":"B","Latitude":47.463816000000001,"Longitude":-122.245564,"CameraOwnerName":null,"CameraOwnerURL":null,"ImageWidth":335,"ImageHeight":249}},{"type":"Feature","id":9621,"geometry":{"type":"Point","coordinates":[-122.16544599999997,47.75573600000007]},"properties":{"CameraID":9621,"CameraTitle":"SR 202 at MP 0.2: NE 177th Pl","ImageURL":"https://images.wsdot.wa.gov/nw/202vc00022.jpg","WSDOTSRID":"202        ","CompassDirection":"B","Latitude":47.755735999999999,"Longitude":-122.165446,"CameraOwnerName":null,"CameraOwnerURL":null,"ImageWidth":335,"ImageHeight":249}},{"type":"Feature","id":9622,"geometry":{"type":"Point","coordinates":[-122.16533099999998,47.754511000000036]},"properties":{"CameraID":9622,"CameraTitle":"SR 202 at MP 0.3: NE 175th St","ImageURL":"https://images.wsdot.wa.gov/nw/202vc00031.jpg","WSDOTSRID":"202        ","CompassDirection":"B","Latitude":47.754511000000001,"Longitude":-122.16533099999999,"CameraOwnerName":null,"CameraOwnerURL":null,"ImageWidth":335,"ImageHeight":249}},{"type":"Feature","id":9623,"geometry":{"type":"Point","coordinates":[-122.11251899999996,48.000291000000061]},"properties":{"CameraID":9623,"CameraTitle":"SR 204 at MP 2: Lundeen Pkwy","ImageURL":"https://images.wsdot.wa.gov/nw/204vc00200.jpg","WSDOTSRID":"204        ","CompassDirection":"B","Latitude":48.000290999999997,"Longitude":-122.11251900000001,"CameraOwnerName":null,"CameraOwnerURL":null,"ImageWidth":335,"ImageHeight":249}},{"type":"Feature","id":9624,"geometry":{"type":"Point","coordinates":[-122.20439399999998,47.471496000000059]},"properties":{"CameraID":9624,"CameraTitle":"I-405 at MP 3: S 10th St","ImageURL":"https://images.wsdot.wa.gov/nw/405vc00304.jpg","WSDOTSRID":"405        ","CompassDirection":"B","Latitude":47.471496000000002,"Longitude":-122.20439399999999,"CameraOwnerName":null,"CameraOwnerURL":null,"ImageWidth":335,"ImageHeight":249}},{"type":"Feature","id":9625,"geometry":{"type":"Point","coordinates":[-122.20326699999998,47.477447000000041]},"properties":{"CameraID":9625,"CameraTitle":"I-405 at MP 3.4: S 5th St","ImageURL":"https://images.wsdot.wa.gov/nw/405vc00345.jpg","WSDOTSRID":"405        ","CompassDirection":"B","Latitude":47.477446999999998,"Longitude":-122.203267,"CameraOwnerName":null,"CameraOwnerURL":null,"ImageWidth":335,"ImageHeight":249}},{"type":"Feature","id":9626,"geometry":{"type":"Point","coordinates":[-122.20097999999996,47.479852000000051]},"properties":{"CameraID":9626,"CameraTitle":"I-405 at MP 3.6: S 3rd St","ImageURL":"https://images.wsdot.wa.gov/nw/405vc00364.jpg","WSDOTSRID":"405        ","CompassDirection":"B","Latitude":47.479852000000001,"Longitude":-122.20098,"CameraOwnerName":null,"CameraOwnerURL":null,"ImageWidth":335,"ImageHeight":249}},{"type":"Feature","id":9627,"geometry":{"type":"Point","coordinates":[-122.17463899999996,47.58131300000008]},"properties":{"CameraID":9627,"CameraTitle":"I-405 at MP 11.1: I-90 Interchange, NW Quadrant","ImageURL":"https://images.wsdot.wa.gov/nw/405vc01118.jpg","WSDOTSRID":"405        ","CompassDirection":"B","Latitude":47.581313000000002,"Longitude":-122.174639,"CameraOwnerName":null,"CameraOwnerURL":null,"ImageWidth":335,"ImageHeight":249}},{"type":"Feature","id":9628,"geometry":{"type":"Point","coordinates":[-122.17484599999995,47.581761000000029]},"properties":{"CameraID":9628,"CameraTitle":"I-405 at MP 11.2: Richards Rd","ImageURL":"https://images.wsdot.wa.gov/nw/405vc01121.jpg","WSDOTSRID":"405        ","CompassDirection":"B","Latitude":47.581761,"Longitude":-122.174846,"CameraOwnerName":null,"CameraOwnerURL":null,"ImageWidth":335,"ImageHeight":249}},{"type":"Feature","id":9629,"geometry":{"type":"Point","coordinates":[-122.18048799999997,47.592323000000079]},"properties":{"CameraID":9629,"CameraTitle":"I-405 at MP 12: SE 19th St, NB","ImageURL":"https://images.wsdot.wa.gov/nw/405vc01200.jpg","WSDOTSRID":"405        ","CompassDirection":"B","Latitude":47.592323,"Longitude":-122.180488,"CameraOwnerName":null,"CameraOwnerURL":null,"ImageWidth":335,"ImageHeight":249}},{"type":"Feature","id":9630,"geometry":{"type":"Point","coordinates":[-122.18855599999995,47.618827000000067]},"properties":{"CameraID":9630,"CameraTitle":"I-405 at MP 13.9: NE 9th St","ImageURL":"https://images.wsdot.wa.gov/nw/405vc01392.jpg","WSDOTSRID":"405        ","CompassDirection":"B","Latitude":47.618827000000003,"Longitude":-122.18855600000001,"CameraOwnerName":null,"CameraOwnerURL":null,"ImageWidth":335,"ImageHeight":249}},{"type":"Feature","id":9631,"geometry":{"type":"Point","coordinates":[-122.18855499999995,47.619677000000081]},"properties":{"CameraID":9631,"CameraTitle":"I-405 at MP 13.9: NE 10th St","ImageURL":"https://images.wsdot.wa.gov/nw/405vc01398.jpg","WSDOTSRID":"405        ","CompassDirection":"B","Latitude":47.619677000000003,"Longitude":-122.18855499999999,"CameraOwnerName":null,"CameraOwnerURL":null,"ImageWidth":335,"ImageHeight":249}},{"type":"Feature","id":9632,"geometry":{"type":"Point","coordinates":[-122.18846599999995,47.628397000000064]},"properties":{"CameraID":9632,"CameraTitle":"I-405 at MP 14.5: NE 20th St","ImageURL":"https://images.wsdot.wa.gov/nw/405vc01458.jpg","WSDOTSRID":"405        ","CompassDirection":"B","Latitude":47.628397,"Longitude":-122.18846600000001,"CameraOwnerName":null,"CameraOwnerURL":null,"ImageWidth":335,"ImageHeight":249}},{"type":"Feature","id":9633,"geometry":{"type":"Point","coordinates":[-122.18823599999996,47.629968000000076]},"properties":{"CameraID":9633,"CameraTitle":"I-405 at MP 14.6: NE 22nd St","ImageURL":"https://images.wsdot.wa.gov/nw/405vc01469.jpg","WSDOTSRID":"405        ","CompassDirection":"B","Latitude":47.629967999999998,"Longitude":-122.188236,"CameraOwnerName":null,"CameraOwnerURL":null,"ImageWidth":335,"ImageHeight":249}},{"type":"Feature","id":9634,"geometry":{"type":"Point","coordinates":[-122.17925699999995,47.70367600000003]},"properties":{"CameraID":9634,"CameraTitle":"I-405 at MP 19.8: NE 116th St, SPUI","ImageURL":"https://images.wsdot.wa.gov/nw/405vc01983.jpg","WSDOTSRID":"405        ","CompassDirection":"B","Latitude":47.703676000000002,"Longitude":-122.17925700000001,"CameraOwnerName":null,"CameraOwnerURL":null,"ImageWidth":335,"ImageHeight":249}},{"type":"Feature","id":9635,"geometry":{"type":"Point","coordinates":[-122.18513199999995,47.714984000000072]},"properties":{"CameraID":9635,"CameraTitle":"I-405 at MP 20.6: NE 128th St","ImageURL":"https://images.wsdot.wa.gov/nw/405vc02066.jpg","WSDOTSRID":"405        ","CompassDirection":"B","Latitude":47.714984000000001,"Longitude":-122.185132,"CameraOwnerName":null,"CameraOwnerURL":null,"ImageWidth":335,"ImageHeight":249}},{"type":"Feature","id":9636,"geometry":{"type":"Point","coordinates":[-122.20012799999995,47.787856000000033]},"properties":{"CameraID":9636,"CameraTitle":"I-405 at MP 25.9: 232nd St SE","ImageURL":"https://images.wsdot.wa.gov/nw/405vc02594.jpg","WSDOTSRID":"405        ","CompassDirection":"B","Latitude":47.787855999999998,"Longitude":-122.20012800000001,"CameraOwnerName":null,"CameraOwnerURL":null,"ImageWidth":335,"ImageHeight":249}},{"type":"Feature","id":9637,"geometry":{"type":"Point","coordinates":[-122.32996199999997,47.517416000000026]},"properties":{"CameraID":9637,"CameraTitle":"SR 509 at MP 28.9: S 96th St","ImageURL":"https://images.wsdot.wa.gov/nw/509vc02893.jpg","WSDOTSRID":"509        ","CompassDirection":"B","Latitude":47.517415999999997,"Longitude":-122.32996199999999,"CameraOwnerName":null,"CameraOwnerURL":null,"ImageWidth":335,"ImageHeight":249}},{"type":"Feature","id":9638,"geometry":{"type":"Point","coordinates":[-122.33446999999995,47.532516000000044]},"properties":{"CameraID":9638,"CameraTitle":"SR 509 at MP 29.5: S Cloverdale St","ImageURL":"https://images.wsdot.wa.gov/nw/509vc02956.jpg","WSDOTSRID":"509        ","CompassDirection":"B","Latitude":47.532516000000001,"Longitude":-122.33447,"CameraOwnerName":null,"CameraOwnerURL":null,"ImageWidth":335,"ImageHeight":249}},{"type":"Feature","id":9639,"geometry":{"type":"Point","coordinates":[-122.20790699999998,47.469628000000057]},"properties":{"CameraID":9639,"CameraTitle":"SR 515 at MP 6.9: I-405 Interchange SB Ramps","ImageURL":"https://images.wsdot.wa.gov/nw/515vc00697.jpg","WSDOTSRID":"515        ","CompassDirection":"B","Latitude":47.469628,"Longitude":-122.20790700000001,"CameraOwnerName":null,"CameraOwnerURL":null,"ImageWidth":335,"ImageHeight":249}},{"type":"Feature","id":9640,"geometry":{"type":"Point","coordinates":[-122.29161199999999,47.391902000000073]},"properties":{"CameraID":9640,"CameraTitle":"SR 516 at MP 1.9: I-5 Interchange","ImageURL":"https://images.wsdot.wa.gov/nw/516vc00198.jpg","WSDOTSRID":"516        ","CompassDirection":"B","Latitude":47.391902000000002,"Longitude":-122.291612,"CameraOwnerName":null,"CameraOwnerURL":null,"ImageWidth":335,"ImageHeight":209}},{"type":"Feature","id":9641,"geometry":{"type":"Point","coordinates":[-122.28651199999996,47.390667000000064]},"properties":{"CameraID":9641,"CameraTitle":"SR 516 at MP 2.2: Military Rd","ImageURL":"https://images.wsdot.wa.gov/nw/516vc00225.jpg","WSDOTSRID":"516        ","CompassDirection":"B","Latitude":47.390667000000001,"Longitude":-122.286512,"CameraOwnerName":null,"CameraOwnerURL":null,"ImageWidth":335,"ImageHeight":249}},{"type":"Feature","id":9642,"geometry":{"type":"Point","coordinates":[-122.12209399999995,47.358093000000054]},"properties":{"CameraID":9642,"CameraTitle":"SR 516 at MP 11.4: SR 18 Interchange WB Ramps","ImageURL":"https://images.wsdot.wa.gov/nw/516vc01142.jpg","WSDOTSRID":"516        ","CompassDirection":"B","Latitude":47.358092999999997,"Longitude":-122.122094,"CameraOwnerName":null,"CameraOwnerURL":null,"ImageWidth":335,"ImageHeight":249}},{"type":"Feature","id":9643,"geometry":{"type":"Point","coordinates":[-122.11721799999998,47.358135000000061]},"properties":{"CameraID":9643,"CameraTitle":"SR 516 at MP 11.6: 168th Pl SE","ImageURL":"https://images.wsdot.wa.gov/nw/516vc01164.jpg","WSDOTSRID":"516        ","CompassDirection":"B","Latitude":47.358134999999997,"Longitude":-122.11721799999999,"CameraOwnerName":null,"CameraOwnerURL":null,"ImageWidth":335,"ImageHeight":249}},{"type":"Feature","id":9644,"geometry":{"type":"Point","coordinates":[-122.10744099999999,47.358063000000072]},"properties":{"CameraID":9644,"CameraTitle":"SR 516 at MP 12.1: SE Wax Rd","ImageURL":"https://images.wsdot.wa.gov/nw/516vc01210.jpg","WSDOTSRID":"516        ","CompassDirection":"B","Latitude":47.358063000000001,"Longitude":-122.10744099999999,"CameraOwnerName":null,"CameraOwnerURL":null,"ImageWidth":335,"ImageHeight":249}},{"type":"Feature","id":9645,"geometry":{"type":"Point","coordinates":[-122.09525999999994,47.358051000000046]},"properties":{"CameraID":9645,"CameraTitle":"SR 516 at MP 12.6: 185th Ave SE","ImageURL":"https://images.wsdot.wa.gov/nw/516vc01267.jpg","WSDOTSRID":"516        ","CompassDirection":"B","Latitude":47.358051000000003,"Longitude":-122.09526,"CameraOwnerName":null,"CameraOwnerURL":null,"ImageWidth":335,"ImageHeight":249}},{"type":"Feature","id":9646,"geometry":{"type":"Point","coordinates":[-122.08592199999998,47.358069000000057]},"properties":{"CameraID":9646,"CameraTitle":"SR 516 at MP 13.1: 192nd Ave SE","ImageURL":"https://images.wsdot.wa.gov/nw/516vc01311.jpg","WSDOTSRID":"516        ","CompassDirection":"B","Latitude":47.358069,"Longitude":-122.085922,"CameraOwnerName":null,"CameraOwnerURL":null,"ImageWidth":335,"ImageHeight":249}},{"type":"Feature","id":9647,"geometry":{"type":"Point","coordinates":[-122.28056799999996,47.464499000000046]},"properties":{"CameraID":9647,"CameraTitle":"SR 518 at MP 2.9: 42nd Ave S","ImageURL":"https://images.wsdot.wa.gov/nw/518vc00297.jpg","WSDOTSRID":"518        ","CompassDirection":"B","Latitude":47.464499000000004,"Longitude":-122.280568,"CameraOwnerName":null,"CameraOwnerURL":null,"ImageWidth":335,"ImageHeight":249}},{"type":"Feature","id":9648,"geometry":{"type":"Point","coordinates":[-122.30644499999994,47.643831000000034]},"properties":{"CameraID":9648,"CameraTitle":"SR 520 at MP 0.8: 20th Ave E","ImageURL":"https://images.wsdot.wa.gov/nw/520vc00083.jpg","WSDOTSRID":"520        ","CompassDirection":"B","Latitude":47.643830999999999,"Longitude":-122.306445,"CameraOwnerName":null,"CameraOwnerURL":null,"ImageWidth":335,"ImageHeight":249}},{"type":"Feature","id":9649,"geometry":{"type":"Point","coordinates":[-122.23913999999996,47.637304000000029]},"properties":{"CameraID":9649,"CameraTitle":"SR 520 at MP 4: Evergreen Pt Rd, WB Bus","ImageURL":"https://images.wsdot.wa.gov/nw/520vc00405.jpg","WSDOTSRID":"520        ","CompassDirection":"B","Latitude":47.637304,"Longitude":-122.23914000000001,"CameraOwnerName":null,"CameraOwnerURL":null,"ImageWidth":335,"ImageHeight":249}},{"type":"Feature","id":9650,"geometry":{"type":"Point","coordinates":[-122.23893399999997,47.637256000000036]},"properties":{"CameraID":9650,"CameraTitle":"SR 520 at MP 4: Evergreen Pt Rd, WB","ImageURL":"https://images.wsdot.wa.gov/nw/520vc00406.jpg","WSDOTSRID":"520        ","CompassDirection":"B","Latitude":47.637256000000001,"Longitude":-122.238934,"CameraOwnerName":null,"CameraOwnerURL":null,"ImageWidth":335,"ImageHeight":249}},{"type":"Feature","id":9651,"geometry":{"type":"Point","coordinates":[-122.23724599999997,47.636990000000026]},"properties":{"CameraID":9651,"CameraTitle":"SR 520 at MP 4.1: Evergreen Pt Rd, EB","ImageURL":"https://images.wsdot.wa.gov/nw/520vc00414.jpg","WSDOTSRID":"520        ","CompassDirection":"B","Latitude":47.636989999999997,"Longitude":-122.237246,"CameraOwnerName":null,"CameraOwnerURL":null,"ImageWidth":335,"ImageHeight":249}},{"type":"Feature","id":9652,"geometry":{"type":"Point","coordinates":[-122.23708699999997,47.636839000000066]},"properties":{"CameraID":9652,"CameraTitle":"SR 520 at MP 4.1: Evergreen Pt Rd, EB Bus","ImageURL":"https://images.wsdot.wa.gov/nw/520vc00415.jpg","WSDOTSRID":"520        ","CompassDirection":"B","Latitude":47.636839000000002,"Longitude":-122.237087,"CameraOwnerName":null,"CameraOwnerURL":null,"ImageWidth":335,"ImageHeight":249}},{"type":"Feature","id":9653,"geometry":{"type":"Point","coordinates":[-122.23620499999998,47.636833000000081]},"properties":{"CameraID":9653,"CameraTitle":"SR 520 at MP 4.1: Evergreen Pt Rd","ImageURL":"https://images.wsdot.wa.gov/nw/520vc00419.jpg","WSDOTSRID":"520        ","CompassDirection":"B","Latitude":47.636833000000003,"Longitude":-122.236205,"CameraOwnerName":null,"CameraOwnerURL":null,"ImageWidth":335,"ImageHeight":249}},{"type":"Feature","id":9654,"geometry":{"type":"Point","coordinates":[-122.23391399999997,47.63648900000004]},"properties":{"CameraID":9654,"CameraTitle":"SR 520 at MP 4.3: 80th Ave NE","ImageURL":"https://images.wsdot.wa.gov/nw/520vc00430.jpg","WSDOTSRID":"520        ","CompassDirection":"B","Latitude":47.636488999999997,"Longitude":-122.233914,"CameraOwnerName":null,"CameraOwnerURL":null,"ImageWidth":335,"ImageHeight":249}},{"type":"Feature","id":9655,"geometry":{"type":"Point","coordinates":[-122.22838099999996,47.635860000000037]},"properties":{"CameraID":9655,"CameraTitle":"SR 520 at MP 4.5: 84th Ave NE, WB","ImageURL":"https://images.wsdot.wa.gov/nw/520vc00457.jpg","WSDOTSRID":"520        ","CompassDirection":"B","Latitude":47.635860000000001,"Longitude":-122.228381,"CameraOwnerName":null,"CameraOwnerURL":null,"ImageWidth":335,"ImageHeight":249}},{"type":"Feature","id":9656,"geometry":{"type":"Point","coordinates":[-122.22672999999998,47.636052000000063]},"properties":{"CameraID":9656,"CameraTitle":"SR 520 at MP 4.6: 84th Ave NE, EB","ImageURL":"https://images.wsdot.wa.gov/nw/520vc00465.jpg","WSDOTSRID":"520        ","CompassDirection":"B","Latitude":47.636051999999999,"Longitude":-122.22673,"CameraOwnerName":null,"CameraOwnerURL":null,"ImageWidth":335,"ImageHeight":249}},{"type":"Feature","id":9657,"geometry":{"type":"Point","coordinates":[-122.22304199999996,47.637576000000081]},"properties":{"CameraID":9657,"CameraTitle":"SR 520 at MP 4.8: 87th Ave NE","ImageURL":"https://images.wsdot.wa.gov/nw/520vc00485.jpg","WSDOTSRID":"520        ","CompassDirection":"B","Latitude":47.637576000000003,"Longitude":-122.22304200000001,"CameraOwnerName":null,"CameraOwnerURL":null,"ImageWidth":335,"ImageHeight":249}},{"type":"Feature","id":9658,"geometry":{"type":"Point","coordinates":[-122.22118699999999,47.638839000000075]},"properties":{"CameraID":9658,"CameraTitle":"SR 520 at MP 4.9: 89th Ave NE","ImageURL":"https://images.wsdot.wa.gov/nw/520vc00497.jpg","WSDOTSRID":"520        ","CompassDirection":"B","Latitude":47.638838999999997,"Longitude":-122.221187,"CameraOwnerName":null,"CameraOwnerURL":null,"ImageWidth":335,"ImageHeight":249}},{"type":"Feature","id":9659,"geometry":{"type":"Point","coordinates":[-122.21774899999997,47.640402000000051]},"properties":{"CameraID":9659,"CameraTitle":"SR 520 at MP 5.1: 92nd Ave NE, WB","ImageURL":"https://images.wsdot.wa.gov/nw/520vc00516.jpg","WSDOTSRID":"520        ","CompassDirection":"B","Latitude":47.640402000000002,"Longitude":-122.217749,"CameraOwnerName":null,"CameraOwnerURL":null,"ImageWidth":335,"ImageHeight":249}},{"type":"Feature","id":9660,"geometry":{"type":"Point","coordinates":[-122.21631499999995,47.640854000000047]},"properties":{"CameraID":9660,"CameraTitle":"SR 520 at MP 5.2: 92nd Ave NE, EB","ImageURL":"https://images.wsdot.wa.gov/nw/520vc00523.jpg","WSDOTSRID":"520        ","CompassDirection":"B","Latitude":47.640853999999997,"Longitude":-122.21631499999999,"CameraOwnerName":null,"CameraOwnerURL":null,"ImageWidth":335,"ImageHeight":249}},{"type":"Feature","id":9661,"geometry":{"type":"Point","coordinates":[-122.21613399999995,47.640910000000076]},"properties":{"CameraID":9661,"CameraTitle":"SR 520 at MP 5.2: 92nd Ave NE, Bus","ImageURL":"https://images.wsdot.wa.gov/nw/520vc00524.jpg","WSDOTSRID":"520        ","CompassDirection":"B","Latitude":47.640909999999998,"Longitude":-122.216134,"CameraOwnerName":null,"CameraOwnerURL":null,"ImageWidth":335,"ImageHeight":249}},{"type":"Feature","id":9662,"geometry":{"type":"Point","coordinates":[-122.21266299999996,47.642010000000028]},"properties":{"CameraID":9662,"CameraTitle":"SR 520 at MP 5.4: 96th Ave NE","ImageURL":"https://images.wsdot.wa.gov/nw/520vc00543.jpg","WSDOTSRID":"520        ","CompassDirection":"B","Latitude":47.642009999999999,"Longitude":-122.21266300000001,"CameraOwnerName":null,"CameraOwnerURL":null,"ImageWidth":335,"ImageHeight":249}},{"type":"Feature","id":9663,"geometry":{"type":"Point","coordinates":[-122.21053299999994,47.642676000000051]},"properties":{"CameraID":9663,"CameraTitle":"SR 520 at MP 5.5: 97th Ave NE","ImageURL":"https://images.wsdot.wa.gov/nw/520vc00554.jpg","WSDOTSRID":"520        ","CompassDirection":"B","Latitude":47.642676000000002,"Longitude":-122.210533,"CameraOwnerName":null,"CameraOwnerURL":null,"ImageWidth":335,"ImageHeight":249}},{"type":"Feature","id":9664,"geometry":{"type":"Point","coordinates":[-122.20720099999994,47.643069000000025]},"properties":{"CameraID":9664,"CameraTitle":"SR 520 at MP 5.7: 100th Ave NE","ImageURL":"https://images.wsdot.wa.gov/nw/520vc00570.jpg","WSDOTSRID":"520        ","CompassDirection":"B","Latitude":47.643068999999997,"Longitude":-122.207201,"CameraOwnerName":null,"CameraOwnerURL":null,"ImageWidth":335,"ImageHeight":249}},{"type":"Feature","id":9665,"geometry":{"type":"Point","coordinates":[-122.19747899999999,47.640413000000081]},"properties":{"CameraID":9665,"CameraTitle":"SR 520 at MP 6.2: 108th Ave NE, NB","ImageURL":"https://images.wsdot.wa.gov/nw/520vc00620.jpg","WSDOTSRID":"520        ","CompassDirection":"B","Latitude":47.640413000000002,"Longitude":-122.197479,"CameraOwnerName":null,"CameraOwnerURL":null,"ImageWidth":335,"ImageHeight":249}},{"type":"Feature","id":9666,"geometry":{"type":"Point","coordinates":[-122.19691499999999,47.640009000000077]},"properties":{"CameraID":9666,"CameraTitle":"SR 520 at MP 6.2: 108th ave NE, SB","ImageURL":"https://images.wsdot.wa.gov/nw/520vc00624.jpg","WSDOTSRID":"520        ","CompassDirection":"B","Latitude":47.640008999999999,"Longitude":-122.196915,"CameraOwnerName":null,"CameraOwnerURL":null,"ImageWidth":335,"ImageHeight":249}},{"type":"Feature","id":9667,"geometry":{"type":"Point","coordinates":[-122.18641599999995,47.631932000000063]},"properties":{"CameraID":9667,"CameraTitle":"SR 520 at MP 7: I-405 Interchange","ImageURL":"https://images.wsdot.wa.gov/nw/520vc00701.jpg","WSDOTSRID":"520        ","CompassDirection":"B","Latitude":47.631931999999999,"Longitude":-122.18641599999999,"CameraOwnerName":null,"CameraOwnerURL":null,"ImageWidth":335,"ImageHeight":249}},{"type":"Feature","id":9668,"geometry":{"type":"Point","coordinates":[-122.17296099999999,47.629967000000079]},"properties":{"CameraID":9668,"CameraTitle":"SR 520 at MP 7.6: 126th Ave NE","ImageURL":"https://images.wsdot.wa.gov/nw/520vc00767.jpg","WSDOTSRID":"520        ","CompassDirection":"B","Latitude":47.629967000000001,"Longitude":-122.172961,"CameraOwnerName":null,"CameraOwnerURL":null,"ImageWidth":335,"ImageHeight":249}},{"type":"Feature","id":9669,"geometry":{"type":"Point","coordinates":[-122.12664299999994,47.667158000000029]},"properties":{"CameraID":9669,"CameraTitle":"SR 520 at MP 11.8: W Lake Sammamish, EB Ramps","ImageURL":"https://images.wsdot.wa.gov/nw/520vc01183.jpg","WSDOTSRID":"520        ","CompassDirection":"B","Latitude":47.667158000000001,"Longitude":-122.126643,"CameraOwnerName":null,"CameraOwnerURL":null,"ImageWidth":335,"ImageHeight":249}},{"type":"Feature","id":9670,"geometry":{"type":"Point","coordinates":[-122.12644799999998,47.667288000000042]},"properties":{"CameraID":9670,"CameraTitle":"SR 520 at MP 11.8: W Lake Sammamish, WB Ramps","ImageURL":"https://images.wsdot.wa.gov/nw/520vc01184.jpg","WSDOTSRID":"520        ","CompassDirection":"W","Latitude":47.667287999999999,"Longitude":-122.126448,"CameraOwnerName":null,"CameraOwnerURL":null,"ImageWidth":335,"ImageHeight":249}},{"type":"Feature","id":9671,"geometry":{"type":"Point","coordinates":[-122.11800199999999,47.667130000000043]},"properties":{"CameraID":9671,"CameraTitle":"SR 520 at MP 12.2: Marymoor Park","ImageURL":"https://images.wsdot.wa.gov/nw/520vc01225.jpg","WSDOTSRID":"520        ","CompassDirection":"B","Latitude":47.66713,"Longitude":-122.118002,"CameraOwnerName":null,"CameraOwnerURL":null,"ImageWidth":335,"ImageHeight":249}},{"type":"Feature","id":9672,"geometry":{"type":"Point","coordinates":[-122.31779599999999,47.682570000000055]},"properties":{"CameraID":9672,"CameraTitle":"SR 522 at MP 0.3: I-5 Ramps","ImageURL":"https://images.wsdot.wa.gov/nw/522vc00034.jpg","WSDOTSRID":"522        ","CompassDirection":"B","Latitude":47.682569999999998,"Longitude":-122.317796,"CameraOwnerName":null,"CameraOwnerURL":null,"ImageWidth":335,"ImageHeight":249}},{"type":"Feature","id":9673,"geometry":{"type":"Point","coordinates":[-122.31566599999996,47.684119000000067]},"properties":{"CameraID":9673,"CameraTitle":"SR 522 at MP 0.4: Roosevelt Tunnel","ImageURL":"https://images.wsdot.wa.gov/nw/522vc00048.jpg","WSDOTSRID":"522        ","CompassDirection":"B","Latitude":47.684119000000003,"Longitude":-122.31566599999999,"CameraOwnerName":null,"CameraOwnerURL":null,"ImageWidth":335,"ImageHeight":249}},{"type":"Feature","id":9674,"geometry":{"type":"Point","coordinates":[-122.28938199999999,47.739843000000064]},"properties":{"CameraID":9674,"CameraTitle":"SR 522 at MP 4.6: NE 153rd St","ImageURL":"https://images.wsdot.wa.gov/nw/522vc00467.jpg","WSDOTSRID":"522        ","CompassDirection":"B","Latitude":47.739843,"Longitude":-122.289382,"CameraOwnerName":null,"CameraOwnerURL":null,"ImageWidth":335,"ImageHeight":249}},{"type":"Feature","id":9675,"geometry":{"type":"Point","coordinates":[-122.24346199999997,47.757397000000026]},"properties":{"CameraID":9675,"CameraTitle":"SR 522 at MP 7.5: 73rd Ave NE","ImageURL":"https://images.wsdot.wa.gov/nw/522vc00750.jpg","WSDOTSRID":"522        ","CompassDirection":"B","Latitude":47.757396999999997,"Longitude":-122.24346199999999,"CameraOwnerName":null,"CameraOwnerURL":null,"ImageWidth":335,"ImageHeight":249}},{"type":"Feature","id":9676,"geometry":{"type":"Point","coordinates":[-122.23722699999996,47.756368000000066]},"properties":{"CameraID":9676,"CameraTitle":"SR 522 at MP 7.8: 77th Ct NE","ImageURL":"https://images.wsdot.wa.gov/nw/522vc00781.jpg","WSDOTSRID":"522        ","CompassDirection":"B","Latitude":47.756368000000002,"Longitude":-122.237227,"CameraOwnerName":null,"CameraOwnerURL":null,"ImageWidth":335,"ImageHeight":249}},{"type":"Feature","id":9677,"geometry":{"type":"Point","coordinates":[-122.23005299999994,47.754447000000027]},"properties":{"CameraID":9677,"CameraTitle":"SR 522 at MP 8.1: 83rd Pl NE","ImageURL":"https://images.wsdot.wa.gov/nw/522vc00816.jpg","WSDOTSRID":"522        ","CompassDirection":"B","Latitude":47.754446999999999,"Longitude":-122.230053,"CameraOwnerName":null,"CameraOwnerURL":null,"ImageWidth":335,"ImageHeight":249}},{"type":"Feature","id":9678,"geometry":{"type":"Point","coordinates":[-122.27373999999998,47.842453000000035]},"properties":{"CameraID":9678,"CameraTitle":"SR 525 at MP 0.8: Alderwood Pkwy, NB Ramps","ImageURL":"https://images.wsdot.wa.gov/nw/525vc00087.jpg","WSDOTSRID":"525        ","CompassDirection":"B","Latitude":47.842452999999999,"Longitude":-122.27374,"CameraOwnerName":null,"CameraOwnerURL":null,"ImageWidth":335,"ImageHeight":249}},{"type":"Feature","id":9679,"geometry":{"type":"Point","coordinates":[-122.20668799999999,47.887579000000073]},"properties":{"CameraID":9679,"CameraTitle":"SR 527 at MP 9.5: 121st St SE","ImageURL":"https://images.wsdot.wa.gov/nw/527vc00950.jpg","WSDOTSRID":"527        ","CompassDirection":"B","Latitude":47.887579000000002,"Longitude":-122.206688,"CameraOwnerName":null,"CameraOwnerURL":null,"ImageWidth":335,"ImageHeight":249}},{"type":"Feature","id":9680,"geometry":{"type":"Point","coordinates":[-122.20368899999994,47.892720000000054]},"properties":{"CameraID":9680,"CameraTitle":"SR 527 at MP 9.9: 116th St SE","ImageURL":"https://images.wsdot.wa.gov/nw/527vc00990.jpg","WSDOTSRID":"527        ","CompassDirection":"B","Latitude":47.892719999999997,"Longitude":-122.203689,"CameraOwnerName":null,"CameraOwnerURL":null,"ImageWidth":335,"ImageHeight":249}},{"type":"Feature","id":9681,"geometry":{"type":"Point","coordinates":[-122.20678999999996,47.897201000000052]},"properties":{"CameraID":9681,"CameraTitle":"SR 527 at MP 10.3: 112th St SE","ImageURL":"https://images.wsdot.wa.gov/nw/527vc01039.jpg","WSDOTSRID":"527        ","CompassDirection":"B","Latitude":47.897201000000003,"Longitude":-122.20679,"CameraOwnerName":null,"CameraOwnerURL":null,"ImageWidth":335,"ImageHeight":249}},{"type":"Feature","id":9682,"geometry":{"type":"Point","coordinates":[-122.31954799999994,48.237345000000062]},"properties":{"CameraID":9682,"CameraTitle":"SR 532 at MP 6.4: 64th Ave NW","ImageURL":"https://images.wsdot.wa.gov/nw/532vc00643.jpg","WSDOTSRID":"532        ","CompassDirection":"B","Latitude":48.237344999999998,"Longitude":-122.319548,"CameraOwnerName":null,"CameraOwnerURL":null,"ImageWidth":335,"ImageHeight":249}},{"type":"Feature","id":9683,"geometry":{"type":"Point","coordinates":[-122.28199699999999,47.493717000000061]},"properties":{"CameraID":9683,"CameraTitle":"SR 599 at MP 1: Metro Bus Base","ImageURL":"https://images.wsdot.wa.gov/nw/599vc00100.jpg","WSDOTSRID":"599        ","CompassDirection":"B","Latitude":47.493716999999997,"Longitude":-122.281997,"CameraOwnerName":null,"CameraOwnerURL":null,"ImageWidth":335,"ImageHeight":249}},{"type":"Feature","id":9684,"geometry":{"type":"Point","coordinates":[-122.27832699999999,47.50800600000008]},"properties":{"CameraID":9684,"CameraTitle":"SR 900 at MP 5.9: Boeing Access Rd","ImageURL":"https://images.wsdot.wa.gov/nw/900vc00592.jpg","WSDOTSRID":"900        ","CompassDirection":"B","Latitude":47.508006000000002,"Longitude":-122.278327,"CameraOwnerName":null,"CameraOwnerURL":null,"ImageWidth":335,"ImageHeight":249}},{"type":"Feature","id":9685,"geometry":{"type":"Point","coordinates":[-122.06273399999998,47.545700000000068]},"properties":{"CameraID":9685,"CameraTitle":"SR 900 at MP 21.4: Gilman Blvd","ImageURL":"https://images.wsdot.wa.gov/nw/900vc02142.jpg","WSDOTSRID":"900        ","CompassDirection":"B","Latitude":47.545699999999997,"Longitude":-122.06273400000001,"CameraOwnerName":null,"CameraOwnerURL":null,"ImageWidth":335,"ImageHeight":249}},{"type":"Feature","id":9686,"geometry":{"type":"Point","coordinates":[-119.98657999999995,46.939914000000044]},"properties":{"CameraID":9686,"CameraTitle":"I-90 at MP 136.5: Vantage","ImageURL":"https://images.wsdot.wa.gov/nc/090vc13657.jpg","WSDOTSRID":"090        ","CompassDirection":"E","Latitude":46.939914000000002,"Longitude":-119.98658,"CameraOwnerName":null,"CameraOwnerURL":null,"ImageWidth":335,"ImageHeight":272}},{"type":"Feature","id":9687,"geometry":{"type":"Point","coordinates":[-120.19280199999997,48.47785900000008]},"properties":{"CameraID":9687,"CameraTitle":"SR 20 at MP 192.5: Winthrop - Rader Rd","ImageURL":"https://images.wsdot.wa.gov/nc/020vc19255.jpg","WSDOTSRID":"020        ","CompassDirection":"W","Latitude":48.477859000000002,"Longitude":-120.192802,"CameraOwnerName":null,"CameraOwnerURL":null,"ImageWidth":335,"ImageHeight":272}},{"type":"Feature","id":9688,"geometry":{"type":"Point","coordinates":[-122.94555599999995,48.59869400000008]},"properties":{"CameraID":9688,"CameraTitle":"WSF Orcas Ferry Holding","ImageURL":"https://images.wsdot.wa.gov/wsf/orcas/holding.jpg","WSDOTSRID":null,"StateRouteMilepost":null,"CompassDirection":"E","Latitude":48.598694000000002,"Longitude":-122.945556,"CameraOwnerName":null,"CameraOwnerURL":null,"ImageWidth":351,"ImageHeight":261}},{"type":"Feature","id":9689,"geometry":{"type":"Point","coordinates":[-122.94555599999995,48.59869400000008]},"properties":{"CameraID":9689,"CameraTitle":"WSF Orcas Ferry Booth","ImageURL":"https://images.wsdot.wa.gov/wsf/orcas/booth.jpg","WSDOTSRID":null,"StateRouteMilepost":null,"CompassDirection":"S","Latitude":48.598694000000002,"Longitude":-122.945556,"CameraOwnerName":null,"CameraOwnerURL":null,"ImageWidth":352,"ImageHeight":261}},{"type":"Feature","id":9690,"geometry":{"type":"Point","coordinates":[-122.38524699999999,47.241346000000078]},"properties":{"CameraID":9690,"CameraTitle":"I-5 at MP 136.1: Port of Tacoma I/C","ImageURL":"https://images.wsdot.wa.gov/orflow/005vc13611.jpg","WSDOTSRID":"005        ","CompassDirection":"B","Latitude":47.241346,"Longitude":-122.38524700000001,"CameraOwnerName":null,"CameraOwnerURL":null,"ImageWidth":335,"ImageHeight":249}},{"type":"Feature","id":9691,"geometry":{"type":"Point","coordinates":[-122.18670099999997,47.672222000000033]},"properties":{"CameraID":9691,"CameraTitle":"I-405 at MP 17.6: NE 75th St","ImageURL":"https://images.wsdot.wa.gov/nw/405vc01762.jpg","WSDOTSRID":"405        ","CompassDirection":"B","Latitude":47.672221999999998,"Longitude":-122.186701,"CameraOwnerName":null,"CameraOwnerURL":null,"ImageWidth":335,"ImageHeight":249}},{"type":"Feature","id":9692,"geometry":{"type":"Point","coordinates":[-122.88456499999995,48.568950000000029]},"properties":{"CameraID":9692,"CameraTitle":"WSF Lopez Ferry Approach","ImageURL":"https://images.wsdot.wa.gov/wsf/lopez/approach.jpg","WSDOTSRID":null,"StateRouteMilepost":null,"CompassDirection":"S","Latitude":48.568950000000001,"Longitude":-122.88456499999999,"CameraOwnerName":null,"CameraOwnerURL":null,"ImageWidth":352,"ImageHeight":261}},{"type":"Feature","id":9693,"geometry":{"type":"Point","coordinates":[-122.88380699999999,48.56990200000007]},"properties":{"CameraID":9693,"CameraTitle":"WSF Lopez Ferry Holding","ImageURL":"https://images.wsdot.wa.gov/wsf/lopez/holding.jpg","WSDOTSRID":null,"StateRouteMilepost":null,"CompassDirection":"N","Latitude":48.569901999999999,"Longitude":-122.883807,"CameraOwnerName":null,"CameraOwnerURL":null,"ImageWidth":352,"ImageHeight":261}},{"type":"Feature","id":9694,"geometry":{"type":"Point","coordinates":[-122.56610499999999,45.64984000000004]},"properties":{"CameraID":9694,"CameraTitle":"I-205 at MP 30.3: 39th St SB","ImageURL":"https://images.wsdot.wa.gov/sw/205vc03036.jpg","WSDOTSRID":"205        ","CompassDirection":"S","Latitude":45.649839999999998,"Longitude":-122.56610499999999,"CameraOwnerName":null,"CameraOwnerURL":null,"ImageWidth":335,"ImageHeight":249}},{"type":"Feature","id":9695,"geometry":{"type":"Point","coordinates":[-122.56620799999996,45.650119000000075]},"properties":{"CameraID":9695,"CameraTitle":"I-205 at MP 30.3: 39th St NB","ImageURL":"https://images.wsdot.wa.gov/sw/205vc03038.jpg","WSDOTSRID":"205        ","CompassDirection":"N","Latitude":45.650118999999997,"Longitude":-122.566208,"CameraOwnerName":null,"CameraOwnerURL":null,"ImageWidth":335,"ImageHeight":249}},{"type":"Feature","id":9696,"geometry":{"type":"Point","coordinates":[-122.55889199999996,45.620739000000071]},"properties":{"CameraID":9696,"CameraTitle":"I-205 at MP 28.3: Mill Plain Blvd Camera 2","ImageURL":"https://images.wsdot.wa.gov/sw/205vc02831.jpg","WSDOTSRID":"205        ","CompassDirection":"B","Latitude":45.620739,"Longitude":-122.558892,"CameraOwnerName":null,"CameraOwnerURL":null,"ImageWidth":335,"ImageHeight":249}},{"type":"Feature","id":9697,"geometry":{"type":"Point","coordinates":[-119.85335199999997,47.233443000000079]},"properties":{"CameraID":9697,"CameraTitle":"SR 28 Junction SR 281 at MP 29.77","ImageURL":"https://images.wsdot.wa.gov/nc/028vc02977.jpg","WSDOTSRID":"028        ","CompassDirection":"S","Latitude":47.233443000000001,"Longitude":-119.853352,"CameraOwnerName":null,"CameraOwnerURL":null,"ImageWidth":335,"ImageHeight":272}},{"type":"Feature","id":9698,"geometry":{"type":"Point","coordinates":[-122.55256899999995,45.682085000000029]},"properties":{"CameraID":9698,"CameraTitle":"SR 503 at MP 1: SR 500 Padden","ImageURL":"https://images.wsdot.wa.gov/sw/503vc00102.jpg","WSDOTSRID":"503        ","CompassDirection":"B","Latitude":45.682085000000001,"Longitude":-122.55256900000001,"CameraOwnerName":null,"CameraOwnerURL":null,"ImageWidth":335,"ImageHeight":249}},{"type":"Feature","id":9699,"geometry":{"type":"Point","coordinates":[-122.55280499999998,45.69342400000005]},"properties":{"CameraID":9699,"CameraTitle":"SR 503 at MP 1.8: 99th St","ImageURL":"https://images.wsdot.wa.gov/sw/503vc00180.jpg","WSDOTSRID":"503        ","CompassDirection":"B","Latitude":45.693424,"Longitude":-122.55280500000001,"CameraOwnerName":null,"CameraOwnerURL":null,"ImageWidth":335,"ImageHeight":249}},{"type":"Feature","id":9700,"geometry":{"type":"Point","coordinates":[-122.55262699999997,45.707677000000047]},"properties":{"CameraID":9700,"CameraTitle":"SR 503 at MP 2.7: 119th St","ImageURL":"https://images.wsdot.wa.gov/sw/503vc00279.jpg","WSDOTSRID":"503        ","CompassDirection":"B","Latitude":45.707676999999997,"Longitude":-122.552627,"CameraOwnerName":null,"CameraOwnerURL":null,"ImageWidth":335,"ImageHeight":249}},{"type":"Feature","id":9701,"geometry":{"type":"Point","coordinates":[-122.55230399999999,45.72977000000003]},"properties":{"CameraID":9701,"CameraTitle":"SR 503 at MP 4.3: 149th St","ImageURL":"https://images.wsdot.wa.gov/sw/503vc00431.jpg","WSDOTSRID":"503        ","CompassDirection":"B","Latitude":45.729770000000002,"Longitude":-122.55230400000001,"CameraOwnerName":null,"CameraOwnerURL":null,"ImageWidth":335,"ImageHeight":249}},{"type":"Feature","id":9702,"geometry":{"type":"Point","coordinates":[-122.55144599999994,45.735513000000026]},"properties":{"CameraID":9702,"CameraTitle":"SR 503 at MP 4.7: 154th St","ImageURL":"https://images.wsdot.wa.gov/sw/503vc00471.jpg","WSDOTSRID":"503        ","CompassDirection":"B","Latitude":45.735512999999997,"Longitude":-122.551446,"CameraOwnerName":null,"CameraOwnerURL":null,"ImageWidth":335,"ImageHeight":249}},{"type":"Feature","id":9703,"geometry":{"type":"Point","coordinates":[-122.54772199999996,45.75161200000008]},"properties":{"CameraID":9703,"CameraTitle":"SR 503 at MP 6: 179th St","ImageURL":"https://images.wsdot.wa.gov/sw/503vc00608.jpg","WSDOTSRID":"503        ","CompassDirection":"B","Latitude":45.751612000000002,"Longitude":-122.54772199999999,"CameraOwnerName":null,"CameraOwnerURL":null,"ImageWidth":335,"ImageHeight":249}},{"type":"Feature","id":9704,"geometry":{"type":"Point","coordinates":[-122.54732399999995,45.766245000000026]},"properties":{"CameraID":9704,"CameraTitle":"SR 503 at MP 7: 199th Ave","ImageURL":"https://images.wsdot.wa.gov/sw/503vc00709.jpg","WSDOTSRID":"503        ","CompassDirection":"B","Latitude":45.766244999999998,"Longitude":-122.547324,"CameraOwnerName":null,"CameraOwnerURL":null,"ImageWidth":335,"ImageHeight":249}},{"type":"Feature","id":9705,"geometry":{"type":"Point","coordinates":[-122.54732199999995,45.770303000000069]},"properties":{"CameraID":9705,"CameraTitle":"SR 503 at MP 7.3: Scotton Way","ImageURL":"https://images.wsdot.wa.gov/sw/503vc00737.jpg","WSDOTSRID":"503        ","CompassDirection":"B","Latitude":45.770302999999998,"Longitude":-122.54732199999999,"CameraOwnerName":null,"CameraOwnerURL":null,"ImageWidth":335,"ImageHeight":249}},{"type":"Feature","id":9706,"geometry":{"type":"Point","coordinates":[-122.54756199999997,45.781150000000025]},"properties":{"CameraID":9706,"CameraTitle":"SR 503 at MP 8.1: Main St","ImageURL":"https://images.wsdot.wa.gov/sw/503vc00812.jpg","WSDOTSRID":"503        ","CompassDirection":"B","Latitude":45.781149999999997,"Longitude":-122.547562,"CameraOwnerName":null,"CameraOwnerURL":null,"ImageWidth":335,"ImageHeight":249}},{"type":"Feature","id":9707,"geometry":{"type":"Point","coordinates":[-122.55260199999998,45.674789000000033]},"properties":{"CameraID":9707,"CameraTitle":"SR 500 at MP 6.4: 71st St","ImageURL":"https://images.wsdot.wa.gov/sw/500vc00648.jpg","WSDOTSRID":"500        ","CompassDirection":"B","Latitude":45.674788999999997,"Longitude":-122.55260199999999,"CameraOwnerName":null,"CameraOwnerURL":null,"ImageWidth":335,"ImageHeight":249}},{"type":"Feature","id":9708,"geometry":{"type":"Point","coordinates":[-122.48482899999999,45.587121000000081]},"properties":{"CameraID":9708,"CameraTitle":"SR 14 at MP 9.5: Quarry Rd","ImageURL":"https://images.wsdot.wa.gov/sw/014vc00952.jpg","WSDOTSRID":"014        ","CompassDirection":"B","Latitude":45.587121000000003,"Longitude":-122.484829,"CameraOwnerName":null,"CameraOwnerURL":null,"ImageWidth":335,"ImageHeight":249}},{"type":"Feature","id":9709,"geometry":{"type":"Point","coordinates":[-122.46557099999995,45.583672000000035]},"properties":{"CameraID":9709,"CameraTitle":"SR 14 at MP 10.4: 192nd East","ImageURL":"https://images.wsdot.wa.gov/sw/014vc01049.jpg","WSDOTSRID":"014        ","CompassDirection":"B","Latitude":45.583672,"Longitude":-122.465571,"CameraOwnerName":null,"CameraOwnerURL":null,"ImageWidth":335,"ImageHeight":249}},{"type":"Feature","id":9710,"geometry":{"type":"Point","coordinates":[-122.44716899999997,45.578648000000044]},"properties":{"CameraID":9710,"CameraTitle":"SR 14 at MP 11.45","ImageURL":"https://images.wsdot.wa.gov/sw/014vc01145.jpg","WSDOTSRID":"014        ","CompassDirection":"B","Latitude":45.578648000000001,"Longitude":-122.447169,"CameraOwnerName":null,"CameraOwnerURL":null,"ImageWidth":335,"ImageHeight":249}},{"type":"Feature","id":9711,"geometry":{"type":"Point","coordinates":[-122.42867599999994,45.580632000000037]},"properties":{"CameraID":9711,"CameraTitle":"SR 14 at MP 12.38","ImageURL":"https://images.wsdot.wa.gov/sw/014vc01238.jpg","WSDOTSRID":"014        ","CompassDirection":"B","Latitude":45.580632000000001,"Longitude":-122.428676,"CameraOwnerName":null,"CameraOwnerURL":null,"ImageWidth":335,"ImageHeight":249}},{"type":"Feature","id":9712,"geometry":{"type":"Point","coordinates":[-122.26606699999996,48.989047000000028]},"properties":{"CameraID":9712,"CameraTitle":"SR 9 at MP 96.8: Sumas Ave","ImageURL":"https://images.wsdot.wa.gov/nw/009vc09686.jpg","WSDOTSRID":"009        ","CompassDirection":"B","Latitude":48.989046999999999,"Longitude":-122.26606700000001,"CameraOwnerName":null,"CameraOwnerURL":null,"ImageWidth":335,"ImageHeight":249}},{"type":"Feature","id":9713,"geometry":{"type":"Point","coordinates":[-119.27760299999994,47.131736000000046]},"properties":{"CameraID":9713,"CameraTitle":"SR 171 at MP 2.9: Moses Lake","ImageURL":"https://images.wsdot.wa.gov/nc/171vc00289.jpg","WSDOTSRID":"171        ","CompassDirection":"W","Latitude":47.131735999999997,"Longitude":-119.277603,"CameraOwnerName":null,"CameraOwnerURL":null,"ImageWidth":335,"ImageHeight":272}},{"type":"Feature","id":9714,"geometry":{"type":"Point","coordinates":[-119.24419299999994,47.099430000000041]},"properties":{"CameraID":9714,"CameraTitle":"SR 17 at MP 50.8: Moses Lake at I-90","ImageURL":"https://images.wsdot.wa.gov/nc/017vc05067.jpg","WSDOTSRID":"017        ","CompassDirection":"N","Latitude":47.099429999999998,"Longitude":-119.244193,"CameraOwnerName":null,"CameraOwnerURL":null,"ImageWidth":335,"ImageHeight":272}},{"type":"Feature","id":9715,"geometry":{"type":"Point","coordinates":[-119.25676899999996,47.130840000000035]},"properties":{"CameraID":9715,"CameraTitle":"SR 17 at MP 53.2: Moses Lake at Wheeler Rd","ImageURL":"https://images.wsdot.wa.gov/nc/017vc05322.jpg","WSDOTSRID":"017        ","CompassDirection":"S","Latitude":47.130839999999999,"Longitude":-119.25676900000001,"CameraOwnerName":null,"CameraOwnerURL":null,"ImageWidth":335,"ImageHeight":272}},{"type":"Feature","id":9716,"geometry":{"type":"Point","coordinates":[-119.27767599999999,47.143404000000032]},"properties":{"CameraID":9716,"CameraTitle":"SR 17 at MP 54.7: Moses Lake at Stratford Rd","ImageURL":"https://images.wsdot.wa.gov/nc/017vc05473.jpg","WSDOTSRID":"017        ","CompassDirection":"S","Latitude":47.143403999999997,"Longitude":-119.277676,"CameraOwnerName":null,"CameraOwnerURL":null,"ImageWidth":335,"ImageHeight":272}},{"type":"Feature","id":9717,"geometry":{"type":"Point","coordinates":[-122.46385199999997,47.510459000000026]},"properties":{"CameraID":9717,"CameraTitle":"WSF Vashon Ferry Holding (South)","ImageURL":"https://images.wsdot.wa.gov/wsf/vashon/HoldingSouth.jpg","WSDOTSRID":null,"StateRouteMilepost":null,"CompassDirection":"S","Latitude":47.510458999999997,"Longitude":-122.463852,"CameraOwnerName":null,"CameraOwnerURL":null,"ImageWidth":352,"ImageHeight":261}},{"type":"Feature","id":9718,"geometry":{"type":"Point","coordinates":[-120.73949099999999,47.756511000000046]},"properties":{"CameraID":9718,"CameraTitle":"US 2 at MP 84.5: SR 207 Coles Corner looking West","ImageURL":"https://images.wsdot.wa.gov/nc/002vc08456.jpg","WSDOTSRID":"002        ","CompassDirection":"W","Latitude":47.756511000000003,"Longitude":-120.739491,"CameraOwnerName":null,"CameraOwnerURL":null,"ImageWidth":335,"ImageHeight":272}},{"type":"Feature","id":9719,"geometry":{"type":"Point","coordinates":[-120.73958699999997,47.756641000000059]},"properties":{"CameraID":9719,"CameraTitle":"US 2 at MP 84.5: SR 207 Coles Corner looking East","ImageURL":"https://images.wsdot.wa.gov/nc/002vc08457.jpg","WSDOTSRID":"002        ","CompassDirection":"E","Latitude":47.756641000000002,"Longitude":-120.739587,"CameraOwnerName":null,"CameraOwnerURL":null,"ImageWidth":335,"ImageHeight":272}},{"type":"Feature","id":9720,"geometry":{"type":"Point","coordinates":[-122.64108399999998,45.779692000000068]},"properties":{"CameraID":9720,"CameraTitle":"SR 502 at MP 3.1: NE 29th Ave","ImageURL":"https://images.wsdot.wa.gov/sw/502vc00319.jpg","WSDOTSRID":"502        ","CompassDirection":"B","Latitude":45.779691999999997,"Longitude":-122.64108400000001,"CameraOwnerName":null,"CameraOwnerURL":null,"ImageWidth":335,"ImageHeight":249}},{"type":"Feature","id":9721,"geometry":{"type":"Point","coordinates":[-122.62049499999995,45.779801000000077]},"properties":{"CameraID":9721,"CameraTitle":"SR 502 at MP 4.1: NE 50th Ave","ImageURL":"https://images.wsdot.wa.gov/sw/502vc00416.jpg","WSDOTSRID":"502        ","CompassDirection":"B","Latitude":45.779800999999999,"Longitude":-122.62049500000001,"CameraOwnerName":null,"CameraOwnerURL":null,"ImageWidth":335,"ImageHeight":249}},{"type":"Feature","id":9722,"geometry":{"type":"Point","coordinates":[-122.60018799999995,45.780143000000066]},"properties":{"CameraID":9722,"CameraTitle":"SR 502 at MP 5.1: NE 72nd Ave","ImageURL":"https://images.wsdot.wa.gov/sw/502vc00511.jpg","WSDOTSRID":"502        ","CompassDirection":"B","Latitude":45.780143000000002,"Longitude":-122.600188,"CameraOwnerName":null,"CameraOwnerURL":null,"ImageWidth":335,"ImageHeight":249}},{"type":"Feature","id":9723,"geometry":{"type":"Point","coordinates":[-122.57925199999994,45.780317000000025]},"properties":{"CameraID":9723,"CameraTitle":"SR 502 at MP 6: NE 92nd Ave","ImageURL":"https://images.wsdot.wa.gov/sw/502vc00608.jpg","WSDOTSRID":"502        ","CompassDirection":"B","Latitude":45.780316999999997,"Longitude":-122.579252,"CameraOwnerName":null,"CameraOwnerURL":null,"ImageWidth":335,"ImageHeight":249}},{"type":"Feature","id":9725,"geometry":{"type":"Point","coordinates":[-122.30435899999998,47.944755000000043]},"properties":{"CameraID":9725,"CameraTitle":"SR 525 at MP 8.1: 5th St Looking South","ImageURL":"https://images.wsdot.wa.gov/nw/525vc00819.jpg","WSDOTSRID":"525        ","CompassDirection":"S","Latitude":47.944755000000001,"Longitude":-122.30435900000001,"CameraOwnerName":null,"CameraOwnerURL":null,"ImageWidth":335,"ImageHeight":249}},{"type":"Feature","id":9728,"geometry":{"type":"Point","coordinates":[-122.30437299999994,47.944761000000028]},"properties":{"CameraID":9728,"CameraTitle":"WSF Mukilteo SR 525 at 5th St - South","ImageURL":"https://images.wsdot.wa.gov/nw/525vc00819.jpg","WSDOTSRID":"525        ","CompassDirection":"S","Latitude":47.944761,"Longitude":-122.304373,"CameraOwnerName":null,"CameraOwnerURL":null,"ImageWidth":335,"ImageHeight":249}},{"type":"Feature","id":9730,"geometry":{"type":"Point","coordinates":[-122.49293399999999,48.451377000000036]},"properties":{"CameraID":9730,"CameraTitle":"SR 20 at MP 53.2: La Conner-Whitney Rd","ImageURL":"https://images.wsdot.wa.gov/nw/020vc05323.jpg","WSDOTSRID":"020        ","CompassDirection":"B","Latitude":48.451377000000001,"Longitude":-122.49293400000001,"CameraOwnerName":null,"CameraOwnerURL":null,"ImageWidth":335,"ImageHeight":249}},{"type":"Feature","id":9731,"geometry":{"type":"Point","coordinates":[-122.41271199999994,48.450263000000064]},"properties":{"CameraID":9731,"CameraTitle":"SR 20 at MP 55.9: Higgins Airport Way","ImageURL":"https://images.wsdot.wa.gov/nw/020vc05598.jpg","WSDOTSRID":"020        ","CompassDirection":"B","Latitude":48.450263,"Longitude":-122.412712,"CameraOwnerName":null,"CameraOwnerURL":null,"ImageWidth":335,"ImageHeight":249}},{"type":"Feature","id":9732,"geometry":{"type":"Point","coordinates":[-122.24457999999998,47.353395000000035]},"properties":{"CameraID":9732,"CameraTitle":"SR 167 at MP 17.9: S 277th St, West","ImageURL":"https://images.wsdot.wa.gov/nw/167vc01791.jpg","WSDOTSRID":"167        ","CompassDirection":"B","Latitude":47.353394999999999,"Longitude":-122.24458,"CameraOwnerName":null,"CameraOwnerURL":null,"ImageWidth":335,"ImageHeight":249}},{"type":"Feature","id":9733,"geometry":{"type":"Point","coordinates":[-122.24467899999996,47.330449000000044]},"properties":{"CameraID":9733,"CameraTitle":"SR 167 at MP 16.3: 26th St NW","ImageURL":"https://images.wsdot.wa.gov/nw/167vc01633.jpg","WSDOTSRID":"167        ","CompassDirection":"B","Latitude":47.330449000000002,"Longitude":-122.244679,"CameraOwnerName":null,"CameraOwnerURL":null,"ImageWidth":335,"ImageHeight":249}},{"type":"Feature","id":9734,"geometry":{"type":"Point","coordinates":[-122.24477699999994,47.318956000000071]},"properties":{"CameraID":9734,"CameraTitle":"SR 167 at MP 15.5: 13th St NW","ImageURL":"https://images.wsdot.wa.gov/nw/167vc01553.jpg","WSDOTSRID":"167        ","CompassDirection":"B","Latitude":47.318956,"Longitude":-122.244777,"CameraOwnerName":null,"CameraOwnerURL":null,"ImageWidth":335,"ImageHeight":249}},{"type":"Feature","id":9735,"geometry":{"type":"Point","coordinates":[-122.25623099999996,47.296625000000063]},"properties":{"CameraID":9735,"CameraTitle":"SR 167 at MP 13.9: 15th St SW, East","ImageURL":"https://images.wsdot.wa.gov/nw/167vc01392.jpg","WSDOTSRID":"167        ","CompassDirection":"B","Latitude":47.296624999999999,"Longitude":-122.256231,"CameraOwnerName":null,"CameraOwnerURL":null,"ImageWidth":335,"ImageHeight":249}},{"type":"Feature","id":9736,"geometry":{"type":"Point","coordinates":[-122.25789999999995,47.291814000000045]},"properties":{"CameraID":9736,"CameraTitle":"SR 167 at MP 13.5: S 346th St","ImageURL":"https://images.wsdot.wa.gov/nw/167vc01358.jpg","WSDOTSRID":"167        ","CompassDirection":"B","Latitude":47.291814000000002,"Longitude":-122.25790000000001,"CameraOwnerName":null,"CameraOwnerURL":null,"ImageWidth":335,"ImageHeight":249}},{"type":"Feature","id":9737,"geometry":{"type":"Point","coordinates":[-122.26166299999994,47.264406000000065]},"properties":{"CameraID":9737,"CameraTitle":"SR 167 at MP 11.6: S 376th St","ImageURL":"https://images.wsdot.wa.gov/nw/167vc01165.jpg","WSDOTSRID":"167        ","CompassDirection":"B","Latitude":47.264406000000001,"Longitude":-122.261663,"CameraOwnerName":null,"CameraOwnerURL":null,"ImageWidth":335,"ImageHeight":249}},{"type":"Feature","id":9738,"geometry":{"type":"Point","coordinates":[-122.25986899999998,47.270983000000058]},"properties":{"CameraID":9738,"CameraTitle":"SR 167 at MP 12.1: Ellingson Rd, S","ImageURL":"https://images.wsdot.wa.gov/nw/167vc01213.jpg","WSDOTSRID":"167        ","CompassDirection":"B","Latitude":47.270983000000001,"Longitude":-122.25986899999999,"CameraOwnerName":null,"CameraOwnerURL":null,"ImageWidth":335,"ImageHeight":249}},{"type":"Feature","id":9739,"geometry":{"type":"Point","coordinates":[-122.25893899999994,47.27321900000004]},"properties":{"CameraID":9739,"CameraTitle":"SR 167 at MP 12.3: Ellingson Rd, NB","ImageURL":"https://images.wsdot.wa.gov/nw/167vc01230.jpg","WSDOTSRID":"167        ","CompassDirection":"B","Latitude":47.273218999999997,"Longitude":-122.258939,"CameraOwnerName":null,"CameraOwnerURL":null,"ImageWidth":335,"ImageHeight":249}},{"type":"Feature","id":9740,"geometry":{"type":"Point","coordinates":[-122.25842899999998,47.27599500000008]},"properties":{"CameraID":9740,"CameraTitle":"SR 167 at MP 12.4: Ellingson Rd, N","ImageURL":"https://images.wsdot.wa.gov/nw/167vc01249.jpg","WSDOTSRID":"167        ","CompassDirection":"B","Latitude":47.275995000000002,"Longitude":-122.25842900000001,"CameraOwnerName":null,"CameraOwnerURL":null,"ImageWidth":335,"ImageHeight":249}},{"type":"Feature","id":9741,"geometry":{"type":"Point","coordinates":[-122.51478199999997,47.303365000000042]},"properties":{"CameraID":9741,"CameraTitle":"WSF Point Defiance Holding","ImageURL":"https://images.wsdot.wa.gov/wsf/PointDefiance/PtDefHolding.jpg","WSDOTSRID":"163        ","CompassDirection":"N","Latitude":47.303364999999999,"Longitude":-122.514782,"CameraOwnerName":null,"CameraOwnerURL":null,"ImageWidth":352,"ImageHeight":261}},{"type":"Feature","id":9742,"geometry":{"type":"Point","coordinates":[-122.51475099999999,47.303650000000061]},"properties":{"CameraID":9742,"CameraTitle":"WSF Point Defiance Booth","ImageURL":"https://images.wsdot.wa.gov/wsf/PointDefiance/PtDefBooth.jpg","WSDOTSRID":"163        ","CompassDirection":"N","Latitude":47.303649999999998,"Longitude":-122.514751,"CameraOwnerName":null,"CameraOwnerURL":null,"ImageWidth":352,"ImageHeight":261}},{"type":"Feature","id":9743,"geometry":{"type":"Point","coordinates":[-122.15788199999997,47.330440000000067]},"properties":{"CameraID":9743,"CameraTitle":"SR 18 at MP 8.7: SE 304th St","ImageURL":"https://images.wsdot.wa.gov/nw/018vc00877.jpg","WSDOTSRID":"018        ","CompassDirection":"B","Latitude":47.330440000000003,"Longitude":-122.157882,"CameraOwnerName":null,"CameraOwnerURL":null,"ImageWidth":335,"ImageHeight":249}},{"type":"Feature","id":9744,"geometry":{"type":"Point","coordinates":[-122.05411299999997,47.830658000000028]},"properties":{"CameraID":9744,"CameraTitle":"SR 522 at MP 20.2: Elliott Rd","ImageURL":"https://images.wsdot.wa.gov/nw/522vc02029.jpg","WSDOTSRID":"522        ","CompassDirection":"B","Latitude":47.830658,"Longitude":-122.054113,"CameraOwnerName":null,"CameraOwnerURL":null,"ImageWidth":335,"ImageHeight":249}},{"type":"Feature","id":9745,"geometry":{"type":"Point","coordinates":[-122.03193599999997,47.829364000000055]},"properties":{"CameraID":9745,"CameraTitle":"SR 522 at MP 21.3: 149th Ave SE","ImageURL":"https://images.wsdot.wa.gov/nw/522vc02137.jpg","WSDOTSRID":"522        ","CompassDirection":"B","Latitude":47.829363999999998,"Longitude":-122.031936,"CameraOwnerName":null,"CameraOwnerURL":null,"ImageWidth":335,"ImageHeight":249}},{"type":"Feature","id":9746,"geometry":{"type":"Point","coordinates":[-122.01824199999999,47.836662000000047]},"properties":{"CameraID":9746,"CameraTitle":"SR 522 at MP 22.1: 159th Ave SE","ImageURL":"https://images.wsdot.wa.gov/nw/522vc02219.jpg","WSDOTSRID":"522        ","CompassDirection":"B","Latitude":47.836661999999997,"Longitude":-122.018242,"CameraOwnerName":null,"CameraOwnerURL":null,"ImageWidth":335,"ImageHeight":249}},{"type":"Feature","id":9747,"geometry":{"type":"Point","coordinates":[-122.00992599999995,47.847307000000058]},"properties":{"CameraID":9747,"CameraTitle":"SR 522 at MP 23: W Main St","ImageURL":"https://images.wsdot.wa.gov/nw/522vc02302.jpg","WSDOTSRID":"522        ","CompassDirection":"B","Latitude":47.847307000000001,"Longitude":-122.00992599999999,"CameraOwnerName":null,"CameraOwnerURL":null,"ImageWidth":335,"ImageHeight":249}},{"type":"Feature","id":9748,"geometry":{"type":"Point","coordinates":[-121.99521399999998,47.854685000000075]},"properties":{"CameraID":9748,"CameraTitle":"SR 522 at MP 23.8: 175th Ave SE","ImageURL":"https://images.wsdot.wa.gov/nw/522vc02387.jpg","WSDOTSRID":"522        ","CompassDirection":"B","Latitude":47.854685000000003,"Longitude":-121.995214,"CameraOwnerName":null,"CameraOwnerURL":null,"ImageWidth":335,"ImageHeight":249}},{"type":"Feature","id":9749,"geometry":{"type":"Point","coordinates":[-121.98302299999995,47.863043000000062]},"properties":{"CameraID":9749,"CameraTitle":"SR 522 at MP 24.7: US 2 Interchange","ImageURL":"https://images.wsdot.wa.gov/nw/522vc02474.jpg","WSDOTSRID":"522        ","CompassDirection":"B","Latitude":47.863042999999998,"Longitude":-121.983023,"CameraOwnerName":null,"CameraOwnerURL":null,"ImageWidth":335,"ImageHeight":249}},{"type":"Feature","id":9750,"geometry":{"type":"Point","coordinates":[-122.40490299999999,47.239468000000045]},"properties":{"CameraID":9750,"CameraTitle":"I-5 at MP 135.1: SR 167 Interchange","ImageURL":"https://images.wsdot.wa.gov/orflow/005vc13516.jpg","WSDOTSRID":"005        ","CompassDirection":"B","Latitude":47.239468000000002,"Longitude":-122.404903,"CameraOwnerName":null,"CameraOwnerURL":null,"ImageWidth":335,"ImageHeight":249}},{"type":"Feature","id":9751,"geometry":{"type":"Point","coordinates":[-119.47537999999997,46.251720000000034]},"properties":{"CameraID":9751,"CameraTitle":"I-82 at MP 96: Benton City","ImageURL":"https://images.wsdot.wa.gov/sc/082VC09600.jpg","WSDOTSRID":"082        ","CompassDirection":"B","Latitude":46.251719999999999,"Longitude":-119.47538,"CameraOwnerName":null,"CameraOwnerURL":null,"ImageWidth":320,"ImageHeight":240}},{"type":"Feature","id":9752,"geometry":{"type":"Point","coordinates":[-122.18476099999998,48.100705000000062]},"properties":{"CameraID":9752,"CameraTitle":"I-5 at MP 202.5: 117th St NE","ImageURL":"https://images.wsdot.wa.gov/nw/005vc20251.jpg","WSDOTSRID":"005        ","CompassDirection":"B","Latitude":48.100704999999998,"Longitude":-122.18476099999999,"CameraOwnerName":null,"CameraOwnerURL":null,"ImageWidth":335,"ImageHeight":249}},{"type":"Feature","id":9753,"geometry":{"type":"Point","coordinates":[-121.88375799999994,47.508310000000051]},"properties":{"CameraID":9753,"CameraTitle":"I-90 at MP 27.8: SR 18 Interchange EB Ramps","ImageURL":"https://images.wsdot.wa.gov/nw/018vc02782.jpg","WSDOTSRID":"018        ","CompassDirection":"B","Latitude":47.508310000000002,"Longitude":-121.883758,"CameraOwnerName":null,"CameraOwnerURL":null,"ImageWidth":335,"ImageHeight":249}},{"type":"Feature","id":9754,"geometry":{"type":"Point","coordinates":[-122.70282999999995,45.852592000000072]},"properties":{"CameraID":9754,"CameraTitle":"I-5 at MP 16.8: Exit 16 NB","ImageURL":"https://images.wsdot.wa.gov/sw/005vc01683.jpg","WSDOTSRID":"005        ","CompassDirection":"N","Latitude":45.852592000000001,"Longitude":-122.70283000000001,"CameraOwnerName":null,"CameraOwnerURL":null,"ImageWidth":335,"ImageHeight":249}},{"type":"Feature","id":9755,"geometry":{"type":"Point","coordinates":[-122.70276899999999,45.852455000000077]},"properties":{"CameraID":9755,"CameraTitle":"I-5 at MP 16.8: Exit 16 SB","ImageURL":"https://images.wsdot.wa.gov/sw/005vc01682.jpg","WSDOTSRID":"005        ","CompassDirection":"S","Latitude":45.852454999999999,"Longitude":-122.702769,"CameraOwnerName":null,"CameraOwnerURL":null,"ImageWidth":335,"ImageHeight":249}},{"type":"Feature","id":9757,"geometry":{"type":"Point","coordinates":[-122.22954199999998,47.586463000000037]},"properties":{"CameraID":9757,"CameraTitle":"I-90 at MP 7.1: Island Crest Way Arterial","ImageURL":"https://images.wsdot.wa.gov/nw/090vc00713.jpg","WSDOTSRID":"090        ","CompassDirection":"B","Latitude":47.586463000000002,"Longitude":-122.229542,"CameraOwnerName":null,"CameraOwnerURL":null,"ImageWidth":335,"ImageHeight":209}},{"type":"Feature","id":9758,"geometry":{"type":"Point","coordinates":[-120.60562999999996,47.567065000000071]},"properties":{"CameraID":9758,"CameraTitle":"US 2 at MP 103.7: Peshastin","ImageURL":"https://images.wsdot.wa.gov/nc/002vc10367.jpg","WSDOTSRID":"002        ","CompassDirection":"W","Latitude":47.567064999999999,"Longitude":-120.60563,"CameraOwnerName":null,"CameraOwnerURL":null,"ImageWidth":335,"ImageHeight":272}},{"type":"Feature","id":9760,"geometry":{"type":"Point","coordinates":[-122.53167399999995,45.682686000000047]},"properties":{"CameraID":9760,"CameraTitle":"SR 500 at MP 7.9: 137th Ave","ImageURL":"https://images.wsdot.wa.gov/sw/500vc00799.jpg","WSDOTSRID":"500        ","CompassDirection":"B","Latitude":45.682685999999997,"Longitude":-122.531674,"CameraOwnerName":null,"CameraOwnerURL":null,"ImageWidth":335,"ImageHeight":249}},{"type":"Feature","id":9761,"geometry":{"type":"Point","coordinates":[-122.51632999999998,45.682854000000077]},"properties":{"CameraID":9761,"CameraTitle":"SR 500 at MP 8.7: 152nd Ave","ImageURL":"https://images.wsdot.wa.gov/sw/500vc00875.jpg","WSDOTSRID":"500        ","CompassDirection":"B","Latitude":45.682853999999999,"Longitude":-122.51633,"CameraOwnerName":null,"CameraOwnerURL":null,"ImageWidth":335,"ImageHeight":249}},{"type":"Feature","id":9762,"geometry":{"type":"Point","coordinates":[-122.51161299999995,45.682841000000053]},"properties":{"CameraID":9762,"CameraTitle":"SR 500 at MP 8.9: Ward Rd","ImageURL":"https://images.wsdot.wa.gov/sw/500vc00897.jpg","WSDOTSRID":"500        ","CompassDirection":"B","Latitude":45.682841000000003,"Longitude":-122.511613,"CameraOwnerName":null,"CameraOwnerURL":null,"ImageWidth":335,"ImageHeight":249}},{"type":"Feature","id":9763,"geometry":{"type":"Point","coordinates":[-122.50630999999998,45.684852000000035]},"properties":{"CameraID":9763,"CameraTitle":"SR 500 at MP 9.2: Padden/162nd Ave","ImageURL":"https://images.wsdot.wa.gov/sw/500vc00926.jpg","WSDOTSRID":"500        ","CompassDirection":"B","Latitude":45.684851999999999,"Longitude":-122.50631,"CameraOwnerName":null,"CameraOwnerURL":null,"ImageWidth":335,"ImageHeight":249}},{"type":"Feature","id":9764,"geometry":{"type":"Point","coordinates":[-122.50575799999996,45.679368000000068]},"properties":{"CameraID":9764,"CameraTitle":"SR 500 at MP 9.6: 78th St","ImageURL":"https://images.wsdot.wa.gov/sw/500vc00964.jpg","WSDOTSRID":"500        ","CompassDirection":"B","Latitude":45.679367999999997,"Longitude":-122.505758,"CameraOwnerName":null,"CameraOwnerURL":null,"ImageWidth":335,"ImageHeight":249}},{"type":"Feature","id":9765,"geometry":{"type":"Point","coordinates":[-122.50594299999995,45.675821000000042]},"properties":{"CameraID":9765,"CameraTitle":"SR 500 at MP 9.8: 73rd St","ImageURL":"https://images.wsdot.wa.gov/sw/500vc00989.jpg","WSDOTSRID":"500        ","CompassDirection":"B","Latitude":45.675820999999999,"Longitude":-122.505943,"CameraOwnerName":null,"CameraOwnerURL":null,"ImageWidth":335,"ImageHeight":249}},{"type":"Feature","id":9766,"geometry":{"type":"Point","coordinates":[-122.50591799999995,45.672167000000059]},"properties":{"CameraID":9766,"CameraTitle":"SR 500 at MP 10.1: 162nd Ave & 4th Plain","ImageURL":"https://images.wsdot.wa.gov/sw/500vc01012.jpg","WSDOTSRID":"500        ","CompassDirection":"B","Latitude":45.672167000000002,"Longitude":-122.50591799999999,"CameraOwnerName":null,"CameraOwnerURL":null,"ImageWidth":335,"ImageHeight":249}},{"type":"Feature","id":9767,"geometry":{"type":"Point","coordinates":[-118.30905699999994,46.758461000000068]},"properties":{"CameraID":9767,"CameraTitle":"SR 26 at MP 82.9: Washtucna (1)","ImageURL":"https://images.wsdot.wa.gov/rweather/026vc08296-1.jpg","WSDOTSRID":"026        ","CompassDirection":"B","Latitude":46.758460999999997,"Longitude":-118.309057,"CameraOwnerName":null,"CameraOwnerURL":null,"ImageWidth":352,"ImageHeight":261}},{"type":"Feature","id":9768,"geometry":{"type":"Point","coordinates":[-117.65543699999995,46.809302000000059]},"properties":{"CameraID":9768,"CameraTitle":"SR 26 at MP 116.9: Dusty (1)","ImageURL":"https://images.wsdot.wa.gov/rweather/026vc11690-1.jpg","WSDOTSRID":"026        ","CompassDirection":"B","Latitude":46.809302000000002,"Longitude":-117.65543700000001,"CameraOwnerName":null,"CameraOwnerURL":null,"ImageWidth":352,"ImageHeight":261}},{"type":"Feature","id":9769,"geometry":{"type":"Point","coordinates":[-118.30905699999994,46.758461000000068]},"properties":{"CameraID":9769,"CameraTitle":"SR 26 at MP 82.9: Washtucna (2)","ImageURL":"https://images.wsdot.wa.gov/rweather/026vc08296-2.jpg","WSDOTSRID":"026        ","CompassDirection":"B","Latitude":46.758460999999997,"Longitude":-118.309057,"CameraOwnerName":null,"CameraOwnerURL":null,"ImageWidth":352,"ImageHeight":261}},{"type":"Feature","id":9770,"geometry":{"type":"Point","coordinates":[-118.30905699999994,46.758461000000068]},"properties":{"CameraID":9770,"CameraTitle":"SR 26 at MP 82.9: Washtucna (3)","ImageURL":"https://images.wsdot.wa.gov/rweather/026vc08296-3.jpg","WSDOTSRID":"026        ","CompassDirection":"B","Latitude":46.758460999999997,"Longitude":-118.309057,"CameraOwnerName":null,"CameraOwnerURL":null,"ImageWidth":352,"ImageHeight":261}},{"type":"Feature","id":9771,"geometry":{"type":"Point","coordinates":[-118.30905699999994,46.758461000000068]},"properties":{"CameraID":9771,"CameraTitle":"SR 26 at MP 82.9: Washtucna (4)","ImageURL":"https://images.wsdot.wa.gov/rweather/026vc08296-4.jpg","WSDOTSRID":"026        ","CompassDirection":"B","Latitude":46.758460999999997,"Longitude":-118.309057,"CameraOwnerName":null,"CameraOwnerURL":null,"ImageWidth":352,"ImageHeight":261}},{"type":"Feature","id":9772,"geometry":{"type":"Point","coordinates":[-118.30905699999994,46.758461000000068]},"properties":{"CameraID":9772,"CameraTitle":"SR 26 at MP 82.9: Washtucna (5)","ImageURL":"https://images.wsdot.wa.gov/rweather/026vc08296-5.jpg","WSDOTSRID":"026        ","CompassDirection":"B","Latitude":46.758460999999997,"Longitude":-118.309057,"CameraOwnerName":null,"CameraOwnerURL":null,"ImageWidth":352,"ImageHeight":261}},{"type":"Feature","id":9773,"geometry":{"type":"Point","coordinates":[-118.30905699999994,46.758461000000068]},"properties":{"CameraID":9773,"CameraTitle":"SR 26 at MP 82.9: Washtucna (6)","ImageURL":"https://images.wsdot.wa.gov/rweather/026vc08296-6.jpg","WSDOTSRID":"026        ","CompassDirection":"B","Latitude":46.758460999999997,"Longitude":-118.309057,"CameraOwnerName":null,"CameraOwnerURL":null,"ImageWidth":352,"ImageHeight":261}},{"type":"Feature","id":9774,"geometry":{"type":"Point","coordinates":[-118.30905699999994,46.758461000000068]},"properties":{"CameraID":9774,"CameraTitle":"SR 26 at MP 82.9: Washtucna (7)","ImageURL":"https://images.wsdot.wa.gov/rweather/026vc08296-7.jpg","WSDOTSRID":"026        ","CompassDirection":"B","Latitude":46.758460999999997,"Longitude":-118.309057,"CameraOwnerName":null,"CameraOwnerURL":null,"ImageWidth":352,"ImageHeight":261}},{"type":"Feature","id":9775,"geometry":{"type":"Point","coordinates":[-118.30905699999994,46.758461000000068]},"properties":{"CameraID":9775,"CameraTitle":"SR 26 at MP 82.9: Washtucna (8)","ImageURL":"https://images.wsdot.wa.gov/rweather/026vc08296-8.jpg","WSDOTSRID":"026        ","CompassDirection":"B","Latitude":46.758460999999997,"Longitude":-118.309057,"CameraOwnerName":null,"CameraOwnerURL":null,"ImageWidth":352,"ImageHeight":261}},{"type":"Feature","id":9776,"geometry":{"type":"Point","coordinates":[-117.65543699999995,46.809302000000059]},"properties":{"CameraID":9776,"CameraTitle":"SR 26 at MP 116.9: Dusty (2)","ImageURL":"https://images.wsdot.wa.gov/rweather/026vc11690-2.jpg","WSDOTSRID":"026        ","CompassDirection":"B","Latitude":46.809302000000002,"Longitude":-117.65543700000001,"CameraOwnerName":null,"CameraOwnerURL":null,"ImageWidth":352,"ImageHeight":261}},{"type":"Feature","id":9777,"geometry":{"type":"Point","coordinates":[-117.65543699999995,46.809302000000059]},"properties":{"CameraID":9777,"CameraTitle":"SR 26 at MP 116.9: Dusty (3)","ImageURL":"https://images.wsdot.wa.gov/rweather/026vc11690-3.jpg","WSDOTSRID":"026        ","CompassDirection":"B","Latitude":46.809302000000002,"Longitude":-117.65543700000001,"CameraOwnerName":null,"CameraOwnerURL":null,"ImageWidth":352,"ImageHeight":261}},{"type":"Feature","id":9778,"geometry":{"type":"Point","coordinates":[-117.65543699999995,46.809302000000059]},"properties":{"CameraID":9778,"CameraTitle":"SR 26 at MP 116.9: Dusty (4)","ImageURL":"https://images.wsdot.wa.gov/rweather/026vc11690-4.jpg","WSDOTSRID":"026        ","CompassDirection":"B","Latitude":46.809302000000002,"Longitude":-117.65543700000001,"CameraOwnerName":null,"CameraOwnerURL":null,"ImageWidth":352,"ImageHeight":261}},{"type":"Feature","id":9779,"geometry":{"type":"Point","coordinates":[-117.65543699999995,46.809302000000059]},"properties":{"CameraID":9779,"CameraTitle":"SR 26 at MP 116.9: Dusty (5)","ImageURL":"https://images.wsdot.wa.gov/rweather/026vc11690-5.jpg","WSDOTSRID":"026        ","CompassDirection":"B","Latitude":46.809302000000002,"Longitude":-117.65543700000001,"CameraOwnerName":null,"CameraOwnerURL":null,"ImageWidth":352,"ImageHeight":261}},{"type":"Feature","id":9780,"geometry":{"type":"Point","coordinates":[-117.65543699999995,46.809302000000059]},"properties":{"CameraID":9780,"CameraTitle":"SR 26 at MP 116.9: Dusty (6)","ImageURL":"https://images.wsdot.wa.gov/rweather/026vc11690-6.jpg","WSDOTSRID":"026        ","CompassDirection":"B","Latitude":46.809302000000002,"Longitude":-117.65543700000001,"CameraOwnerName":null,"CameraOwnerURL":null,"ImageWidth":352,"ImageHeight":261}},{"type":"Feature","id":9781,"geometry":{"type":"Point","coordinates":[-117.65543699999995,46.809302000000059]},"properties":{"CameraID":9781,"CameraTitle":"SR 26 at MP 116.9: Dusty (7)","ImageURL":"https://images.wsdot.wa.gov/rweather/026vc11690-7.jpg","WSDOTSRID":"026        ","CompassDirection":"B","Latitude":46.809302000000002,"Longitude":-117.65543700000001,"CameraOwnerName":null,"CameraOwnerURL":null,"ImageWidth":352,"ImageHeight":261}},{"type":"Feature","id":9782,"geometry":{"type":"Point","coordinates":[-117.65543699999995,46.809302000000059]},"properties":{"CameraID":9782,"CameraTitle":"SR 26 at MP 116.9: Dusty (8)","ImageURL":"https://images.wsdot.wa.gov/rweather/026vc11690-8.jpg","WSDOTSRID":"026        ","CompassDirection":"B","Latitude":46.809302000000002,"Longitude":-117.65543700000001,"CameraOwnerName":null,"CameraOwnerURL":null,"ImageWidth":352,"ImageHeight":261}},{"type":"Feature","id":9783,"geometry":{"type":"Point","coordinates":[-122.66894199999996,45.621855000000039]},"properties":{"CameraID":9783,"CameraTitle":"SR 14 at MP 0.17","ImageURL":"https://images.wsdot.wa.gov/sw/014vc00017.jpg","WSDOTSRID":"014        ","CompassDirection":"B","Latitude":45.621854999999996,"Longitude":-122.668942,"CameraOwnerName":null,"CameraOwnerURL":null,"ImageWidth":335,"ImageHeight":249}},{"type":"Feature","id":9784,"geometry":{"type":"Point","coordinates":[-122.65478299999995,45.618343000000039]},"properties":{"CameraID":9784,"CameraTitle":"SR 14 at MP 0.9: Columbia","ImageURL":"https://images.wsdot.wa.gov/sw/014vc00091.jpg","WSDOTSRID":"014        ","CompassDirection":"B","Latitude":45.618343000000003,"Longitude":-122.65478299999999,"CameraOwnerName":null,"CameraOwnerURL":null,"ImageWidth":335,"ImageHeight":249}},{"type":"Feature","id":9785,"geometry":{"type":"Point","coordinates":[-122.59750699999995,45.612835000000075]},"properties":{"CameraID":9785,"CameraTitle":"SR 14 at MP 3.7: 73rd Ave","ImageURL":"https://images.wsdot.wa.gov/sw/014vc00376.jpg","WSDOTSRID":"014        ","CompassDirection":"B","Latitude":45.612834999999997,"Longitude":-122.59750699999999,"CameraOwnerName":null,"CameraOwnerURL":null,"ImageWidth":335,"ImageHeight":249}},{"type":"Feature","id":9786,"geometry":{"type":"Point","coordinates":[-122.57272599999999,45.608405000000062]},"properties":{"CameraID":9786,"CameraTitle":"SR 14 at MP 5: 97th Ave","ImageURL":"https://images.wsdot.wa.gov/sw/014vc00500.jpg","WSDOTSRID":"014        ","CompassDirection":"B","Latitude":45.608404999999998,"Longitude":-122.572726,"CameraOwnerName":null,"CameraOwnerURL":null,"ImageWidth":335,"ImageHeight":249}},{"type":"Feature","id":9787,"geometry":{"type":"Point","coordinates":[-122.66921299999996,45.772208000000035]},"properties":{"CameraID":9787,"CameraTitle":"I-5 at MP 11: 209th St","ImageURL":"https://images.wsdot.wa.gov/sw/005vc01103.jpg","WSDOTSRID":"005        ","CompassDirection":"B","Latitude":45.772207999999999,"Longitude":-122.669213,"CameraOwnerName":null,"CameraOwnerURL":null,"ImageWidth":335,"ImageHeight":249}},{"type":"Feature","id":9788,"geometry":{"type":"Point","coordinates":[-122.56284599999998,45.641439000000048]},"properties":{"CameraID":9788,"CameraTitle":"I-205 at MP 29.7: Burton Rd","ImageURL":"https://images.wsdot.wa.gov/sw/205vc02976.jpg","WSDOTSRID":"205        ","CompassDirection":"B","Latitude":45.641438999999998,"Longitude":-122.56284599999999,"CameraOwnerName":null,"CameraOwnerURL":null,"ImageWidth":335,"ImageHeight":249}},{"type":"Feature","id":9789,"geometry":{"type":"Point","coordinates":[-122.55273899999997,45.690517000000057]},"properties":{"CameraID":9789,"CameraTitle":"SR 503 at MP 1.6: 95th St","ImageURL":"https://images.wsdot.wa.gov/sw/503vc00160.jpg","WSDOTSRID":"503        ","CompassDirection":"B","Latitude":45.690517,"Longitude":-122.552739,"CameraOwnerName":null,"CameraOwnerURL":null,"ImageWidth":335,"ImageHeight":249}},{"type":"Feature","id":9790,"geometry":{"type":"Point","coordinates":[-122.97836599999999,46.660614000000066]},"properties":{"CameraID":9790,"CameraTitle":"I-5 at MP 78: SR 6 Interchange","ImageURL":"https://images.wsdot.wa.gov/sw/005vc07798.jpg","WSDOTSRID":"005        ","CompassDirection":"B","Latitude":46.660614000000002,"Longitude":-122.97836599999999,"CameraOwnerName":null,"CameraOwnerURL":null,"ImageWidth":335,"ImageHeight":249}},{"type":"Feature","id":9791,"geometry":{"type":"Point","coordinates":[-122.58201399999996,48.455448000000047]},"properties":{"CameraID":9791,"CameraTitle":"SR 20 at MP 47.3: Gibralter Rd","ImageURL":"https://images.wsdot.wa.gov/nw/020vc04732.jpg","WSDOTSRID":"020        ","CompassDirection":"B","Latitude":48.455447999999997,"Longitude":-122.582014,"CameraOwnerName":null,"CameraOwnerURL":null,"ImageWidth":335,"ImageHeight":209}},{"type":"Feature","id":9792,"geometry":{"type":"Point","coordinates":[-119.50986299999994,48.415822000000048]},"properties":{"CameraID":9792,"CameraTitle":"US 97 at MP 292: Engh Rd (View South)","ImageURL":"https://images.wsdot.wa.gov/nc/097vc29232.jpg","WSDOTSRID":"097        ","CompassDirection":"S","Latitude":48.415821999999999,"Longitude":-119.509863,"CameraOwnerName":null,"CameraOwnerURL":null,"ImageWidth":335,"ImageHeight":272}},{"type":"Feature","id":9793,"geometry":{"type":"Point","coordinates":[-119.50967299999996,48.416047000000049]},"properties":{"CameraID":9793,"CameraTitle":"US 97 at MP 292: Engh Rd (View North)","ImageURL":"https://images.wsdot.wa.gov/nc/097vc29233.jpg","WSDOTSRID":"097        ","CompassDirection":"N","Latitude":48.416046999999999,"Longitude":-119.50967300000001,"CameraOwnerName":"WSDOT","CameraOwnerURL":null,"ImageWidth":335,"ImageHeight":272}},{"type":"Feature","id":9794,"geometry":{"type":"Point","coordinates":[-122.33785399999999,47.602025000000026]},"properties":{"CameraID":9794,"CameraTitle":"WSF Seattle Ferry Pier 48 Overflow Holding","ImageURL":"https://images.wsdot.wa.gov/wsf/colman/SeattleHold.jpg","WSDOTSRID":null,"StateRouteMilepost":null,"CompassDirection":"S","Latitude":47.602024999999998,"Longitude":-122.33785399999999,"CameraOwnerName":null,"CameraOwnerURL":null,"ImageWidth":352,"ImageHeight":261}},{"type":"Feature","id":9795,"geometry":{"type":"Point","coordinates":[-120.41323099999994,46.971193000000028]},"properties":{"CameraID":9795,"CameraTitle":"I-90 at MP 115.4: Kittitas","ImageURL":"https://images.wsdot.wa.gov/sc/090vc11547.jpg","WSDOTSRID":"090        ","CompassDirection":"B","Latitude":46.971193,"Longitude":-120.413231,"CameraOwnerName":null,"CameraOwnerURL":null,"ImageWidth":320,"ImageHeight":237}},{"type":"Feature","id":9796,"geometry":{"type":"Point","coordinates":[-122.62736599999999,47.091989000000069]},"properties":{"CameraID":9796,"CameraTitle":"I-5 at MP 118.8: Barksdale Ave Rail Crossing","ImageURL":"https://images.wsdot.wa.gov/orflow/005vc11883.jpg","WSDOTSRID":"005        ","CompassDirection":"N","Latitude":47.091988999999998,"Longitude":-122.62736599999999,"CameraOwnerName":null,"CameraOwnerURL":null,"ImageWidth":335,"ImageHeight":244}},{"type":"Feature","id":9797,"geometry":{"type":"Point","coordinates":[-122.49183099999999,47.154305000000079]},"properties":{"CameraID":9797,"CameraTitle":"I-5 at MP 126.6: Lakeview Maintenance","ImageURL":"https://images.wsdot.wa.gov/orflow/005vc12664.jpg","WSDOTSRID":"005        ","CompassDirection":"B","Latitude":47.154305000000001,"Longitude":-122.491831,"CameraOwnerName":null,"CameraOwnerURL":null,"ImageWidth":335,"ImageHeight":244}},{"type":"Feature","id":9798,"geometry":{"type":"Point","coordinates":[-122.58898499999998,47.103873000000078]},"properties":{"CameraID":9798,"CameraTitle":"I-5 at MP 120.8: JBLM Main Gate Rail Crossing","ImageURL":"https://images.wsdot.wa.gov/orflow/005vc00003.jpg","WSDOTSRID":"005        ","CompassDirection":"N","Latitude":47.103873,"Longitude":-122.58898499999999,"CameraOwnerName":null,"CameraOwnerURL":null,"ImageWidth":335,"ImageHeight":209}},{"type":"Feature","id":9799,"geometry":{"type":"Point","coordinates":[-122.40221599999995,47.240022000000067]},"properties":{"CameraID":9799,"CameraTitle":"I-5 at MP 135.2: Puyallup River Bridge","ImageURL":"https://images.wsdot.wa.gov/orflow/005vc13528.jpg","WSDOTSRID":"005        ","CompassDirection":"B","Latitude":47.240022000000003,"Longitude":-122.402216,"CameraOwnerName":null,"CameraOwnerURL":null,"ImageWidth":335,"ImageHeight":244}},{"type":"Feature","id":9800,"geometry":{"type":"Point","coordinates":[-122.33560199999999,47.60078100000004]},"properties":{"CameraID":9800,"CameraTitle":"SR 99 at MP 30.9: NB Tunnel, South end","ImageURL":"https://images.wsdot.wa.gov/nw/099vc03098.jpg","WSDOTSRID":"099        ","CompassDirection":"N","Latitude":47.600780999999998,"Longitude":-122.33560199999999,"CameraOwnerName":null,"CameraOwnerURL":null,"ImageWidth":335,"ImageHeight":244}},{"type":"Feature","id":9801,"geometry":{"type":"Point","coordinates":[-122.33555199999995,47.598537000000078]},"properties":{"CameraID":9801,"CameraTitle":"SR 99 at MP 30.8: SB Tunnel, South end","ImageURL":"https://images.wsdot.wa.gov/nw/099vc03082.jpg","WSDOTSRID":"099        ","CompassDirection":"S","Latitude":47.598537,"Longitude":-122.33555200000001,"CameraOwnerName":null,"CameraOwnerURL":null,"ImageWidth":335,"ImageHeight":244}},{"type":"Feature","id":9802,"geometry":{"type":"Point","coordinates":[-122.34397599999994,47.622563000000071]},"properties":{"CameraID":9802,"CameraTitle":"SR 99 at MP 32.7: North Portal","ImageURL":"https://images.wsdot.wa.gov/nw/099vc03271.jpg","WSDOTSRID":"099        ","CompassDirection":"S","Latitude":47.622563,"Longitude":-122.343976,"CameraOwnerName":null,"CameraOwnerURL":null,"ImageWidth":335,"ImageHeight":244}},{"type":"Feature","id":9803,"geometry":{"type":"Point","coordinates":[-122.34355199999999,47.626401000000044]},"properties":{"CameraID":9803,"CameraTitle":"SR 99 at MP 32.9: Valley St","ImageURL":"https://images.wsdot.wa.gov/nw/099vc03298.jpg","WSDOTSRID":"099        ","CompassDirection":"B","Latitude":47.626401000000001,"Longitude":-122.343552,"CameraOwnerName":null,"CameraOwnerURL":null,"ImageWidth":335,"ImageHeight":249}},{"type":"Feature","id":9804,"geometry":{"type":"Point","coordinates":[-122.34701999999999,47.64269100000007]},"properties":{"CameraID":9804,"CameraTitle":"SR 99 at MP 34.1: Raye St","ImageURL":"https://images.wsdot.wa.gov/nw/099vc03415.jpg","WSDOTSRID":"099        ","CompassDirection":"B","Latitude":47.642690999999999,"Longitude":-122.34702,"CameraOwnerName":null,"CameraOwnerURL":null,"ImageWidth":335,"ImageHeight":249}},{"type":"Feature","id":9806,"geometry":{"type":"Point","coordinates":[-122.42729299999996,47.234471000000042]},"properties":{"CameraID":9806,"CameraTitle":"I-5 at MP 134: E McKinley Way","ImageURL":"https://images.wsdot.wa.gov/orflow/005vc13402.jpg","WSDOTSRID":"005        ","CompassDirection":"B","Latitude":47.234470999999999,"Longitude":-122.42729300000001,"CameraOwnerName":null,"CameraOwnerURL":null,"ImageWidth":335,"ImageHeight":244}},{"type":"Feature","id":9807,"geometry":{"type":"Point","coordinates":[-122.34401699999995,47.623186000000032]},"properties":{"CameraID":9807,"CameraTitle":"SR 99 at MP 32.7: Republican St","ImageURL":"https://images.wsdot.wa.gov/nw/099vc03275.jpg","WSDOTSRID":"099        ","CompassDirection":"B","Latitude":47.623185999999997,"Longitude":-122.34401699999999,"CameraOwnerName":null,"CameraOwnerURL":null,"ImageWidth":335,"ImageHeight":249}},{"type":"Feature","id":9808,"geometry":{"type":"Point","coordinates":[-122.34698199999997,47.612056000000052]},"properties":{"CameraID":9808,"CameraTitle":"SR 99 at MP 31.8: SB Tunnel, North end","ImageURL":"https://images.wsdot.wa.gov/nw/099vc03188.jpg","WSDOTSRID":"099        ","CompassDirection":"S","Latitude":47.612056000000003,"Longitude":-122.346982,"CameraOwnerName":null,"CameraOwnerURL":null,"ImageWidth":335,"ImageHeight":244}},{"type":"Feature","id":9809,"geometry":{"type":"Point","coordinates":[-122.34564999999998,47.615875000000074]},"properties":{"CameraID":9809,"CameraTitle":"SR 99 at MP 32.2: NB Tunnel, North end","ImageURL":"https://images.wsdot.wa.gov/nw/099vc03220.jpg","WSDOTSRID":"099        ","CompassDirection":"N","Latitude":47.615875000000003,"Longitude":-122.34565000000001,"CameraOwnerName":null,"CameraOwnerURL":null,"ImageWidth":335,"ImageHeight":244}},{"type":"Feature","id":9810,"geometry":{"type":"Point","coordinates":[-122.34345499999995,47.630934000000082]},"properties":{"CameraID":9810,"CameraTitle":"SR 99 at MP 33.2: Comstock St","ImageURL":"https://images.wsdot.wa.gov/nw/099vc03329.jpg","WSDOTSRID":"099        ","CompassDirection":"B","Latitude":47.630934000000003,"Longitude":-122.34345500000001,"CameraOwnerName":null,"CameraOwnerURL":null,"ImageWidth":335,"ImageHeight":249}},{"type":"Feature","id":9811,"geometry":{"type":"Point","coordinates":[-122.33928899999995,47.579794000000049]},"properties":{"CameraID":9811,"CameraTitle":"SR 99 at MP 29.4: S Lander St","ImageURL":"https://images.wsdot.wa.gov/nw/099vc02946.jpg","WSDOTSRID":"099        ","CompassDirection":"B","Latitude":47.579794,"Longitude":-122.33928899999999,"CameraOwnerName":null,"CameraOwnerURL":null,"ImageWidth":335,"ImageHeight":244}},{"type":"Feature","id":9812,"geometry":{"type":"Point","coordinates":[-122.33924799999994,47.583157000000028]},"properties":{"CameraID":9812,"CameraTitle":"SR 99 at MP 29.6: S Walker St","ImageURL":"https://images.wsdot.wa.gov/nw/099vc02969.jpg","WSDOTSRID":"099        ","CompassDirection":"B","Latitude":47.583157,"Longitude":-122.339248,"CameraOwnerName":null,"CameraOwnerURL":null,"ImageWidth":335,"ImageHeight":244}},{"type":"Feature","id":9813,"geometry":{"type":"Point","coordinates":[-122.49686099999997,47.797035000000051]},"properties":{"CameraID":9813,"CameraTitle":"WSF Kingston SR 104 at Toll Booths","ImageURL":"https://images.wsdot.wa.gov/wsf/kingston/washington.jpg","WSDOTSRID":null,"StateRouteMilepost":null,"CompassDirection":"N","Latitude":47.797035000000001,"Longitude":-122.496861,"CameraOwnerName":null,"CameraOwnerURL":null,"ImageWidth":352,"ImageHeight":261}},{"type":"Feature","id":9814,"geometry":{"type":"Point","coordinates":[-122.67159899999996,47.548134000000061]},"properties":{"CameraID":9814,"CameraTitle":"SR 3 at MP 36.5: SR 304 Interchange","ImageURL":"https://images.wsdot.wa.gov/orflow/003vc03659.jpg","WSDOTSRID":"003        ","CompassDirection":"S","Latitude":47.548133999999997,"Longitude":-122.671599,"CameraOwnerName":null,"CameraOwnerURL":null,"ImageWidth":335,"ImageHeight":244}},{"type":"Feature","id":9815,"geometry":{"type":"Point","coordinates":[-122.67185799999999,47.558013000000074]},"properties":{"CameraID":9815,"CameraTitle":"SR 3 at MP 37.3: Loxie Eagans Blvd","ImageURL":"https://images.wsdot.wa.gov/orflow/003vc03731.jpg","WSDOTSRID":"003        ","CompassDirection":"B","Latitude":47.558013000000003,"Longitude":-122.671858,"CameraOwnerName":null,"CameraOwnerURL":null,"ImageWidth":335,"ImageHeight":244}},{"type":"Feature","id":9816,"geometry":{"type":"Point","coordinates":[-122.43267099999997,47.23325600000004]},"properties":{"CameraID":9816,"CameraTitle":"I-5 at 133.7: SB I-705 to NB I-5/SB SR 7, Ground","ImageURL":"https://images.wsdot.wa.gov/orflow/005vc13376.jpg","WSDOTSRID":"005        ","CompassDirection":"N","Latitude":47.233255999999997,"Longitude":-122.432671,"CameraOwnerName":null,"CameraOwnerURL":null,"ImageWidth":335,"ImageHeight":244}},{"type":"Feature","id":9817,"geometry":{"type":"Point","coordinates":[-122.43267099999997,47.23325600000004]},"properties":{"CameraID":9817,"CameraTitle":"I-5 at 133.7: SB I-705 to NB I-5/SB SR 7, Elevated","ImageURL":"https://images.wsdot.wa.gov/orflow/005vc13377.jpg","WSDOTSRID":"005        ","CompassDirection":"N","Latitude":47.233255999999997,"Longitude":-122.432671,"CameraOwnerName":null,"CameraOwnerURL":null,"ImageWidth":335,"ImageHeight":244}},{"type":"Feature","id":9818,"geometry":{"type":"Point","coordinates":[-122.66249999999997,48.498333000000059]},"properties":{"CameraID":9818,"CameraTitle":"Anacortes Airport Fuel Pump","ImageURL":"https://images.wsdot.wa.gov/airports/anafuel.jpg","WSDOTSRID":null,"StateRouteMilepost":null,"CompassDirection":"W","Latitude":48.498333000000002,"Longitude":-122.66249999999999,"CameraOwnerName":"WSDOT Aviation","CameraOwnerURL":"https://www.wsdot.wa.gov/aviation/WebCam/Anacortes.htm","ImageWidth":335,"ImageHeight":198}},{"type":"Feature","id":9819,"geometry":{"type":"Point","coordinates":[-122.66249999999997,48.498333000000059]},"properties":{"CameraID":9819,"CameraTitle":"Anacortes Airport Gate","ImageURL":"https://images.wsdot.wa.gov/airports/anagate.jpg","WSDOTSRID":null,"StateRouteMilepost":null,"CompassDirection":"E","Latitude":48.498333000000002,"Longitude":-122.66249999999999,"CameraOwnerName":"WSDOT Aviation","CameraOwnerURL":"https://www.wsdot.wa.gov/aviation/WebCam/Anacortes.htm","ImageWidth":335,"ImageHeight":198}},{"type":"Feature","id":9820,"geometry":{"type":"Point","coordinates":[-122.66249999999997,48.498333000000059]},"properties":{"CameraID":9820,"CameraTitle":"Anacortes Airport North","ImageURL":"https://images.wsdot.wa.gov/airports/anarunwayn.jpg","WSDOTSRID":null,"StateRouteMilepost":null,"CompassDirection":"N","Latitude":48.498333000000002,"Longitude":-122.66249999999999,"CameraOwnerName":"WSDOT Aviation","CameraOwnerURL":"https://www.wsdot.wa.gov/aviation/WebCam/Anacortes.htm","ImageWidth":335,"ImageHeight":198}},{"type":"Feature","id":9821,"geometry":{"type":"Point","coordinates":[-122.66249999999997,48.498333000000059]},"properties":{"CameraID":9821,"CameraTitle":"Anacortes Airport South","ImageURL":"https://images.wsdot.wa.gov/airports/anarunways.jpg","WSDOTSRID":null,"StateRouteMilepost":null,"CompassDirection":"S","Latitude":48.498333000000002,"Longitude":-122.66249999999999,"CameraOwnerName":"WSDOT Aviation","CameraOwnerURL":"https://www.wsdot.wa.gov/aviation/WebCam/Anacortes.htm","ImageWidth":335,"ImageHeight":198}},{"type":"Feature","id":9822,"geometry":{"type":"Point","coordinates":[-122.22638899999998,47.327500000000043]},"properties":{"CameraID":9822,"CameraTitle":"Auburn Municipal Airport West","ImageURL":"https://images.wsdot.wa.gov/airports/auburn1.jpg","WSDOTSRID":null,"StateRouteMilepost":null,"CompassDirection":"W","Latitude":47.327500000000001,"Longitude":-122.226389,"CameraOwnerName":"WSDOT Aviation","CameraOwnerURL":"https://www.wsdot.wa.gov/aviation/WebCam/Auburn.htm","ImageWidth":335,"ImageHeight":193}},{"type":"Feature","id":9823,"geometry":{"type":"Point","coordinates":[-122.22638899999998,47.327500000000043]},"properties":{"CameraID":9823,"CameraTitle":"Auburn Municipal Airport North","ImageURL":"https://images.wsdot.wa.gov/airports/auburn2.jpg","WSDOTSRID":null,"StateRouteMilepost":null,"CompassDirection":"N","Latitude":47.327500000000001,"Longitude":-122.226389,"CameraOwnerName":"WSDOT Aviation","CameraOwnerURL":"https://www.wsdot.wa.gov/aviation/WebCam/Auburn.htm","ImageWidth":335,"ImageHeight":193}},{"type":"Feature","id":9824,"geometry":{"type":"Point","coordinates":[-122.22638899999998,47.327500000000043]},"properties":{"CameraID":9824,"CameraTitle":"Auburn Municipal Airport South","ImageURL":"https://images.wsdot.wa.gov/airports/auburn3.jpg","WSDOTSRID":null,"StateRouteMilepost":null,"CompassDirection":"S","Latitude":47.327500000000001,"Longitude":-122.226389,"CameraOwnerName":"WSDOT Aviation","CameraOwnerURL":"https://www.wsdot.wa.gov/aviation/WebCam/Auburn.htm","ImageWidth":335,"ImageHeight":193}},{"type":"Feature","id":9825,"geometry":{"type":"Point","coordinates":[-122.22638899999998,47.327500000000043]},"properties":{"CameraID":9825,"CameraTitle":"Auburn Municipal Airport East","ImageURL":"https://images.wsdot.wa.gov/airports/auburn4.jpg","WSDOTSRID":null,"StateRouteMilepost":null,"CompassDirection":"E","Latitude":47.327500000000001,"Longitude":-122.226389,"CameraOwnerName":"WSDOT Aviation","CameraOwnerURL":"https://www.wsdot.wa.gov/aviation/WebCam/Auburn.htm","ImageWidth":335,"ImageHeight":193}},{"type":"Feature","id":9826,"geometry":{"type":"Point","coordinates":[-122.53749999999997,48.792500000000075]},"properties":{"CameraID":9826,"CameraTitle":"Bellingham International Airport","ImageURL":"https://images.wsdot.wa.gov/airports/bham.jpg","WSDOTSRID":null,"StateRouteMilepost":null,"CompassDirection":"N","Latitude":48.792499999999997,"Longitude":-122.53749999999999,"CameraOwnerName":"WSDOT Aviation","CameraOwnerURL":"https://www.wsdot.wa.gov/aviation/WebCam/Bellingham.htm","ImageWidth":335,"ImageHeight":234}},{"type":"Feature","id":9827,"geometry":{"type":"Point","coordinates":[-122.76472299999995,47.490000000000066]},"properties":{"CameraID":9827,"CameraTitle":"Bremerton National Airport North","ImageURL":"https://images.wsdot.wa.gov/airports/BremertonRWN.jpg","WSDOTSRID":null,"StateRouteMilepost":null,"CompassDirection":"N","Latitude":47.490000000000002,"Longitude":-122.764723,"CameraOwnerName":"WSDOT Aviation","CameraOwnerURL":"https://www.wsdot.wa.gov/aviation/WebCam/BremertonNational.htm","ImageWidth":335,"ImageHeight":209}},{"type":"Feature","id":9828,"geometry":{"type":"Point","coordinates":[-122.76472299999995,47.490000000000066]},"properties":{"CameraID":9828,"CameraTitle":"Bremerton National Airport South","ImageURL":"https://images.wsdot.wa.gov/airports/BremertonRWS.jpg","WSDOTSRID":null,"StateRouteMilepost":null,"CompassDirection":"S","Latitude":47.490000000000002,"Longitude":-122.764723,"CameraOwnerName":"WSDOT Aviation","CameraOwnerURL":"https://www.wsdot.wa.gov/aviation/WebCam/BremertonNational.htm","ImageWidth":335,"ImageHeight":209}},{"type":"Feature","id":9829,"geometry":{"type":"Point","coordinates":[-122.98249999999996,46.676944000000049]},"properties":{"CameraID":9829,"CameraTitle":"Chehalis-Centralia Airport North","ImageURL":"https://images.wsdot.wa.gov/airports/chehalis9.jpg","WSDOTSRID":null,"StateRouteMilepost":null,"CompassDirection":"N","Latitude":46.676943999999999,"Longitude":-122.9825,"CameraOwnerName":"WSDOT Aviation","CameraOwnerURL":"https://www.wsdot.wa.gov/aviation/WebCam/Chehalis.htm","ImageWidth":335,"ImageHeight":262}},{"type":"Feature","id":9830,"geometry":{"type":"Point","coordinates":[-122.98249999999996,46.676944000000049]},"properties":{"CameraID":9830,"CameraTitle":"Chehalis-Centralia Airport East","ImageURL":"https://images.wsdot.wa.gov/airports/chehalis10.jpg","WSDOTSRID":null,"StateRouteMilepost":null,"CompassDirection":"E","Latitude":46.676943999999999,"Longitude":-122.9825,"CameraOwnerName":"WSDOT Aviation","CameraOwnerURL":"https://www.wsdot.wa.gov/aviation/WebCam/Chehalis.htm","ImageWidth":335,"ImageHeight":262}},{"type":"Feature","id":9831,"geometry":{"type":"Point","coordinates":[-122.98249999999996,46.676944000000049]},"properties":{"CameraID":9831,"CameraTitle":"Chehalis-Centralia Airport South","ImageURL":"https://images.wsdot.wa.gov/airports/chehalis11.jpg","WSDOTSRID":null,"StateRouteMilepost":null,"CompassDirection":"S","Latitude":46.676943999999999,"Longitude":-122.9825,"CameraOwnerName":"WSDOT Aviation","CameraOwnerURL":"https://www.wsdot.wa.gov/aviation/WebCam/Chehalis.htm","ImageWidth":335,"ImageHeight":262}},{"type":"Feature","id":9832,"geometry":{"type":"Point","coordinates":[-122.98249999999996,46.676944000000049]},"properties":{"CameraID":9832,"CameraTitle":"Chehalis-Centralia Airport West","ImageURL":"https://images.wsdot.wa.gov/airports/chehalis12.jpg","WSDOTSRID":null,"StateRouteMilepost":null,"CompassDirection":"W","Latitude":46.676943999999999,"Longitude":-122.9825,"CameraOwnerName":"WSDOT Aviation","CameraOwnerURL":"https://www.wsdot.wa.gov/aviation/WebCam/Chehalis.htm","ImageWidth":335,"ImageHeight":262}},{"type":"Feature","id":9833,"geometry":{"type":"Point","coordinates":[-121.17253099999999,45.619115000000079]},"properties":{"CameraID":9833,"CameraTitle":"Columbia Gorge Regional Airport","ImageURL":"https://images.wsdot.wa.gov/airports/Dalles.jpg","WSDOTSRID":null,"StateRouteMilepost":null,"CompassDirection":"W","Latitude":45.619115000000001,"Longitude":-121.17253100000001,"CameraOwnerName":"WSDOT Aviation","CameraOwnerURL":"https://www.wsdot.wa.gov/aviation/WebCam/Dalles.htm","ImageWidth":335,"ImageHeight":262}},{"type":"Feature","id":9834,"geometry":{"type":"Point","coordinates":[-117.88388899999995,48.543888000000038]},"properties":{"CameraID":9834,"CameraTitle":"Colville Municipal Airport","ImageURL":"https://images.wsdot.wa.gov/airports/colville.jpg","WSDOTSRID":null,"StateRouteMilepost":null,"CompassDirection":"S","Latitude":48.543888000000003,"Longitude":-117.883889,"CameraOwnerName":"WSDOT Aviation","CameraOwnerURL":"https://www.wsdot.wa.gov/aviation/WebCam/Colville.htm","ImageWidth":335,"ImageHeight":262}},{"type":"Feature","id":9835,"geometry":{"type":"Point","coordinates":[-117.42833399999995,47.966944000000069]},"properties":{"CameraID":9835,"CameraTitle":"Deer Park Municipal Airport East","ImageURL":"https://images.wsdot.wa.gov/airports/dpeast.jpg","WSDOTSRID":null,"StateRouteMilepost":null,"CompassDirection":"E","Latitude":47.966943999999998,"Longitude":-117.42833400000001,"CameraOwnerName":"WSDOT Aviation","CameraOwnerURL":"https://www.wsdot.wa.gov/aviation/WebCam/DeerPark.htm","ImageWidth":335,"ImageHeight":199}},{"type":"Feature","id":9836,"geometry":{"type":"Point","coordinates":[-117.42833399999995,47.966944000000069]},"properties":{"CameraID":9836,"CameraTitle":"Deer Park Municipal Airport North","ImageURL":"https://images.wsdot.wa.gov/airports/dpnorth.jpg","WSDOTSRID":null,"StateRouteMilepost":null,"CompassDirection":"N","Latitude":47.966943999999998,"Longitude":-117.42833400000001,"CameraOwnerName":"WSDOT Aviation","CameraOwnerURL":"https://www.wsdot.wa.gov/aviation/WebCam/DeerPark.htm","ImageWidth":335,"ImageHeight":199}},{"type":"Feature","id":9837,"geometry":{"type":"Point","coordinates":[-117.42833399999995,47.966944000000069]},"properties":{"CameraID":9837,"CameraTitle":"Deer Park Municipal Airport Southeast","ImageURL":"https://images.wsdot.wa.gov/airports/dpse.jpg","WSDOTSRID":null,"StateRouteMilepost":null,"CompassDirection":"S","Latitude":47.966943999999998,"Longitude":-117.42833400000001,"CameraOwnerName":"WSDOT Aviation","CameraOwnerURL":"https://www.wsdot.wa.gov/aviation/WebCam/DeerPark.htm","ImageWidth":335,"ImageHeight":199}},{"type":"Feature","id":9838,"geometry":{"type":"Point","coordinates":[-117.42833399999995,47.966944000000069]},"properties":{"CameraID":9838,"CameraTitle":"Deer Park Municipal Airport West","ImageURL":"https://images.wsdot.wa.gov/airports/dpwest.jpg","WSDOTSRID":null,"StateRouteMilepost":null,"CompassDirection":"W","Latitude":47.966943999999998,"Longitude":-117.42833400000001,"CameraOwnerName":"WSDOT Aviation","CameraOwnerURL":"https://www.wsdot.wa.gov/aviation/WebCam/DeerPark.htm","ImageWidth":335,"ImageHeight":199}},{"type":"Feature","id":9839,"geometry":{"type":"Point","coordinates":[-121.18527799999998,47.254166000000055]},"properties":{"CameraID":9839,"CameraTitle":"Easton Airport","ImageURL":"https://images.wsdot.wa.gov/airports/easton.jpg","WSDOTSRID":null,"StateRouteMilepost":null,"CompassDirection":"W","Latitude":47.254165999999998,"Longitude":-121.185278,"CameraOwnerName":"WSDOT Aviation","CameraOwnerURL":"https://www.wsdot.wa.gov/aviation/WebCam/Easton.htm","ImageWidth":335,"ImageHeight":250}},{"type":"Feature","id":9840,"geometry":{"type":"Point","coordinates":[-122.80638899999997,46.47694400000006]},"properties":{"CameraID":9840,"CameraTitle":"Ed Carlson Memorial – S Lewis County\u00A0Airport East","ImageURL":"https://images.wsdot.wa.gov/airports/toledoeast.jpg","WSDOTSRID":null,"StateRouteMilepost":null,"CompassDirection":"E","Latitude":46.476944000000003,"Longitude":-122.806389,"CameraOwnerName":"WSDOT Aviation","CameraOwnerURL":"https://www.wsdot.wa.gov/aviation/WebCam/EdCarlsonMemorial.htm","ImageWidth":335,"ImageHeight":262}},{"type":"Feature","id":9841,"geometry":{"type":"Point","coordinates":[-122.80638899999997,46.47694400000006]},"properties":{"CameraID":9841,"CameraTitle":"Ed Carlson Memorial – S Lewis County\u00A0Airport North","ImageURL":"https://images.wsdot.wa.gov/airports/toledonorth.jpg","WSDOTSRID":null,"StateRouteMilepost":null,"CompassDirection":"N","Latitude":46.476944000000003,"Longitude":-122.806389,"CameraOwnerName":"WSDOT Aviation","CameraOwnerURL":"https://www.wsdot.wa.gov/aviation/WebCam/EdCarlsonMemorial.htm","ImageWidth":335,"ImageHeight":262}},{"type":"Feature","id":9842,"geometry":{"type":"Point","coordinates":[-122.80638899999997,46.47694400000006]},"properties":{"CameraID":9842,"CameraTitle":"Ed Carlson Memorial – S Lewis County\u00A0Airport South","ImageURL":"https://images.wsdot.wa.gov/airports/toledosouth.jpg","WSDOTSRID":null,"StateRouteMilepost":null,"CompassDirection":"S","Latitude":46.476944000000003,"Longitude":-122.806389,"CameraOwnerName":"WSDOT Aviation","CameraOwnerURL":"https://www.wsdot.wa.gov/aviation/WebCam/EdCarlsonMemorial.htm","ImageWidth":335,"ImageHeight":262}},{"type":"Feature","id":9843,"geometry":{"type":"Point","coordinates":[-122.80638899999997,46.47694400000006]},"properties":{"CameraID":9843,"CameraTitle":"Ed Carlson Memorial – S Lewis County\u00A0Airport West","ImageURL":"https://images.wsdot.wa.gov/airports/toledowest.jpg","WSDOTSRID":null,"StateRouteMilepost":null,"CompassDirection":"W","Latitude":46.476944000000003,"Longitude":-122.806389,"CameraOwnerName":"WSDOT Aviation","CameraOwnerURL":"https://www.wsdot.wa.gov/aviation/WebCam/EdCarlsonMemorial.htm","ImageWidth":335,"ImageHeight":262}},{"type":"Feature","id":9844,"geometry":{"type":"Point","coordinates":[-118.65638899999999,48.718055000000049]},"properties":{"CameraID":9844,"CameraTitle":"Ferry County Airport","ImageURL":"https://images.wsdot.wa.gov/airports/ferry.jpg","WSDOTSRID":null,"StateRouteMilepost":null,"CompassDirection":"N","Latitude":48.718055,"Longitude":-118.656389,"CameraOwnerName":"WSDOT Aviation","CameraOwnerURL":"https://www.wsdot.wa.gov/aviation/WebCam/FerryCo.htm","ImageWidth":335,"ImageHeight":199}},{"type":"Feature","id":9845,"geometry":{"type":"Point","coordinates":[-123.02416699999998,48.521944000000076]},"properties":{"CameraID":9845,"CameraTitle":"Friday Harbor Airport Southeast","ImageURL":"https://images.wsdot.wa.gov/airports/friday1.jpg","WSDOTSRID":null,"StateRouteMilepost":null,"CompassDirection":"S","Latitude":48.521943999999998,"Longitude":-123.02416700000001,"CameraOwnerName":"WSDOT Aviation","CameraOwnerURL":"https://www.wsdot.wa.gov/aviation/WebCam/FridayHarbor.htm","ImageWidth":335,"ImageHeight":262}},{"type":"Feature","id":9846,"geometry":{"type":"Point","coordinates":[-123.02416699999998,48.521944000000076]},"properties":{"CameraID":9846,"CameraTitle":"Friday Harbor Airport South","ImageURL":"https://images.wsdot.wa.gov/airports/friday2.jpg","WSDOTSRID":null,"StateRouteMilepost":null,"CompassDirection":"S","Latitude":48.521943999999998,"Longitude":-123.02416700000001,"CameraOwnerName":"WSDOT Aviation","CameraOwnerURL":"https://www.wsdot.wa.gov/aviation/WebCam/FridayHarbor.htm","ImageWidth":335,"ImageHeight":262}},{"type":"Feature","id":9847,"geometry":{"type":"Point","coordinates":[-123.02416699999998,48.521944000000076]},"properties":{"CameraID":9847,"CameraTitle":"Friday Harbor Airport East","ImageURL":"https://images.wsdot.wa.gov/airports/friday3.jpg","WSDOTSRID":null,"StateRouteMilepost":null,"CompassDirection":"E","Latitude":48.521943999999998,"Longitude":-123.02416700000001,"CameraOwnerName":"WSDOT Aviation","CameraOwnerURL":"https://www.wsdot.wa.gov/aviation/WebCam/FridayHarbor.htm","ImageWidth":335,"ImageHeight":262}},{"type":"Feature","id":9848,"geometry":{"type":"Point","coordinates":[-123.02416699999998,48.521944000000076]},"properties":{"CameraID":9848,"CameraTitle":"Friday Harbor Airport North","ImageURL":"https://images.wsdot.wa.gov/airports/friday4.jpg","WSDOTSRID":null,"StateRouteMilepost":null,"CompassDirection":"N","Latitude":48.521943999999998,"Longitude":-123.02416700000001,"CameraOwnerName":"WSDOT Aviation","CameraOwnerURL":"https://www.wsdot.wa.gov/aviation/WebCam/FridayHarbor.htm","ImageWidth":335,"ImageHeight":262}},{"type":"Feature","id":9849,"geometry":{"type":"Point","coordinates":[-122.40416699999997,45.627777000000037]},"properties":{"CameraID":9849,"CameraTitle":"Grove Field Airport","ImageURL":"https://images.wsdot.wa.gov/airports/Grove.jpg","WSDOTSRID":null,"StateRouteMilepost":null,"CompassDirection":"N","Latitude":45.627777000000002,"Longitude":-122.404167,"CameraOwnerName":"WSDOT Aviation","CameraOwnerURL":"https://www.wsdot.wa.gov/aviation/WebCam/GroveField.htm","ImageWidth":335,"ImageHeight":197}},{"type":"Feature","id":9850,"geometry":{"type":"Point","coordinates":[-122.81055599999996,48.053611000000046]},"properties":{"CameraID":9850,"CameraTitle":"Jefferson County International Airport North","ImageURL":"https://images.wsdot.wa.gov/airports/PortTownsendN.jpg","WSDOTSRID":null,"StateRouteMilepost":null,"CompassDirection":"N","Latitude":48.053610999999997,"Longitude":-122.81055600000001,"CameraOwnerName":"WSDOT Aviation","CameraOwnerURL":"https://www.wsdot.wa.gov/aviation/WebCam/PtTownsend.htm","ImageWidth":335,"ImageHeight":257}},{"type":"Feature","id":9851,"geometry":{"type":"Point","coordinates":[-122.81055599999996,48.053611000000046]},"properties":{"CameraID":9851,"CameraTitle":"Jefferson County International Airport West","ImageURL":"https://images.wsdot.wa.gov/airports/PortTownsendW.jpg","WSDOTSRID":null,"StateRouteMilepost":null,"CompassDirection":"W","Latitude":48.053610999999997,"Longitude":-122.81055600000001,"CameraOwnerName":"WSDOT Aviation","CameraOwnerURL":"https://www.wsdot.wa.gov/aviation/WebCam/PtTownsend.htm","ImageWidth":335,"ImageHeight":257}},{"type":"Feature","id":9852,"geometry":{"type":"Point","coordinates":[-122.93749999999994,48.483888000000036]},"properties":{"CameraID":9852,"CameraTitle":"Lopez Island Airport North","ImageURL":"https://images.wsdot.wa.gov/airports/lopezn.jpg","WSDOTSRID":null,"StateRouteMilepost":null,"CompassDirection":"N","Latitude":48.483888,"Longitude":-122.9375,"CameraOwnerName":"WSDOT Aviation","CameraOwnerURL":"https://www.wsdot.wa.gov/aviation/WebCam/LopezIsland.htm","ImageWidth":335,"ImageHeight":233}},{"type":"Feature","id":9853,"geometry":{"type":"Point","coordinates":[-122.93749999999994,48.483888000000036]},"properties":{"CameraID":9853,"CameraTitle":"Lopez Island Airport South","ImageURL":"https://images.wsdot.wa.gov/airports/lopezs.jpg","WSDOTSRID":null,"StateRouteMilepost":null,"CompassDirection":"S","Latitude":48.483888,"Longitude":-122.9375,"CameraOwnerName":"WSDOT Aviation","CameraOwnerURL":"https://www.wsdot.wa.gov/aviation/WebCam/LopezIsland.htm","ImageWidth":335,"ImageHeight":233}},{"type":"Feature","id":9854,"geometry":{"type":"Point","coordinates":[-122.93749999999994,48.483888000000036]},"properties":{"CameraID":9854,"CameraTitle":"Lopez Island Airport West","ImageURL":"https://images.wsdot.wa.gov/airports/lopezw.jpg","WSDOTSRID":null,"StateRouteMilepost":null,"CompassDirection":"W","Latitude":48.483888,"Longitude":-122.9375,"CameraOwnerName":"WSDOT Aviation","CameraOwnerURL":"https://www.wsdot.wa.gov/aviation/WebCam/LopezIsland.htm","ImageWidth":335,"ImageHeight":233}},{"type":"Feature","id":9855,"geometry":{"type":"Point","coordinates":[-121.75805599999995,48.529722000000049]},"properties":{"CameraID":9855,"CameraTitle":"Mears Field (Concrete) Airport East","ImageURL":"https://images.wsdot.wa.gov/airports/concrete1.jpg","WSDOTSRID":null,"StateRouteMilepost":null,"CompassDirection":"E","Latitude":48.529722,"Longitude":-121.758056,"CameraOwnerName":"WSDOT Aviation","CameraOwnerURL":"https://www.wsdot.wa.gov/aviation/WebCam/Concrete.htm","ImageWidth":335,"ImageHeight":262}},{"type":"Feature","id":9856,"geometry":{"type":"Point","coordinates":[-121.75805599999995,48.529722000000049]},"properties":{"CameraID":9856,"CameraTitle":"Mears Field (Concrete) Airport North","ImageURL":"https://images.wsdot.wa.gov/airports/concrete2.jpg","WSDOTSRID":null,"StateRouteMilepost":null,"CompassDirection":"N","Latitude":48.529722,"Longitude":-121.758056,"CameraOwnerName":"WSDOT Aviation","CameraOwnerURL":"https://www.wsdot.wa.gov/aviation/WebCam/Concrete.htm","ImageWidth":335,"ImageHeight":262}},{"type":"Feature","id":9857,"geometry":{"type":"Point","coordinates":[-121.75805599999995,48.529722000000049]},"properties":{"CameraID":9857,"CameraTitle":"Mears Field (Concrete) Airport West","ImageURL":"https://images.wsdot.wa.gov/airports/concrete3.jpg","WSDOTSRID":null,"StateRouteMilepost":null,"CompassDirection":"W","Latitude":48.529722,"Longitude":-121.758056,"CameraOwnerName":"WSDOT Aviation","CameraOwnerURL":"https://www.wsdot.wa.gov/aviation/WebCam/Concrete.htm","ImageWidth":335,"ImageHeight":262}},{"type":"Feature","id":9858,"geometry":{"type":"Point","coordinates":[-121.75805599999995,48.529722000000049]},"properties":{"CameraID":9858,"CameraTitle":"Mears Field (Concrete) Airport South","ImageURL":"https://images.wsdot.wa.gov/airports/concrete4.jpg","WSDOTSRID":null,"StateRouteMilepost":null,"CompassDirection":"S","Latitude":48.529722,"Longitude":-121.758056,"CameraOwnerName":"WSDOT Aviation","CameraOwnerURL":"https://www.wsdot.wa.gov/aviation/WebCam/Concrete.htm","ImageWidth":335,"ImageHeight":262}},{"type":"Feature","id":9859,"geometry":{"type":"Point","coordinates":[-120.14583399999998,48.424722000000031]},"properties":{"CameraID":9859,"CameraTitle":"Methow Valley State Airport Northwest","ImageURL":"https://images.wsdot.wa.gov/airports/methownw.jpg","WSDOTSRID":null,"StateRouteMilepost":null,"CompassDirection":"W","Latitude":48.424722000000003,"Longitude":-120.14583399999999,"CameraOwnerName":"WSDOT Aviation","CameraOwnerURL":"https://www.wsdot.wa.gov/aviation/WebCam/MethowValley.htm","ImageWidth":335,"ImageHeight":262}},{"type":"Feature","id":9860,"geometry":{"type":"Point","coordinates":[-120.14583399999998,48.424722000000031]},"properties":{"CameraID":9860,"CameraTitle":"Methow Valley State Airport South","ImageURL":"https://images.wsdot.wa.gov/airports/methows.jpg","WSDOTSRID":null,"StateRouteMilepost":null,"CompassDirection":"S","Latitude":48.424722000000003,"Longitude":-120.14583399999999,"CameraOwnerName":"WSDOT Aviation","CameraOwnerURL":"https://www.wsdot.wa.gov/aviation/WebCam/MethowValley.htm","ImageWidth":335,"ImageHeight":262}},{"type":"Feature","id":9861,"geometry":{"type":"Point","coordinates":[-120.14583399999998,48.424722000000031]},"properties":{"CameraID":9861,"CameraTitle":"Methow Valley State Airport Southeast","ImageURL":"https://images.wsdot.wa.gov/airports/methowse.jpg","WSDOTSRID":null,"StateRouteMilepost":null,"CompassDirection":"E","Latitude":48.424722000000003,"Longitude":-120.14583399999999,"CameraOwnerName":"WSDOT Aviation","CameraOwnerURL":"https://www.wsdot.wa.gov/aviation/WebCam/MethowValley.htm","ImageWidth":335,"ImageHeight":262}},{"type":"Feature","id":9862,"geometry":{"type":"Point","coordinates":[-120.14583399999998,48.424722000000031]},"properties":{"CameraID":9862,"CameraTitle":"Methow Valley State Airport West","ImageURL":"https://images.wsdot.wa.gov/airports/methoww.jpg","WSDOTSRID":null,"StateRouteMilepost":null,"CompassDirection":"W","Latitude":48.424722000000003,"Longitude":-120.14583399999999,"CameraOwnerName":"WSDOT Aviation","CameraOwnerURL":"https://www.wsdot.wa.gov/aviation/WebCam/MethowValley.htm","ImageWidth":335,"ImageHeight":262}},{"type":"Feature","id":9863,"geometry":{"type":"Point","coordinates":[-119.23777799999999,47.14194400000008]},"properties":{"CameraID":9863,"CameraTitle":"Moses Lake Municipal Airport East","ImageURL":"https://images.wsdot.wa.gov/airports/moseseast.jpg","WSDOTSRID":null,"StateRouteMilepost":null,"CompassDirection":"E","Latitude":47.141944000000002,"Longitude":-119.23777800000001,"CameraOwnerName":"WSDOT Aviation","CameraOwnerURL":"https://www.wsdot.wa.gov/aviation/WebCam/MosesLake.htm","ImageWidth":335,"ImageHeight":249}},{"type":"Feature","id":9864,"geometry":{"type":"Point","coordinates":[-119.23777799999999,47.14194400000008]},"properties":{"CameraID":9864,"CameraTitle":"Moses Lake Municipal Airport North","ImageURL":"https://images.wsdot.wa.gov/airports/mosesnorth.jpg","WSDOTSRID":null,"StateRouteMilepost":null,"CompassDirection":"N","Latitude":47.141944000000002,"Longitude":-119.23777800000001,"CameraOwnerName":"WSDOT Aviation","CameraOwnerURL":"https://www.wsdot.wa.gov/aviation/WebCam/MosesLake.htm","ImageWidth":335,"ImageHeight":249}},{"type":"Feature","id":9865,"geometry":{"type":"Point","coordinates":[-119.23777799999999,47.14194400000008]},"properties":{"CameraID":9865,"CameraTitle":"Moses Lake Municipal Airport South","ImageURL":"https://images.wsdot.wa.gov/airports/mosessouth.jpg","WSDOTSRID":null,"StateRouteMilepost":null,"CompassDirection":"S","Latitude":47.141944000000002,"Longitude":-119.23777800000001,"CameraOwnerName":"WSDOT Aviation","CameraOwnerURL":"https://www.wsdot.wa.gov/aviation/WebCam/MosesLake.htm","ImageWidth":335,"ImageHeight":249}},{"type":"Feature","id":9866,"geometry":{"type":"Point","coordinates":[-119.23777799999999,47.14194400000008]},"properties":{"CameraID":9866,"CameraTitle":"Moses Lake Municipal Airport West","ImageURL":"https://images.wsdot.wa.gov/airports/moseswest.jpg","WSDOTSRID":null,"StateRouteMilepost":null,"CompassDirection":"W","Latitude":47.141944000000002,"Longitude":-119.23777800000001,"CameraOwnerName":"WSDOT Aviation","CameraOwnerURL":"https://www.wsdot.wa.gov/aviation/WebCam/MosesLake.htm","ImageWidth":335,"ImageHeight":249}},{"type":"Feature","id":9867,"geometry":{"type":"Point","coordinates":[-122.91055599999999,48.708333000000039]},"properties":{"CameraID":9867,"CameraTitle":"Orcas Island Airport North","ImageURL":"https://images.wsdot.wa.gov/airports/OrcasN.jpg","WSDOTSRID":null,"StateRouteMilepost":null,"CompassDirection":"N","Latitude":48.708333000000003,"Longitude":-122.910556,"CameraOwnerName":"WSDOT Aviation","CameraOwnerURL":"https://www.wsdot.wa.gov/aviation/WebCam/OrcasIsland.htm","ImageWidth":335,"ImageHeight":262}},{"type":"Feature","id":9868,"geometry":{"type":"Point","coordinates":[-122.91055599999999,48.708333000000039]},"properties":{"CameraID":9868,"CameraTitle":"Orcas Island Airport Northwest","ImageURL":"https://images.wsdot.wa.gov/airports/OrcasNW.jpg","WSDOTSRID":null,"StateRouteMilepost":null,"CompassDirection":"W","Latitude":48.708333000000003,"Longitude":-122.910556,"CameraOwnerName":"WSDOT Aviation","CameraOwnerURL":"https://www.wsdot.wa.gov/aviation/WebCam/OrcasIsland.htm","ImageWidth":335,"ImageHeight":262}},{"type":"Feature","id":9869,"geometry":{"type":"Point","coordinates":[-122.91055599999999,48.708333000000039]},"properties":{"CameraID":9869,"CameraTitle":"Orcas Island Airport South","ImageURL":"https://images.wsdot.wa.gov/airports/OrcasS.jpg","WSDOTSRID":null,"StateRouteMilepost":null,"CompassDirection":"S","Latitude":48.708333000000003,"Longitude":-122.910556,"CameraOwnerName":"WSDOT Aviation","CameraOwnerURL":"https://www.wsdot.wa.gov/aviation/WebCam/OrcasIsland.htm","ImageWidth":335,"ImageHeight":262}},{"type":"Feature","id":9870,"geometry":{"type":"Point","coordinates":[-122.91055599999999,48.708333000000039]},"properties":{"CameraID":9870,"CameraTitle":"Orcas Island Airport Southeast","ImageURL":"https://images.wsdot.wa.gov/airports/OrcasSE.jpg","WSDOTSRID":null,"StateRouteMilepost":null,"CompassDirection":"E","Latitude":48.708333000000003,"Longitude":-122.910556,"CameraOwnerName":"WSDOT Aviation","CameraOwnerURL":"https://www.wsdot.wa.gov/aviation/WebCam/OrcasIsland.htm","ImageWidth":335,"ImageHeight":262}},{"type":"Feature","id":9871,"geometry":{"type":"Point","coordinates":[-121.67777799999999,46.60388800000004]},"properties":{"CameraID":9871,"CameraTitle":"Packwood Airport South","ImageURL":"https://images.wsdot.wa.gov/airports/packwood5.jpg","WSDOTSRID":null,"StateRouteMilepost":null,"CompassDirection":"S","Latitude":46.603887999999998,"Longitude":-121.677778,"CameraOwnerName":"WSDOT Aviation","CameraOwnerURL":"https://www.wsdot.wa.gov/aviation/WebCam/Packwood.htm","ImageWidth":335,"ImageHeight":262}},{"type":"Feature","id":9872,"geometry":{"type":"Point","coordinates":[-121.67777799999999,46.60388800000004]},"properties":{"CameraID":9872,"CameraTitle":"Packwood Airport Southwest","ImageURL":"https://images.wsdot.wa.gov/airports/packwood6.jpg","WSDOTSRID":null,"StateRouteMilepost":null,"CompassDirection":"W","Latitude":46.603887999999998,"Longitude":-121.677778,"CameraOwnerName":"WSDOT Aviation","CameraOwnerURL":"https://www.wsdot.wa.gov/aviation/WebCam/Packwood.htm","ImageWidth":335,"ImageHeight":262}},{"type":"Feature","id":9873,"geometry":{"type":"Point","coordinates":[-121.67777799999999,46.60388800000004]},"properties":{"CameraID":9873,"CameraTitle":"Packwood Airport Northwest","ImageURL":"https://images.wsdot.wa.gov/airports/packwood7.jpg","WSDOTSRID":null,"StateRouteMilepost":null,"CompassDirection":"N","Latitude":46.603887999999998,"Longitude":-121.677778,"CameraOwnerName":"WSDOT Aviation","CameraOwnerURL":"https://www.wsdot.wa.gov/aviation/WebCam/Packwood.htm","ImageWidth":335,"ImageHeight":262}},{"type":"Feature","id":9874,"geometry":{"type":"Point","coordinates":[-121.67777799999999,46.60388800000004]},"properties":{"CameraID":9874,"CameraTitle":"Packwood Airport Northeast","ImageURL":"https://images.wsdot.wa.gov/airports/packwood8.jpg","WSDOTSRID":null,"StateRouteMilepost":null,"CompassDirection":"E","Latitude":46.603887999999998,"Longitude":-121.677778,"CameraOwnerName":"WSDOT Aviation","CameraOwnerURL":"https://www.wsdot.wa.gov/aviation/WebCam/Packwood.htm","ImageWidth":335,"ImageHeight":262}},{"type":"Feature","id":9875,"geometry":{"type":"Point","coordinates":[-119.79555599999998,46.213333000000034]},"properties":{"CameraID":9875,"CameraTitle":"Prosser Airport East","ImageURL":"https://images.wsdot.wa.gov/airports/prossere.jpg","WSDOTSRID":null,"StateRouteMilepost":null,"CompassDirection":"E","Latitude":46.213332999999999,"Longitude":-119.795556,"CameraOwnerName":"WSDOT Aviation","CameraOwnerURL":"https://www.wsdot.wa.gov/aviation/WebCam/Prosser.htm","ImageWidth":335,"ImageHeight":226}},{"type":"Feature","id":9876,"geometry":{"type":"Point","coordinates":[-119.79555599999998,46.213333000000034]},"properties":{"CameraID":9876,"CameraTitle":"Prosser Airport Northeast","ImageURL":"https://images.wsdot.wa.gov/airports/prosserne.jpg","WSDOTSRID":null,"StateRouteMilepost":null,"CompassDirection":"E","Latitude":46.213332999999999,"Longitude":-119.795556,"CameraOwnerName":"WSDOT Aviation","CameraOwnerURL":"https://www.wsdot.wa.gov/aviation/WebCam/Prosser.htm","ImageWidth":335,"ImageHeight":226}},{"type":"Feature","id":9877,"geometry":{"type":"Point","coordinates":[-119.79555599999998,46.213333000000034]},"properties":{"CameraID":9877,"CameraTitle":"Prosser Airport Northwest","ImageURL":"https://images.wsdot.wa.gov/airports/prossernw.jpg","WSDOTSRID":null,"StateRouteMilepost":null,"CompassDirection":"W","Latitude":46.213332999999999,"Longitude":-119.795556,"CameraOwnerName":"WSDOT Aviation","CameraOwnerURL":"https://www.wsdot.wa.gov/aviation/WebCam/Prosser.htm","ImageWidth":335,"ImageHeight":226}},{"type":"Feature","id":9878,"geometry":{"type":"Point","coordinates":[-119.79555599999998,46.213333000000034]},"properties":{"CameraID":9878,"CameraTitle":"Prosser Airport Southwest","ImageURL":"https://images.wsdot.wa.gov/airports/prosserssw.jpg","WSDOTSRID":null,"StateRouteMilepost":null,"CompassDirection":"S","Latitude":46.213332999999999,"Longitude":-119.795556,"CameraOwnerName":"WSDOT Aviation","CameraOwnerURL":"https://www.wsdot.wa.gov/aviation/WebCam/Prosser.htm","ImageWidth":335,"ImageHeight":226}},{"type":"Feature","id":9879,"geometry":{"type":"Point","coordinates":[-117.10944499999999,46.743611000000044]},"properties":{"CameraID":9879,"CameraTitle":"Pullman-Moscow Regional\u00A0Airport Northeast","ImageURL":"https://images.wsdot.wa.gov/airports/pullmanne.jpg","WSDOTSRID":null,"StateRouteMilepost":null,"CompassDirection":"N","Latitude":46.743611000000001,"Longitude":-117.10944499999999,"CameraOwnerName":"WSDOT Aviation","CameraOwnerURL":"https://www.wsdot.wa.gov/aviation/WebCam/PullmanMoscow.htm","ImageWidth":335,"ImageHeight":262}},{"type":"Feature","id":9880,"geometry":{"type":"Point","coordinates":[-117.10944499999999,46.743611000000044]},"properties":{"CameraID":9880,"CameraTitle":"Pullman-Moscow Regional\u00A0Airport Terminal Ramp","ImageURL":"https://images.wsdot.wa.gov/airports/pullmanRamp.jpg","WSDOTSRID":null,"StateRouteMilepost":null,"CompassDirection":"S","Latitude":46.743611000000001,"Longitude":-117.10944499999999,"CameraOwnerName":"WSDOT Aviation","CameraOwnerURL":"https://www.wsdot.wa.gov/aviation/WebCam/PullmanMoscow.htm","ImageWidth":335,"ImageHeight":262}},{"type":"Feature","id":9881,"geometry":{"type":"Point","coordinates":[-117.10944499999999,46.743611000000044]},"properties":{"CameraID":9881,"CameraTitle":"Pullman-Moscow Regional\u00A0Airport Windsock","ImageURL":"https://images.wsdot.wa.gov/airports/pullmanSock.jpg","WSDOTSRID":null,"StateRouteMilepost":null,"CompassDirection":"E","Latitude":46.743611000000001,"Longitude":-117.10944499999999,"CameraOwnerName":"WSDOT Aviation","CameraOwnerURL":"https://www.wsdot.wa.gov/aviation/WebCam/PullmanMoscow.htm","ImageWidth":335,"ImageHeight":262}},{"type":"Feature","id":9882,"geometry":{"type":"Point","coordinates":[-117.10944499999999,46.743611000000044]},"properties":{"CameraID":9882,"CameraTitle":"Pullman-Moscow Regional\u00A0Airport Southwest","ImageURL":"https://images.wsdot.wa.gov/airports/pullmanSW.jpg","WSDOTSRID":null,"StateRouteMilepost":null,"CompassDirection":"W","Latitude":46.743611000000001,"Longitude":-117.10944499999999,"CameraOwnerName":"WSDOT Aviation","CameraOwnerURL":"https://www.wsdot.wa.gov/aviation/WebCam/PullmanMoscow.htm","ImageWidth":335,"ImageHeight":262}},{"type":"Feature","id":9883,"geometry":{"type":"Point","coordinates":[-122.21555599999999,47.493055000000027]},"properties":{"CameraID":9883,"CameraTitle":"Renton Municipal Airport","ImageURL":"https://images.wsdot.wa.gov/airports/renton.jpg","WSDOTSRID":null,"StateRouteMilepost":null,"CompassDirection":"E","Latitude":47.493054999999998,"Longitude":-122.21555600000001,"CameraOwnerName":"WSDOT Aviation","CameraOwnerURL":"https://www.wsdot.wa.gov/aviation/WebCam/Renton.htm","ImageWidth":335,"ImageHeight":235}},{"type":"Feature","id":9884,"geometry":{"type":"Point","coordinates":[-119.30416699999995,46.305555000000027]},"properties":{"CameraID":9884,"CameraTitle":"Richland Airport Runway Intersection","ImageURL":"https://images.wsdot.wa.gov/airports/rich1.jpg","WSDOTSRID":null,"StateRouteMilepost":null,"CompassDirection":"S","Latitude":46.305554999999998,"Longitude":-119.30416700000001,"CameraOwnerName":"WSDOT Aviation","CameraOwnerURL":"https://www.wsdot.wa.gov/aviation/WebCam/Richland.htm","ImageWidth":335,"ImageHeight":192}},{"type":"Feature","id":9887,"geometry":{"type":"Point","coordinates":[-119.30416699999995,46.305555000000027]},"properties":{"CameraID":9887,"CameraTitle":"Richland Airport Tarmac and Fuel","ImageURL":"https://images.wsdot.wa.gov/airports/richApron.jpg","WSDOTSRID":null,"StateRouteMilepost":null,"CompassDirection":"E","Latitude":46.305554999999998,"Longitude":-119.30416700000001,"CameraOwnerName":"WSDOT Aviation","CameraOwnerURL":"https://www.wsdot.wa.gov/aviation/WebCam/Richland.htm","ImageWidth":335,"ImageHeight":192}},{"type":"Feature","id":9888,"geometry":{"type":"Point","coordinates":[-122.42166699999996,48.470277000000067]},"properties":{"CameraID":9888,"CameraTitle":"Skagit Regional Airport Crosswind","ImageURL":"https://images.wsdot.wa.gov/airports/skagitCW.jpg","WSDOTSRID":null,"StateRouteMilepost":null,"CompassDirection":"S","Latitude":48.470277000000003,"Longitude":-122.421667,"CameraOwnerName":"WSDOT Aviation","CameraOwnerURL":"https://www.wsdot.wa.gov/aviation/WebCam/Skagit.htm","ImageWidth":335,"ImageHeight":262}},{"type":"Feature","id":9889,"geometry":{"type":"Point","coordinates":[-122.42166699999996,48.470277000000067]},"properties":{"CameraID":9889,"CameraTitle":"Skagit Regional Airport Runway 11","ImageURL":"https://images.wsdot.wa.gov/airports/skagitRW11.jpg","WSDOTSRID":null,"StateRouteMilepost":null,"CompassDirection":"N","Latitude":48.470277000000003,"Longitude":-122.421667,"CameraOwnerName":"WSDOT Aviation","CameraOwnerURL":"https://www.wsdot.wa.gov/aviation/WebCam/Skagit.htm","ImageWidth":335,"ImageHeight":262}},{"type":"Feature","id":9890,"geometry":{"type":"Point","coordinates":[-122.42166699999996,48.470277000000067]},"properties":{"CameraID":9890,"CameraTitle":"Skagit Regional Airport Runway 29","ImageURL":"https://images.wsdot.wa.gov/airports/skagitRW29.jpg","WSDOTSRID":null,"StateRouteMilepost":null,"CompassDirection":"S","Latitude":48.470277000000003,"Longitude":-122.421667,"CameraOwnerName":"WSDOT Aviation","CameraOwnerURL":"https://www.wsdot.wa.gov/aviation/WebCam/Skagit.htm","ImageWidth":335,"ImageHeight":262}},{"type":"Feature","id":9891,"geometry":{"type":"Point","coordinates":[-122.42166699999996,48.470277000000067]},"properties":{"CameraID":9891,"CameraTitle":"Skagit Regional Airport Windsock","ImageURL":"https://images.wsdot.wa.gov/airports/skagitWS.jpg","WSDOTSRID":null,"StateRouteMilepost":null,"CompassDirection":"W","Latitude":48.470277000000003,"Longitude":-122.421667,"CameraOwnerName":"WSDOT Aviation","CameraOwnerURL":"https://www.wsdot.wa.gov/aviation/WebCam/Skagit.htm","ImageWidth":335,"ImageHeight":262}},{"type":"Feature","id":9892,"geometry":{"type":"Point","coordinates":[-122.89833399999998,46.117777000000046]},"properties":{"CameraID":9892,"CameraTitle":"Southwest Washington Regional Airport North","ImageURL":"https://images.wsdot.wa.gov/airports/kelson.jpg","WSDOTSRID":null,"StateRouteMilepost":null,"CompassDirection":"N","Latitude":46.117776999999997,"Longitude":-122.89833400000001,"CameraOwnerName":"WSDOT Aviation","CameraOwnerURL":"https://www.wsdot.wa.gov/aviation/WebCam/SouthwestWashRegional.htm","ImageWidth":335,"ImageHeight":262}},{"type":"Feature","id":9893,"geometry":{"type":"Point","coordinates":[-122.89833399999998,46.117777000000046]},"properties":{"CameraID":9893,"CameraTitle":"Southwest Washington Regional Airport SSE","ImageURL":"https://images.wsdot.wa.gov/airports/kelsosse.jpg","WSDOTSRID":null,"StateRouteMilepost":null,"CompassDirection":"E","Latitude":46.117776999999997,"Longitude":-122.89833400000001,"CameraOwnerName":"WSDOT Aviation","CameraOwnerURL":"https://www.wsdot.wa.gov/aviation/WebCam/SouthwestWashRegional.htm","ImageWidth":335,"ImageHeight":262}},{"type":"Feature","id":9894,"geometry":{"type":"Point","coordinates":[-122.89833399999998,46.117777000000046]},"properties":{"CameraID":9894,"CameraTitle":"Southwest Washington Regional Airport Southwest","ImageURL":"https://images.wsdot.wa.gov/airports/kelsosw.jpg","WSDOTSRID":null,"StateRouteMilepost":null,"CompassDirection":"S","Latitude":46.117776999999997,"Longitude":-122.89833400000001,"CameraOwnerName":"WSDOT Aviation","CameraOwnerURL":"https://www.wsdot.wa.gov/aviation/WebCam/SouthwestWashRegional.htm","ImageWidth":335,"ImageHeight":262}},{"type":"Feature","id":9895,"geometry":{"type":"Point","coordinates":[-122.89833399999998,46.117777000000046]},"properties":{"CameraID":9895,"CameraTitle":"Southwest Washington Regional Airport West","ImageURL":"https://images.wsdot.wa.gov/airports/kelsow.jpg","WSDOTSRID":null,"StateRouteMilepost":null,"CompassDirection":"W","Latitude":46.117776999999997,"Longitude":-122.89833400000001,"CameraOwnerName":"WSDOT Aviation","CameraOwnerURL":"https://www.wsdot.wa.gov/aviation/WebCam/SouthwestWashRegional.htm","ImageWidth":335,"ImageHeight":262}},{"type":"Feature","id":9896,"geometry":{"type":"Point","coordinates":[-118.74388899999997,47.753333000000055]},"properties":{"CameraID":9896,"CameraTitle":"Wilbur Municipal Airport Fuel Island","ImageURL":"https://images.wsdot.wa.gov/airports/wilburFI.jpg","WSDOTSRID":null,"StateRouteMilepost":null,"CompassDirection":"N","Latitude":47.753332999999998,"Longitude":-118.743889,"CameraOwnerName":"WSDOT Aviation","CameraOwnerURL":"https://www.wsdot.wa.gov/aviation/WebCam/Wilbur.htm","ImageWidth":335,"ImageHeight":234}},{"type":"Feature","id":9897,"geometry":{"type":"Point","coordinates":[-118.74388899999997,47.753333000000055]},"properties":{"CameraID":9897,"CameraTitle":"Wilbur Municipal Airport Northeast","ImageURL":"https://images.wsdot.wa.gov/airports/wilburNE.jpg","WSDOTSRID":null,"StateRouteMilepost":null,"CompassDirection":"E","Latitude":47.753332999999998,"Longitude":-118.743889,"CameraOwnerName":"WSDOT Aviation","CameraOwnerURL":"https://www.wsdot.wa.gov/aviation/WebCam/Wilbur.htm","ImageWidth":335,"ImageHeight":234}},{"type":"Feature","id":9898,"geometry":{"type":"Point","coordinates":[-118.74388899999997,47.753333000000055]},"properties":{"CameraID":9898,"CameraTitle":"Wilbur Municipal Airport Southeast","ImageURL":"https://images.wsdot.wa.gov/airports/wilburSE.jpg","WSDOTSRID":null,"StateRouteMilepost":null,"CompassDirection":"S","Latitude":47.753332999999998,"Longitude":-118.743889,"CameraOwnerName":"WSDOT Aviation","CameraOwnerURL":"https://www.wsdot.wa.gov/aviation/WebCam/Wilbur.htm","ImageWidth":335,"ImageHeight":234}},{"type":"Feature","id":9899,"geometry":{"type":"Point","coordinates":[-118.74388899999997,47.753333000000055]},"properties":{"CameraID":9899,"CameraTitle":"Wilbur Municipal Airport Windsock","ImageURL":"https://images.wsdot.wa.gov/airports/wilburWS.jpg","WSDOTSRID":null,"StateRouteMilepost":null,"CompassDirection":"W","Latitude":47.753332999999998,"Longitude":-118.743889,"CameraOwnerName":"WSDOT Aviation","CameraOwnerURL":"https://www.wsdot.wa.gov/aviation/WebCam/Wilbur.htm","ImageWidth":335,"ImageHeight":234}},{"type":"Feature","id":9904,"geometry":{"type":"Point","coordinates":[-119.11499999999995,47.424722000000031]},"properties":{"CameraID":9904,"CameraTitle":"Wilson Creek Airport West","ImageURL":"https://images.wsdot.wa.gov/airports/wilsonw.jpg","WSDOTSRID":null,"StateRouteMilepost":null,"CompassDirection":"W","Latitude":47.424722000000003,"Longitude":-119.11499999999999,"CameraOwnerName":"WSDOT Aviation","CameraOwnerURL":"https://www.wsdot.wa.gov/aviation/WebCam/WilsonCreek.htm","ImageWidth":335,"ImageHeight":262}},{"type":"Feature","id":9905,"geometry":{"type":"Point","coordinates":[-122.28138899999999,47.906944000000067]},"properties":{"CameraID":9905,"CameraTitle":"Paine Field – Snohomish County Airport","ImageURL":"http://www.snoco.org/axis-cgi/jpg/image.cgi?resolution=800x600","WSDOTSRID":null,"StateRouteMilepost":null,"CompassDirection":"N","Latitude":47.906944000000003,"Longitude":-122.281389,"CameraOwnerName":"WSDOT Aviation","CameraOwnerURL":"https://www.wsdot.wa.gov/aviation/WebCam/PaineField.htm","ImageWidth":335,"ImageHeight":251}},{"type":"Feature","id":9906,"geometry":{"type":"Point","coordinates":[-123.18666699999994,48.097777000000065]},"properties":{"CameraID":9906,"CameraTitle":"Sequim Valley Airport","ImageURL":"http://www.sequimvalleyairport.com/webcam/webcam.jpg","WSDOTSRID":null,"StateRouteMilepost":null,"CompassDirection":"S","Latitude":48.097777000000001,"Longitude":-123.186667,"CameraOwnerName":"WSDOT Aviation","CameraOwnerURL":"https://www.wsdot.wa.gov/aviation/WebCam/SequimValley.htm","ImageWidth":335,"ImageHeight":251}},{"type":"Feature","id":9907,"geometry":{"type":"Point","coordinates":[-120.54388899999998,46.568055000000072]},"properties":{"CameraID":9907,"CameraTitle":"Yakima Air Terminal/McAllister Field","ImageURL":"https://flyykm.com/apps/webcam/","WSDOTSRID":null,"StateRouteMilepost":null,"CompassDirection":"S","Latitude":46.568055000000001,"Longitude":-120.54388899999999,"CameraOwnerName":"WSDOT Aviation","CameraOwnerURL":"https://www.wsdot.wa.gov/aviation/WebCam/Yakima.htm","ImageWidth":335,"ImageHeight":188}},{"type":"Feature","id":9908,"geometry":{"type":"Point","coordinates":[-117.31999999999999,47.680500000000052]},"properties":{"CameraID":9908,"CameraTitle":"Felts Field Airport","ImageURL":"http://www.northwestvoiceover.com/felts/image.jpg","WSDOTSRID":null,"StateRouteMilepost":null,"CompassDirection":"N","Latitude":47.680500000000002,"Longitude":-117.31999999999999,"CameraOwnerName":"WSDOT Aviation","CameraOwnerURL":"https://www.wsdot.wa.gov/aviation/WebCam/FeltsField.htm","ImageWidth":352,"ImageHeight":280}},{"type":"Feature","id":9909,"geometry":{"type":"Point","coordinates":[-120.20649999999995,47.399000000000058]},"properties":{"CameraID":9909,"CameraTitle":"Pangborn Memorial Airport","ImageURL":"http://cam.pangbornairport.com/webcam/pawebcam.jpg","WSDOTSRID":null,"StateRouteMilepost":null,"CompassDirection":"W","Latitude":47.399000000000001,"Longitude":-120.20650000000001,"CameraOwnerName":"WSDOT Aviation","CameraOwnerURL":"wsdot.wa.gov/aviation/WebCam/Pangborn.htm","ImageWidth":352,"ImageHeight":280}},{"type":"Feature","id":9910,"geometry":{"type":"Point","coordinates":[-122.97390899999999,46.706917000000033]},"properties":{"CameraID":9910,"CameraTitle":"I-5 at MP 81.3: Mellen Couplet","ImageURL":"https://images.wsdot.wa.gov/sw/005vc08132.jpg","WSDOTSRID":"005        ","CompassDirection":"B","Latitude":46.706916999999997,"Longitude":-122.97390900000001,"CameraOwnerName":null,"CameraOwnerURL":null,"ImageWidth":335,"ImageHeight":249}},{"type":"Feature","id":9911,"geometry":{"type":"Point","coordinates":[-122.97537899999998,46.711722000000066]},"properties":{"CameraID":9911,"CameraTitle":"I-5 at MP 81.6: Mellen St","ImageURL":"https://images.wsdot.wa.gov/sw/005vc08167.jpg","WSDOTSRID":"005        ","CompassDirection":"B","Latitude":46.711722000000002,"Longitude":-122.975379,"CameraOwnerName":null,"CameraOwnerURL":null,"ImageWidth":335,"ImageHeight":249}},{"type":"Feature","id":9912,"geometry":{"type":"Point","coordinates":[-122.97644499999996,46.720483000000058]},"properties":{"CameraID":9912,"CameraTitle":"I-5 at MP 82.2: NB Exit 82","ImageURL":"https://images.wsdot.wa.gov/sw/005vc08227.jpg","WSDOTSRID":"005        ","CompassDirection":"N","Latitude":46.720483000000002,"Longitude":-122.976445,"CameraOwnerName":null,"CameraOwnerURL":null,"ImageWidth":335,"ImageHeight":249}},{"type":"Feature","id":9913,"geometry":{"type":"Point","coordinates":[-122.97691299999997,46.727108000000044]},"properties":{"CameraID":9913,"CameraTitle":"I-5 at MP 82.7: Harrison Ave","ImageURL":"https://images.wsdot.wa.gov/sw/005vc08274.jpg","WSDOTSRID":"005        ","CompassDirection":"B","Latitude":46.727108000000001,"Longitude":-122.976913,"CameraOwnerName":null,"CameraOwnerURL":null,"ImageWidth":335,"ImageHeight":249}},{"type":"Feature","id":9914,"geometry":{"type":"Point","coordinates":[-121.36729699999995,47.35699500000004]},"properties":{"CameraID":9914,"CameraTitle":"I-90 at MP 58.2: Avalanche Bridge","ImageURL":"https://images.wsdot.wa.gov/sc/090vc05820.jpg","WSDOTSRID":"090        ","CompassDirection":"B","Latitude":47.356994999999998,"Longitude":-121.36729699999999,"CameraOwnerName":null,"CameraOwnerURL":null,"ImageWidth":320,"ImageHeight":261}},{"type":"Feature","id":9915,"geometry":{"type":"Point","coordinates":[-121.35985899999997,47.340517000000034]},"properties":{"CameraID":9915,"CameraTitle":"I-90 at MP 59.3: Slide Curve","ImageURL":"https://images.wsdot.wa.gov/sc/090vc05930.jpg","WSDOTSRID":"090        ","CompassDirection":"B","Latitude":47.340516999999998,"Longitude":-121.359859,"CameraOwnerName":null,"CameraOwnerURL":null,"ImageWidth":320,"ImageHeight":261}},{"type":"Feature","id":9916,"geometry":{"type":"Point","coordinates":[-121.34906499999994,47.337163000000032]},"properties":{"CameraID":9916,"CameraTitle":"I-90 at MP 59.9 Resort Creek","ImageURL":"https://images.wsdot.wa.gov/sc/090VC05990.jpg","WSDOTSRID":"090        ","CompassDirection":"B","Latitude":47.337162999999997,"Longitude":-121.349065,"CameraOwnerName":null,"CameraOwnerURL":null,"ImageWidth":320,"ImageHeight":261}},{"type":"Feature","id":9917,"geometry":{"type":"Point","coordinates":[-121.34222599999998,47.329894000000081]},"properties":{"CameraID":9917,"CameraTitle":"I-90 at MP 60.5 Lake Keechelus Dam","ImageURL":"https://images.wsdot.wa.gov/sc/090VC06050.jpg","WSDOTSRID":"090        ","CompassDirection":"B","Latitude":47.329894000000003,"Longitude":-121.342226,"CameraOwnerName":null,"CameraOwnerURL":null,"ImageWidth":320,"ImageHeight":261}},{"type":"Feature","id":9918,"geometry":{"type":"Point","coordinates":[-121.33030799999995,47.326099000000056]},"properties":{"CameraID":9918,"CameraTitle":"I-90 at MP 61.1 Price Creek","ImageURL":"https://images.wsdot.wa.gov/sc/090vc06112.jpg","WSDOTSRID":"090        ","CompassDirection":"B","Latitude":47.326098999999999,"Longitude":-121.330308,"CameraOwnerName":null,"CameraOwnerURL":null,"ImageWidth":320,"ImageHeight":261}},{"type":"Feature","id":9919,"geometry":{"type":"Point","coordinates":[-121.32724999999999,47.324144000000047]},"properties":{"CameraID":9919,"CameraTitle":"I-90 at MP 61.3 Animal Overcrossing","ImageURL":"https://images.wsdot.wa.gov/sc/090VC06132.jpg","WSDOTSRID":"090        ","CompassDirection":"B","Latitude":47.324143999999997,"Longitude":-121.32725000000001,"CameraOwnerName":null,"CameraOwnerURL":null,"ImageWidth":320,"ImageHeight":261}},{"type":"Feature","id":9920,"geometry":{"type":"Point","coordinates":[-121.32176999999996,47.319465000000037]},"properties":{"CameraID":9920,"CameraTitle":"I-90 at MP 61.7  Stampede Pass","ImageURL":"https://images.wsdot.wa.gov/sc/090VC06173.jpg","WSDOTSRID":"090        ","CompassDirection":"B","Latitude":47.319465000000001,"Longitude":-121.32177,"CameraOwnerName":null,"CameraOwnerURL":null,"ImageWidth":320,"ImageHeight":261}},{"type":"Feature","id":9921,"geometry":{"type":"Point","coordinates":[-118.96287099999995,48.727768000000026]},"properties":{"CameraID":9921,"CameraTitle":"SR 20 at MP 289: Wauconda (View East)","ImageURL":"https://images.wsdot.wa.gov/nc/020vc28872.jpg","WSDOTSRID":"020        ","CompassDirection":"E","Latitude":48.727767999999998,"Longitude":-118.96287100000001,"CameraOwnerName":null,"CameraOwnerURL":null,"ImageWidth":335,"ImageHeight":209}},{"type":"Feature","id":9922,"geometry":{"type":"Point","coordinates":[-118.96287099999995,48.727768000000026]},"properties":{"CameraID":9922,"CameraTitle":"SR 20 at MP 289: Wauconda (View West)","ImageURL":"https://images.wsdot.wa.gov/nc/020vc28871.jpg","WSDOTSRID":"020        ","CompassDirection":"W","Latitude":48.727767999999998,"Longitude":-118.96287100000001,"CameraOwnerName":null,"CameraOwnerURL":null,"ImageWidth":335,"ImageHeight":209}},{"type":"Feature","id":9923,"geometry":{"type":"Point","coordinates":[-122.45968299999998,47.230722000000071]},"properties":{"CameraID":9923,"CameraTitle":"I-5: South 35th Ave","ImageURL":"https://images.wsdot.wa.gov/orflow/005vc13244.jpg","WSDOTSRID":"005        ","CompassDirection":"B","Latitude":47.230722,"Longitude":-122.459683,"CameraOwnerName":null,"CameraOwnerURL":null,"ImageWidth":335,"ImageHeight":209}},{"type":"Feature","id":9924,"geometry":{"type":"Point","coordinates":[-122.89355199999994,47.03020500000008]},"properties":{"CameraID":9924,"CameraTitle":"I-5 at MP 105.2: Henderson Blvd","ImageURL":"https://images.wsdot.wa.gov/orflow/005vc10520.jpg","WSDOTSRID":null,"StateRouteMilepost":null,"CompassDirection":"B","Latitude":47.030205000000002,"Longitude":-122.893552,"CameraOwnerName":null,"CameraOwnerURL":null,"ImageWidth":335,"ImageHeight":209}},{"type":"Feature","id":9925,"geometry":{"type":"Point","coordinates":[-122.55403599999994,46.938015000000064]},"properties":{"CameraID":9925,"CameraTitle":"SR 507: SR 702 Intersection","ImageURL":"http://images.wsdot.wa.gov/orflow/507vc03110.jpg","WSDOTSRID":"507        ","StateRouteMilepost":null,"CompassDirection":"B","Latitude":46.938015,"Longitude":-122.554036,"CameraOwnerName":null,"CameraOwnerURL":null,"ImageWidth":335,"ImageHeight":209}},{"type":"Feature","id":9926,"geometry":{"type":"Point","coordinates":[-122.67244499999998,45.622237000000041]},"properties":{"CameraID":9926,"CameraTitle":"I-5 at MP 0.32: Interstate Bridge","ImageURL":"https://images.wsdot.wa.gov/sw/005vc00032.jpg","WSDOTSRID":null,"StateRouteMilepost":null,"CompassDirection":"B","Latitude":45.622236999999998,"Longitude":-122.672445,"CameraOwnerName":null,"CameraOwnerURL":null,"ImageWidth":335,"ImageHeight":209}},{"type":"Feature","id":9927,"geometry":{"type":"Point","coordinates":[-122.66691699999996,45.628107000000057]},"properties":{"CameraID":9927,"CameraTitle":"I-5 at MP 0.81: Tower View","ImageURL":"https://images.wsdot.wa.gov/sw/005vc00081.jpg","WSDOTSRID":null,"StateRouteMilepost":null,"CompassDirection":"B","Latitude":45.628107,"Longitude":-122.666917,"CameraOwnerName":null,"CameraOwnerURL":null,"ImageWidth":335,"ImageHeight":249}},{"type":"Feature","id":9928,"geometry":{"type":"Point","coordinates":[-122.66211199999998,45.636344000000065]},"properties":{"CameraID":9928,"CameraTitle":"I-5 at MP 1.4: 19th Street","ImageURL":"https://images.wsdot.wa.gov/sw/005vc00141.jpg","WSDOTSRID":null,"StateRouteMilepost":null,"CompassDirection":"B","Latitude":45.636344000000001,"Longitude":-122.66211199999999,"CameraOwnerName":null,"CameraOwnerURL":null,"ImageWidth":335,"ImageHeight":249}},{"type":"Feature","id":9929,"geometry":{"type":"Point","coordinates":[-122.66176199999995,45.639509000000032]},"properties":{"CameraID":9929,"CameraTitle":"I-5 at MP 1.6: Fourth Plain Blvd","ImageURL":"https://images.wsdot.wa.gov/sw/005vc00164.jpg","WSDOTSRID":null,"StateRouteMilepost":null,"CompassDirection":"B","Latitude":45.639508999999997,"Longitude":-122.661762,"CameraOwnerName":null,"CameraOwnerURL":null,"ImageWidth":335,"ImageHeight":249}},{"type":"Feature","id":9930,"geometry":{"type":"Point","coordinates":[-122.66391499999997,45.655891000000054]},"properties":{"CameraID":9930,"CameraTitle":"I-5 at MP 2.8: Discovery Trail Crossing","ImageURL":"https://images.wsdot.wa.gov/sw/005vc00279.jpg","WSDOTSRID":null,"StateRouteMilepost":null,"CompassDirection":"B","Latitude":45.655890999999997,"Longitude":-122.663915,"CameraOwnerName":null,"CameraOwnerURL":null,"ImageWidth":335,"ImageHeight":209}},{"type":"Feature","id":9931,"geometry":{"type":"Point","coordinates":[-122.66391499999997,45.655891000000054]},"properties":{"CameraID":9931,"CameraTitle":"I-5 at MP 3.6: S of 63rd St","ImageURL":"https://images.wsdot.wa.gov/sw/005vc00359.jpg","WSDOTSRID":null,"StateRouteMilepost":null,"CompassDirection":"B","Latitude":45.655890999999997,"Longitude":-122.663915,"CameraOwnerName":null,"CameraOwnerURL":null,"ImageWidth":335,"ImageHeight":209}},{"type":"Feature","id":9932,"geometry":{"type":"Point","coordinates":[-122.74145899999996,45.904225000000054]},"properties":{"CameraID":9932,"CameraTitle":"I-5 at MP 21: Woodland","ImageURL":"https://images.wsdot.wa.gov/sw/005vc02098.jpg","WSDOTSRID":null,"StateRouteMilepost":null,"CompassDirection":"B","Latitude":45.904224999999997,"Longitude":-122.74145900000001,"CameraOwnerName":null,"CameraOwnerURL":null,"ImageWidth":335,"ImageHeight":244}},{"type":"Feature","id":9933,"geometry":{"type":"Point","coordinates":[-122.87648699999994,46.561685000000068]},"properties":{"CameraID":9933,"CameraTitle":"I-5 at MP 69.4: Koontz Rd","ImageURL":"https://images.wsdot.wa.gov/sw/005vc06939.jpg","WSDOTSRID":null,"StateRouteMilepost":null,"CompassDirection":"B","Latitude":46.561684999999997,"Longitude":-122.876487,"CameraOwnerName":null,"CameraOwnerURL":null,"ImageWidth":335,"ImageHeight":249}},{"type":"Feature","id":9934,"geometry":{"type":"Point","coordinates":[-122.97115899999994,46.698830000000044]},"properties":{"CameraID":9934,"CameraTitle":"I-5 at MP 80.76","ImageURL":"https://images.wsdot.wa.gov/sw/005vc08076.jpg","WSDOTSRID":null,"StateRouteMilepost":null,"CompassDirection":"B","Latitude":46.698830000000001,"Longitude":-122.971159,"CameraOwnerName":null,"CameraOwnerURL":null,"ImageWidth":335,"ImageHeight":249}},{"type":"Feature","id":9935,"geometry":{"type":"Point","coordinates":[-122.26811899999996,46.568402000000049]},"properties":{"CameraID":9935,"CameraTitle":"SR 7 at MP 1.2: North Morton","ImageURL":"https://images.wsdot.wa.gov/sw/007vc00124.jpg","WSDOTSRID":null,"StateRouteMilepost":null,"CompassDirection":"B","Latitude":46.568401999999999,"Longitude":-122.268119,"CameraOwnerName":null,"CameraOwnerURL":null,"ImageWidth":335,"ImageHeight":272}},{"type":"Feature","id":9936,"geometry":{"type":"Point","coordinates":[-122.34415899999999,45.574848000000031]},"properties":{"CameraID":9936,"CameraTitle":"SR 14 at MP 16.7: 27th St","ImageURL":"https://images.wsdot.wa.gov/sw/014vc01670.jpg","WSDOTSRID":null,"StateRouteMilepost":null,"CompassDirection":"B","Latitude":45.574848000000003,"Longitude":-122.344159,"CameraOwnerName":null,"CameraOwnerURL":null,"ImageWidth":335,"ImageHeight":209}},{"type":"Feature","id":9938,"geometry":{"type":"Point","coordinates":[-122.57096999999999,45.657247000000041]},"properties":{"CameraID":9938,"CameraTitle":"I-205 at MP 30.9: SR 500 Interchange Camera 2","ImageURL":"https://images.wsdot.wa.gov/sw/205vc03093.jpg","WSDOTSRID":null,"StateRouteMilepost":null,"CompassDirection":"B","Latitude":45.657246999999998,"Longitude":-122.57097,"CameraOwnerName":null,"CameraOwnerURL":null,"ImageWidth":335,"ImageHeight":209}},{"type":"Feature","id":9939,"geometry":{"type":"Point","coordinates":[-122.61106899999999,45.696011000000055]},"properties":{"CameraID":9939,"CameraTitle":"SR 205 at MP 34.3: St Johns Rd","ImageURL":"https://images.wsdot.wa.gov/sw/205vc03434.jpg","WSDOTSRID":null,"StateRouteMilepost":null,"CompassDirection":"B","Latitude":45.696010999999999,"Longitude":-122.611069,"CameraOwnerName":null,"CameraOwnerURL":null,"ImageWidth":335,"ImageHeight":249}},{"type":"Feature","id":9940,"geometry":{"type":"Point","coordinates":[-122.59763299999997,45.649651000000063]},"properties":{"CameraID":9940,"CameraTitle":"SR 500 at MP 3.3: Andresen Rd","ImageURL":"https://images.wsdot.wa.gov/sw/500vc00332.jpg","WSDOTSRID":null,"StateRouteMilepost":null,"CompassDirection":"B","Latitude":45.649650999999999,"Longitude":-122.597633,"CameraOwnerName":null,"CameraOwnerURL":null,"ImageWidth":335,"ImageHeight":209}},{"type":"Feature","id":9941,"geometry":{"type":"Point","coordinates":[-119.93578399999996,45.835481000000073]},"properties":{"CameraID":9941,"CameraTitle":"SR 14 at MP 148.8: Alderdale","ImageURL":"https://images.wsdot.wa.gov/sw/014vc14875.jpg","WSDOTSRID":null,"StateRouteMilepost":null,"CompassDirection":"E","Latitude":45.835481000000001,"Longitude":-119.935784,"CameraOwnerName":"WSDOT","CameraOwnerURL":null,"ImageWidth":335,"ImageHeight":209}},{"type":"Feature","id":9942,"geometry":{"type":"Point","coordinates":[-119.09334199999995,46.283581000000027]},"properties":{"CameraID":9942,"CameraTitle":"US 395 at MP 25.0 Foster Wells","ImageURL":"https://images.wsdot.wa.gov/sc/395vc02500.jpg","WSDOTSRID":null,"StateRouteMilepost":null,"CompassDirection":"S","Latitude":46.283580999999998,"Longitude":-119.09334200000001,"CameraOwnerName":null,"CameraOwnerURL":null,"ImageWidth":320,"ImageHeight":261}},{"type":"Feature","id":9943,"geometry":{"type":"Point","coordinates":[-122.30413099999998,47.948064000000045]},"properties":{"CameraID":9943,"CameraTitle":"SR 525 at MP 8.4: 1st Street","ImageURL":"https://images.wsdot.wa.gov/nw/525vc00858.jpg","WSDOTSRID":null,"StateRouteMilepost":null,"CompassDirection":"B","Latitude":47.948064000000002,"Longitude":-122.304131,"CameraOwnerName":null,"CameraOwnerURL":null,"ImageWidth":335,"ImageHeight":244}},{"type":"Feature","id":9944,"geometry":{"type":"Point","coordinates":[-122.30413099999998,47.948064000000045]},"properties":{"CameraID":9944,"CameraTitle":"SR 525 at MP 8.4: 1st Street","ImageURL":"https://images.wsdot.wa.gov/nw/525vc00858.jpg","WSDOTSRID":null,"StateRouteMilepost":null,"CompassDirection":"B","Latitude":47.948064000000002,"Longitude":-122.304131,"CameraOwnerName":null,"CameraOwnerURL":null,"ImageWidth":335,"ImageHeight":244}},{"type":"Feature","id":9945,"geometry":{"type":"Point","coordinates":[-119.08627599999994,46.358624000000077]},"properties":{"CameraID":9945,"CameraTitle":"US 395 at MP 30.23 Crestloch","ImageURL":"https://images.wsdot.wa.gov/sc/395vc03023.jpg","WSDOTSRID":null,"StateRouteMilepost":null,"CompassDirection":"S","Latitude":46.358623999999999,"Longitude":-119.086276,"CameraOwnerName":null,"CameraOwnerURL":null,"ImageWidth":320,"ImageHeight":261}},{"type":"Feature","id":9946,"geometry":{"type":"Point","coordinates":[-122.60652599999997,46.941935000000058]},"properties":{"CameraID":9946,"CameraTitle":"SR 507: SR 510 Intersection (1st St and Yelm Ave)","ImageURL":"https://images.wsdot.wa.gov/ORFlow/507vc02824.jpg","WSDOTSRID":null,"StateRouteMilepost":null,"CompassDirection":"B","Latitude":46.941935000000001,"Longitude":-122.606526,"CameraOwnerName":null,"CameraOwnerURL":null,"ImageWidth":335,"ImageHeight":209}},{"type":"Feature","id":9947,"geometry":{"type":"Point","coordinates":[-122.55657899999994,47.118622000000073]},"properties":{"CameraID":9947,"CameraTitle":"I-5 at MP 122.7: Madigan Gate","ImageURL":"https://images.wsdot.wa.gov/orflow/005vc12270.jpg","WSDOTSRID":null,"StateRouteMilepost":null,"CompassDirection":"B","Latitude":47.118622000000002,"Longitude":-122.556579,"CameraOwnerName":null,"CameraOwnerURL":null,"ImageWidth":335,"ImageHeight":209}},{"type":"Feature","id":9950,"geometry":{"type":"Point","coordinates":[-122.08497299999999,47.65688700000004]},"properties":{"CameraID":9950,"CameraTitle":"SR 202 at MP 9.18: 192nd Dr NE","ImageURL":"https://images.wsdot.wa.gov/nw/202vc00918.jpg","WSDOTSRID":null,"StateRouteMilepost":null,"CompassDirection":"B","Latitude":47.656886999999998,"Longitude":-122.08497300000001,"CameraOwnerName":null,"CameraOwnerURL":null,"ImageWidth":335,"ImageHeight":209}},{"type":"Feature","id":9951,"geometry":{"type":"Point","coordinates":[-122.03535999999997,47.64570800000007]},"properties":{"CameraID":9951,"CameraTitle":"SR 202 at MP 11.75: 228th Ave NE","ImageURL":"https://images.wsdot.wa.gov/nw/202vc01175.jpg","WSDOTSRID":null,"StateRouteMilepost":null,"CompassDirection":"B","Latitude":47.645707999999999,"Longitude":-122.03536,"CameraOwnerName":null,"CameraOwnerURL":null,"ImageWidth":335,"ImageHeight":209}},{"type":"Feature","id":9952,"geometry":{"type":"Point","coordinates":[-122.02464399999997,47.644257000000039]},"properties":{"CameraID":9952,"CameraTitle":"SR 202 at MP 12.26: 236th Ave NE","ImageURL":"https://images.wsdot.wa.gov/nw/202vc01226.jpg","WSDOTSRID":null,"StateRouteMilepost":null,"CompassDirection":"B","Latitude":47.644257000000003,"Longitude":-122.024644,"CameraOwnerName":null,"CameraOwnerURL":null,"ImageWidth":335,"ImageHeight":209}},{"type":"Feature","id":9953,"geometry":{"type":"Point","coordinates":[-122.01034599999997,47.639836000000059]},"properties":{"CameraID":9953,"CameraTitle":"SR 202 at MP 13: 244th Ave NE","ImageURL":"https://images.wsdot.wa.gov/nw/202vc01300.jpg","WSDOTSRID":null,"StateRouteMilepost":null,"CompassDirection":"B","Latitude":47.639836000000003,"Longitude":-122.010346,"CameraOwnerName":null,"CameraOwnerURL":null,"ImageWidth":335,"ImageHeight":209}}]}