{"type":"FeatureCollection","crs":{"type":"name","properties":{"name":"EPSG:4326"}},"features":[{"type":"Feature","id":337,"geometry":{"type":"Point","coordinates":[-122.15417486701496,47.615394636969157]},"properties":{"OBJECTID":337,"Lot_Name":"The Neighborhood Church","CountyName":"King","CityName":"Bellevue","Street_Location":"140th Ave NE and NE 6th Pl","Address":"625 140th Ave NE","ZipCode":"98005","Approx_Numb_Spaces":50}},{"type":"Feature","id":254,"geometry":{"type":"Point","coordinates":[-119.33773890013369,47.182452407018275]},"properties":{"OBJECTID":254,"Lot_Name":"Randolph & Highway 17","CountyName":"Grant","CityName":"Moses Lake","Street_Location":"SW side of SR 17 at Randolph Road NE","Address":"Randolph Road NE","ZipCode":"98837","Approx_Numb_Spaces":10}},{"type":"Feature","id":56,"geometry":{"type":"Point","coordinates":[-122.81214290905254,47.923592006872923]},"properties":{"OBJECTID":56,"Lot_Name":"Center Valley Road","CountyName":"Jefferson","CityName":"Chimacum","Street_Location":"SR 104 and Center Road","Address":"Center -SR 104 Loop","ZipCode":"98325","Approx_Numb_Spaces":25}},{"type":"Feature","id":325,"geometry":{"type":"Point","coordinates":[-123.14449103110968,47.04859358880671]},"properties":{"OBJECTID":325,"Lot_Name":"Summit Lake","CountyName":"Thurston","CityName":"Olympia","Street_Location":"SR 8 and Summit Lake Road","Address":"12200 State Route 8","ZipCode":"98502","Approx_Numb_Spaces":20}},{"type":"Feature","id":63,"geometry":{"type":"Point","coordinates":[-122.35807545424373,47.979038184299675]},"properties":{"OBJECTID":63,"Lot_Name":"Clinton Park and Ride","CountyName":"Island","CityName":"Clinton (Whidbey Island)","Street_Location":"SR 525 and Deer Lake Rd","Address":"4801 Deer Lake Rd","ZipCode":"98236","Approx_Numb_Spaces":200}},{"type":"Feature","id":239,"geometry":{"type":"Point","coordinates":[-122.13158386624787,47.626701639310681]},"properties":{"OBJECTID":239,"Lot_Name":"Overlake Park Presbyterian Church","CountyName":"King","CityName":"Bellevue","Street_Location":"156th Ave NE and Northup Way","Address":"1836 156th Ave NE","ZipCode":"98007","Approx_Numb_Spaces":50}},{"type":"Feature","id":153,"geometry":{"type":"Point","coordinates":[-123.1008559691133,47.129958283258091]},"properties":{"OBJECTID":153,"Lot_Name":"Kamilche Transit Center","CountyName":"Mason","CityName":"Shelton","Street_Location":"SR 108 and SR 101","Address":"31 W State Route 108","ZipCode":"98584","Approx_Numb_Spaces":22}},{"type":"Feature","id":20,"geometry":{"type":"Point","coordinates":[-122.22815411497825,47.321231059156084]},"properties":{"OBJECTID":20,"Lot_Name":"Auburn","CountyName":"King","CityName":"Auburn","Street_Location":"A St SW and 1st St SW","Address":"101 15th St NE","ZipCode":"98002","Approx_Numb_Spaces":244}},{"type":"Feature","id":246,"geometry":{"type":"Point","coordinates":[-122.61890158912379,47.533829010505414]},"properties":{"OBJECTID":246,"Lot_Name":"Port Orchard Armory","CountyName":"Kitsap","CityName":"Port Orchard","Street_Location":"Mile Hill Dr and Karcher","Address":"1950 Mile Hill Dr","ZipCode":"98366","Approx_Numb_Spaces":105}},{"type":"Feature","id":33,"geometry":{"type":"Point","coordinates":[-122.16450605565656,47.592556020905633]},"properties":{"OBJECTID":33,"Lot_Name":"Bellevue Foursquare Church","CountyName":"King","CityName":"Bellevue","Street_Location":"Richards Road and SE 21st Pl","Address":"2015 Richards Road","ZipCode":"98005","Approx_Numb_Spaces":50}},{"type":"Feature","id":334,"geometry":{"type":"Point","coordinates":[-122.506696954039,47.333042005200731]},"properties":{"OBJECTID":334,"Lot_Name":"Tahlequah","CountyName":"King","CityName":"Vashon Island","Street_Location":"North of Tahlequah Rd","Address":"13223 SW Tahlequah Road","ZipCode":"98070","Approx_Numb_Spaces":36}},{"type":"Feature","id":194,"geometry":{"type":"Point","coordinates":[-122.15630417948316,48.053841245732585]},"properties":{"OBJECTID":194,"Lot_Name":"Marysville United Methodist Church","CountyName":"Snohomish","CityName":"Marysville","Street_Location":"5600 64th St NE","Address":"5600 64th St NE","ZipCode":"98270","Approx_Numb_Spaces":25}},{"type":"Feature","id":260,"geometry":{"type":"Point","coordinates":[-122.16521084059025,47.498987628950232]},"properties":{"OBJECTID":260,"Lot_Name":"Renton Bible Church","CountyName":"King","CityName":"Renton","Street_Location":"Union Ave NE and NE 10th St","Address":"973 Union Ave NE","ZipCode":"98059","Approx_Numb_Spaces":50}},{"type":"Feature","id":23,"geometry":{"type":"Point","coordinates":[-122.30755050066068,47.754957266985976]},"properties":{"OBJECTID":23,"Lot_Name":"Aurora Community Church of the Nazarene","CountyName":"King","CityName":"Shoreline","Street_Location":"175th St and Meridian Ave N","Address":"1900 N 175th St","ZipCode":"98133","Approx_Numb_Spaces":116}},{"type":"Feature","id":215,"geometry":{"type":"Point","coordinates":[-122.17894170431614,47.551545603838406]},"properties":{"OBJECTID":215,"Lot_Name":"Newport Hills Community Church","CountyName":"King","CityName":"Bellevue","Street_Location":"119th Ave SE and SE 58th St","Address":"5833 119th Ave SE","ZipCode":"98006","Approx_Numb_Spaces":37}},{"type":"Feature","id":354,"geometry":{"type":"Point","coordinates":[-119.15219404527674,46.214663870036482]},"properties":{"OBJECTID":354,"Lot_Name":"W Falls Ave","CountyName":"Benton","CityName":"Kennewick","Street_Location":"US 395 right-of-way just west of N Yelm St","Address":"US 395 right-of-way just west of Yelm St","ZipCode":"0","Approx_Numb_Spaces":39}},{"type":"Feature","id":57,"geometry":{"type":"Point","coordinates":[-120.05197685871413,47.83599433774117]},"properties":{"OBJECTID":57,"Lot_Name":"Chelan Park and Ride","CountyName":"Chelan","CityName":"Chelan","Street_Location":"SR 97 Alt and N East Center St","Address":"211 N East Center St","ZipCode":"98816","Approx_Numb_Spaces":29}},{"type":"Feature","id":94,"geometry":{"type":"Point","coordinates":[-122.38432205070151,47.811059501547014]},"properties":{"OBJECTID":94,"Lot_Name":"Edmonds Station","CountyName":"Snohomish","CityName":"Edmonds","Street_Location":"210 Railroad Ave","Address":"210 Railroad Ave","ZipCode":"98026","Approx_Numb_Spaces":259}},{"type":"Feature","id":89,"geometry":{"type":"Point","coordinates":[-119.16319808352904,46.210669479016929]},"properties":{"OBJECTID":89,"Lot_Name":"Ed Frost Transit Center","CountyName":"Benton","CityName":"Kennewick","Street_Location":"N Huntington St and W Kennewick Ave","Address":"115 N Huntington St","ZipCode":"99336","Approx_Numb_Spaces":96}},{"type":"Feature","id":121,"geometry":{"type":"Point","coordinates":[-119.86037578255515,47.083043034426332]},"properties":{"OBJECTID":121,"Lot_Name":"George Park and Ride","CountyName":"Grant","CityName":"George","Street_Location":"I-90 exit 149, George MiniMart (Greyhound Station)","Address":"402 Frontage Road","ZipCode":"98848","Approx_Numb_Spaces":36}},{"type":"Feature","id":214,"geometry":{"type":"Point","coordinates":[-122.18911228904082,47.55679493795347]},"properties":{"OBJECTID":214,"Lot_Name":"Newport Hills","CountyName":"King","CityName":"Bellevue","Street_Location":"I-405 and 112th PL SE","Address":"5115 113th Pl SE","ZipCode":"98006","Approx_Numb_Spaces":275}},{"type":"Feature","id":93,"geometry":{"type":"Point","coordinates":[-122.34593627615014,47.785469013618616]},"properties":{"OBJECTID":93,"Lot_Name":"Edmonds Lutheran Church","CountyName":"Snohomish","CityName":"Edmonds","Street_Location":"84th Ave W and 236th St SW, SW quadrant","Address":"23525 84th Ave W","ZipCode":"98026","Approx_Numb_Spaces":13}},{"type":"Feature","id":288,"geometry":{"type":"Point","coordinates":[-122.47388927200383,48.713288734483861]},"properties":{"OBJECTID":288,"Lot_Name":"South Bellingham Park and Ride (East)","CountyName":"Whatcom","CityName":"Bellingham","Street_Location":"I-5 and Old Fairhaven Parkway (Exit 250 East Side)","Address":"3404 Connelly Ave","ZipCode":"98229","Approx_Numb_Spaces":29}},{"type":"Feature","id":283,"geometry":{"type":"Point","coordinates":[-122.18287898480915,48.15751558795435]},"properties":{"OBJECTID":283,"Lot_Name":"Smokey Point Community Church","CountyName":"Snohomish","CityName":"Arlington","Street_Location":"17721 Smokey Pt Blvd","Address":"17721 Smokey Pt Blvd","ZipCode":"98223","Approx_Numb_Spaces":50}},{"type":"Feature","id":330,"geometry":{"type":"Point","coordinates":[-122.55787815917843,47.733303707974798]},"properties":{"OBJECTID":330,"Lot_Name":"Suquamish United Church of Christ","CountyName":"Kitsap","CityName":"Suquamish","Street_Location":"NE Division Ave and Geneva St","Address":"18732 Division Ave NE","ZipCode":"98392","Approx_Numb_Spaces":65}},{"type":"Feature","id":323,"geometry":{"type":"Point","coordinates":[-122.2986920647665,47.358304466608672]},"properties":{"OBJECTID":323,"Lot_Name":"Star Lake","CountyName":"King","CityName":"Kent","Street_Location":"I-5 and S 272nd St","Address":"27015 26th Ave S","ZipCode":"98032","Approx_Numb_Spaces":540}},{"type":"Feature","id":165,"geometry":{"type":"Point","coordinates":[-122.18747193678249,47.679170022383047]},"properties":{"OBJECTID":165,"Lot_Name":"Kirkland Way","CountyName":"King","CityName":"Kirkland","Street_Location":"Kirkland Way and NE 85th St","Address":"11255 Kirkland Way","ZipCode":"98033","Approx_Numb_Spaces":20}},{"type":"Feature","id":301,"geometry":{"type":"Point","coordinates":[-122.46371796809294,47.205745671565722]},"properties":{"OBJECTID":301,"Lot_Name":"South Tacoma West","CountyName":"Pierce","CityName":"Tacoma","Street_Location":"S 56th St and Tacoma Mall Blvd (S of 56th and W of I-5)","Address":"5731 Tacoma Mall Blvd","ZipCode":"98409","Approx_Numb_Spaces":78}},{"type":"Feature","id":272,"geometry":{"type":"Point","coordinates":[-122.17762852540248,45.589278963720318]},"properties":{"OBJECTID":272,"Lot_Name":"Salmon Falls Park and Ride","CountyName":"Skamania","CityName":"County - not in city limits","Street_Location":"Salmon Falls Road and Canyon Creek Road","Address":"2-180 Canyon Creek Road","ZipCode":"98671","Approx_Numb_Spaces":28}},{"type":"Feature","id":139,"geometry":{"type":"Point","coordinates":[-119.41108712885037,46.392472855536603]},"properties":{"OBJECTID":139,"Lot_Name":"Horne Dr/Hanford Rte 10","CountyName":"Benton","CityName":"West Richland","Street_Location":"Horne Dr/Hanford Rte 10 off SR 240","Address":"Hanford Rte 10 off SR 240","ZipCode":"0","Approx_Numb_Spaces":18}},{"type":"Feature","id":11,"geometry":{"type":"Point","coordinates":[-122.89678764667099,46.145708210296704]},"properties":{"OBJECTID":11,"Lot_Name":"Allen St Park and Ride","CountyName":"Cowlitz","CityName":"Kelso","Street_Location":"I-5 and Allen St","Address":"100 N Minor Road","ZipCode":"98626","Approx_Numb_Spaces":37}},{"type":"Feature","id":248,"geometry":{"type":"Point","coordinates":[-121.93714419670044,47.527267488051585]},"properties":{"OBJECTID":248,"Lot_Name":"Preston","CountyName":"King","CityName":"Preston","Street_Location":"I-90 and SE 82nd St, east of interstate","Address":"30303 SE High Point Way","ZipCode":"98027","Approx_Numb_Spaces":53}},{"type":"Feature","id":188,"geometry":{"type":"Point","coordinates":[-122.270477116385,47.850429531182769]},"properties":{"OBJECTID":188,"Lot_Name":"Martha Lake Community Covenant Church","CountyName":"Snohomish","CityName":"Lynnwood","Street_Location":"164th St SW and 28th Ave W, north of 164th","Address":"2721 164th St SW","ZipCode":"98087","Approx_Numb_Spaces":75}},{"type":"Feature","id":336,"geometry":{"type":"Point","coordinates":[-122.45223552904066,48.242489111195496]},"properties":{"OBJECTID":336,"Lot_Name":"Terry's Corner Park and Ride","CountyName":"Island","CityName":"Camano Island","Street_Location":"SR 532 and Sunrise Blvd","Address":"848 N Sunrise Blvd","ZipCode":"98282","Approx_Numb_Spaces":80}},{"type":"Feature","id":157,"geometry":{"type":"Point","coordinates":[-122.18091013260653,47.387175837904252]},"properties":{"OBJECTID":157,"Lot_Name":"Kent Covenant Church","CountyName":"King","CityName":"Kent","Street_Location":"12010 SE 240th St","Address":"12010 SE 240th St","ZipCode":"98031","Approx_Numb_Spaces":20}},{"type":"Feature","id":338,"geometry":{"type":"Point","coordinates":[-122.25997841050552,47.759222361863721]},"properties":{"OBJECTID":338,"Lot_Name":"The Vine Church","CountyName":"King","CityName":"Kenmore","Street_Location":"NE 181st St and 62nd Ave NE","Address":"6214 NE Bothell Way","ZipCode":"98028","Approx_Numb_Spaces":75}},{"type":"Feature","id":196,"geometry":{"type":"Point","coordinates":[-122.22060845426404,47.879957045810919]},"properties":{"OBJECTID":196,"Lot_Name":"McCollum Park","CountyName":"Snohomish","CityName":"Mill Creek","Street_Location":"south of 128th, at Dumas Rd and Park Rd","Address":"620 128th St SE, Everett (near Dumas Rd)","ZipCode":"98208","Approx_Numb_Spaces":409}},{"type":"Feature","id":329,"geometry":{"type":"Point","coordinates":[-122.21240606649773,47.246099981022212]},"properties":{"OBJECTID":329,"Lot_Name":"Sunset Park","CountyName":"King","CityName":"Auburn","Street_Location":"1306 69th St SE","Address":"1306 69th St SE","ZipCode":"98092","Approx_Numb_Spaces":10}},{"type":"Feature","id":133,"geometry":{"type":"Point","coordinates":[-122.10118613122054,47.978382082109306]},"properties":{"OBJECTID":133,"Lot_Name":"Holy Cross Lutheran Church","CountyName":"Snohomish","CityName":"Lake Stevens","Street_Location":"9613 20th St SE, Everett (at Hwy 9)","Address":"9613 20th St SE, Everett (at Hwy 9)","ZipCode":"98258","Approx_Numb_Spaces":35}},{"type":"Feature","id":335,"geometry":{"type":"Point","coordinates":[-122.52474150892201,47.243147160199499]},"properties":{"OBJECTID":335,"Lot_Name":"TCC Transit Center","CountyName":"Pierce","CityName":"Tacoma","Street_Location":"S 19th St and Mildred","Address":"6615 S 19th St","ZipCode":"98466","Approx_Numb_Spaces":95}},{"type":"Feature","id":79,"geometry":{"type":"Point","coordinates":[-122.64121105560211,47.089932203024937]},"properties":{"OBJECTID":79,"Lot_Name":"DuPont","CountyName":"Pierce","CityName":"DuPont","Street_Location":"Wilmington Dr and Palisade Blvd","Address":"1375 Wilmington Dr","ZipCode":"98327","Approx_Numb_Spaces":109}},{"type":"Feature","id":311,"geometry":{"type":"Point","coordinates":[-119.30558633203485,46.293674532929941]},"properties":{"OBJECTID":311,"Lot_Name":"SR 224 (Van Giesen) and SR 240","CountyName":"Benton","CityName":"Richland","Street_Location":"SR 224 and SR 240","Address":"1600 Terminal Drive","ZipCode":"99354","Approx_Numb_Spaces":80}},{"type":"Feature","id":15,"geometry":{"type":"Point","coordinates":[-122.29866284448315,47.423426610404874]},"properties":{"OBJECTID":15,"Lot_Name":"Angle Lake","CountyName":"King","CityName":"SeaTac","Street_Location":"19955 28th Ave S","Address":"19955 28th Ave S","ZipCode":"98188","Approx_Numb_Spaces":1160}},{"type":"Feature","id":225,"geometry":{"type":"Point","coordinates":[-122.6514549813978,47.759422589809887]},"properties":{"OBJECTID":225,"Lot_Name":"North Viking Park and Ride","CountyName":"Kitsap","CityName":"Poulsbo","Street_Location":"Viking Ave NW and SR 305","Address":"Viking Ave NW and SR 305","ZipCode":"98370","Approx_Numb_Spaces":265}},{"type":"Feature","id":136,"geometry":{"type":"Point","coordinates":[-122.10758286387309,47.631040642255158]},"properties":{"OBJECTID":136,"Lot_Name":"Holy Trinity Church","CountyName":"King","CityName":"Redmond","Street_Location":"175th Ave NE and NE 24th St","Address":"17371 NE 24th St","ZipCode":"98052","Approx_Numb_Spaces":17}},{"type":"Feature","id":343,"geometry":{"type":"Point","coordinates":[-119.17861802703015,46.267427887672746]},"properties":{"OBJECTID":343,"Lot_Name":"TRAC Park and Ride","CountyName":"Franklin","CityName":"Pasco","Street_Location":"Convention Place and Home Run Road","Address":"4303 Convention Pl","ZipCode":"99301","Approx_Numb_Spaces":180}},{"type":"Feature","id":164,"geometry":{"type":"Point","coordinates":[-122.49849509109728,47.796951890500502]},"properties":{"OBJECTID":164,"Lot_Name":"Kingston Ferry Terminal","CountyName":"Kitsap","CityName":"Kingston","Street_Location":"West of Ferry Terminal","Address":"11264 State Route 104","ZipCode":"98346","Approx_Numb_Spaces":73}},{"type":"Feature","id":346,"geometry":{"type":"Point","coordinates":[-122.24291792769657,47.460994576163216]},"properties":{"OBJECTID":346,"Lot_Name":"Tukwila Surface Lot","CountyName":"King","CityName":"Tukwila","Street_Location":"7301 Longacres Way","Address":"7301 Longacres Way","ZipCode":"98188","Approx_Numb_Spaces":390}},{"type":"Feature","id":186,"geometry":{"type":"Point","coordinates":[-122.56772101568171,48.46296111634463]},"properties":{"OBJECTID":186,"Lot_Name":"March Point Park and Ride","CountyName":"Skagit","CityName":"Anacortes","Street_Location":"South March's Point Rd off SR 20 between Burlington and Anacortes","Address":"8147 S March Point Road","ZipCode":"98221","Approx_Numb_Spaces":133}},{"type":"Feature","id":293,"geometry":{"type":"Point","coordinates":[-117.37514386696544,47.626021532259365]},"properties":{"OBJECTID":293,"Lot_Name":"South Hill Park and Ride","CountyName":"Spokane","CityName":"Spokane","Street_Location":"31st Ave and Southeast Boulevard","Address":"2502 E 31St Ave","ZipCode":"99223","Approx_Numb_Spaces":98}},{"type":"Feature","id":44,"geometry":{"type":"Point","coordinates":[-122.18845620190307,47.741177784303538]},"properties":{"OBJECTID":44,"Lot_Name":"Brickyard Road","CountyName":"King","CityName":"Bothell","Street_Location":"I-405 and NE 160th St","Address":"15530 Juanita-Woodinville Wy NE","ZipCode":"98011","Approx_Numb_Spaces":443}},{"type":"Feature","id":255,"geometry":{"type":"Point","coordinates":[-123.73996230069297,46.680155852098068]},"properties":{"OBJECTID":255,"Lot_Name":"Raymond","CountyName":"Pacific","CityName":"Raymond","Street_Location":"SR 101 and Raymond (MP 58)","Address":"510 Fowler St","ZipCode":"98577","Approx_Numb_Spaces":11}},{"type":"Feature","id":167,"geometry":{"type":"Point","coordinates":[-122.01489999097247,47.569590216766898]},"properties":{"OBJECTID":167,"Lot_Name":"Klahanie #1","CountyName":"King","CityName":"Issaquah","Street_Location":"SE Klahanie Blvd and 244th PL SE","Address":"4228 244th Pl SE","ZipCode":"98027","Approx_Numb_Spaces":30}},{"type":"Feature","id":210,"geometry":{"type":"Point","coordinates":[-122.53261551495441,47.255942414509924]},"properties":{"OBJECTID":210,"Lot_Name":"Narrows/Skyline","CountyName":"Pierce","CityName":"Tacoma","Street_Location":"6th Ave and Skyline Dr NW corner","Address":"7201 6th Ave","ZipCode":"98406","Approx_Numb_Spaces":195}},{"type":"Feature","id":160,"geometry":{"type":"Point","coordinates":[-122.19436154569173,47.379957994934244]},"properties":{"OBJECTID":160,"Lot_Name":"Kent United Methodist Church","CountyName":"King","CityName":"Kent","Street_Location":"SE 248th St and 110th Ave SE","Address":"11010 SE 248th St","ZipCode":"98031","Approx_Numb_Spaces":23}},{"type":"Feature","id":159,"geometry":{"type":"Point","coordinates":[-122.23241922911635,47.383238820717906]},"properties":{"OBJECTID":159,"Lot_Name":"Kent Surface Lot","CountyName":"King","CityName":"Kent","Street_Location":"301 Railroad Ave N","Address":"301 Railroad Ave N","ZipCode":"98032","Approx_Numb_Spaces":119}},{"type":"Feature","id":332,"geometry":{"type":"Point","coordinates":[-122.27671070454522,47.850101450356824]},"properties":{"OBJECTID":332,"Lot_Name":"Swamp Creek","CountyName":"Snohomish","CityName":"Lynnwood","Street_Location":"164th St SW/SR 525","Address":"3115 164th St SW","ZipCode":"98087","Approx_Numb_Spaces":446}},{"type":"Feature","id":300,"geometry":{"type":"Point","coordinates":[-122.45879671082098,47.20640183086649]},"properties":{"OBJECTID":300,"Lot_Name":"South Tacoma East II (south side)","CountyName":"Pierce","CityName":"Tacoma","Street_Location":"S 56th St and S. Alaska St SW corner","Address":"5606 S Alaska St","ZipCode":"98408","Approx_Numb_Spaces":44}},{"type":"Feature","id":144,"geometry":{"type":"Point","coordinates":[-122.8849766249424,46.107322459292305]},"properties":{"OBJECTID":144,"Lot_Name":"I-5 and SR 432","CountyName":"Cowlitz","CityName":"Kelso","Street_Location":"2616 Coweeman Park Drive","Address":"2616 Coweeman Park Drive","ZipCode":"98626","Approx_Numb_Spaces":30}},{"type":"Feature","id":265,"geometry":{"type":"Point","coordinates":[-119.23898536728548,46.237572292512915]},"properties":{"OBJECTID":265,"Lot_Name":"Richland \"Y\"","CountyName":"Benton","CityName":"Richland","Street_Location":"SR 240 and Columbia Park Trail","Address":"1377 Nevada Ave","ZipCode":"99352","Approx_Numb_Spaces":250}},{"type":"Feature","id":31,"geometry":{"type":"Point","coordinates":[-122.14350871721221,47.621427370506829]},"properties":{"OBJECTID":31,"Lot_Name":"Bellevue Christian Reformed Church","CountyName":"King","CityName":"Bellevue","Street_Location":"1221 148th Ave NE","Address":"1221 148th Ave NE","ZipCode":"98007","Approx_Numb_Spaces":20}},{"type":"Feature","id":109,"geometry":{"type":"Point","coordinates":[-120.47914098211528,46.676875692217479]},"properties":{"OBJECTID":109,"Lot_Name":"Firing Center","CountyName":"Yakima","CityName":"Selah","Street_Location":"I-82 and Firing Center Rd","Address":"51 Firing Center Rd","ZipCode":"98901","Approx_Numb_Spaces":114}},{"type":"Feature","id":282,"geometry":{"type":"Point","coordinates":[-122.33478174764622,48.418013747586372]},"properties":{"OBJECTID":282,"Lot_Name":"Skagit Station","CountyName":"Skagit","CityName":"Mt Vernon","Street_Location":"105 Kincaid St","Address":"105 Kincaid St","ZipCode":"98273","Approx_Numb_Spaces":20}},{"type":"Feature","id":316,"geometry":{"type":"Point","coordinates":[-122.14121211678777,47.585666279021481]},"properties":{"OBJECTID":316,"Lot_Name":"St. Andrew's Lutheran Church","CountyName":"King","CityName":"Bellevue","Street_Location":"148th Ave SE and SE 28th St","Address":"2650 148th Ave SE","ZipCode":"98007","Approx_Numb_Spaces":50}},{"type":"Feature","id":276,"geometry":{"type":"Point","coordinates":[-122.29278677450094,47.799904689255982]},"properties":{"OBJECTID":276,"Lot_Name":"Seattle Meditation Center","CountyName":"Snohomish","CityName":"Mountlake Terrace","Street_Location":"220th and 44th Ave W","Address":"21910 44th Ave W","ZipCode":"98043","Approx_Numb_Spaces":22}},{"type":"Feature","id":170,"geometry":{"type":"Point","coordinates":[-122.19829870100949,47.729366777552997]},"properties":{"OBJECTID":170,"Lot_Name":"Korean Covenant Church of Kirkland","CountyName":"King","CityName":"Kirkland","Street_Location":"14220 Juanita-Woodinville Way NE","Address":"14220 Juanita-Woodinville Way NE","ZipCode":"98034","Approx_Numb_Spaces":30}},{"type":"Feature","id":48,"geometry":{"type":"Point","coordinates":[-122.33412512985589,47.453120558516119]},"properties":{"OBJECTID":48,"Lot_Name":"Burien Church of God","CountyName":"King","CityName":"Burien","Street_Location":"1st Ave S and SW 166th St","Address":"16640 1st Ave S","ZipCode":"98148","Approx_Numb_Spaces":20}},{"type":"Feature","id":181,"geometry":{"type":"Point","coordinates":[-122.46568720436754,48.735270320358019]},"properties":{"OBJECTID":181,"Lot_Name":"Lincoln Creek Park and Ride (Specifically for WWU)","CountyName":"Whatcom","CityName":"Bellingham","Street_Location":"Samish Way","Address":"800 Lincoln Street","ZipCode":"98229","Approx_Numb_Spaces":530}},{"type":"Feature","id":3,"geometry":{"type":"Point","coordinates":[-122.3236265798693,47.726085916971748]},"properties":{"OBJECTID":3,"Lot_Name":"5th Ave NE/NE 133rd St","CountyName":"King","CityName":"Seattle","Street_Location":"5th Ave NE/NE 133rd St","Address":"5th Ave NE & NE 133rd St","ZipCode":"98125","Approx_Numb_Spaces":46}},{"type":"Feature","id":61,"geometry":{"type":"Point","coordinates":[-122.21929593619654,47.480023410471624]},"properties":{"OBJECTID":61,"Lot_Name":"City View Church","CountyName":"King","CityName":"Renton","Street_Location":"Hardie Ave SW and SW Langston Rd","Address":"200 SW Langston Rd","ZipCode":"98055","Approx_Numb_Spaces":96}},{"type":"Feature","id":319,"geometry":{"type":"Point","coordinates":[-122.32657914762065,47.322215290874702]},"properties":{"OBJECTID":319,"Lot_Name":"St. Luke's Lutheran Church-Federal Way","CountyName":"King","CityName":"Federal Way","Street_Location":"515 S 312th St","Address":"515 S 312th St","ZipCode":"98003","Approx_Numb_Spaces":20}},{"type":"Feature","id":341,"geometry":{"type":"Point","coordinates":[-122.05689465218541,47.541703128126628]},"properties":{"OBJECTID":341,"Lot_Name":"Tibbetts Valley Park","CountyName":"King","CityName":"Issaquah","Street_Location":"12th Ave NW and Newport Way","Address":"965 12th Ave NW","ZipCode":"98027","Approx_Numb_Spaces":27}},{"type":"Feature","id":213,"geometry":{"type":"Point","coordinates":[-122.17073961606064,47.564668939323951]},"properties":{"OBJECTID":213,"Lot_Name":"Newport Covenant Church","CountyName":"King","CityName":"Bellevue","Street_Location":"Coal Creek Pkwy and Factoria Blvd","Address":"12800 SE Coal Creek Parkway","ZipCode":"98006","Approx_Numb_Spaces":75}},{"type":"Feature","id":180,"geometry":{"type":"Point","coordinates":[-117.10217845386978,47.669984757519472]},"properties":{"OBJECTID":180,"Lot_Name":"Liberty Lake Park and Ride","CountyName":"Spokane","CityName":"Liberty Lake","Street_Location":"Mission Ave (Behind Albertson's)","Address":"1421 N Meadowwood Ln","ZipCode":"99019","Approx_Numb_Spaces":120}},{"type":"Feature","id":140,"geometry":{"type":"Point","coordinates":[-122.18550342639109,47.668015191406063]},"properties":{"OBJECTID":140,"Lot_Name":"Houghton","CountyName":"King","CityName":"Kirkland","Street_Location":"I-405 and NE 70th PL","Address":"7024 116th Ave NE","ZipCode":"98033","Approx_Numb_Spaces":470}},{"type":"Feature","id":55,"geometry":{"type":"Point","coordinates":[-122.49619824717787,47.233960837929594]},"properties":{"OBJECTID":55,"Lot_Name":"Center St","CountyName":"Pierce","CityName":"Tacoma","Street_Location":"SR 16 and Center St","Address":"4401 Center Street","ZipCode":"98409","Approx_Numb_Spaces":75}},{"type":"Feature","id":16,"geometry":{"type":"Point","coordinates":[-122.61594883948582,47.547608504333127]},"properties":{"OBJECTID":16,"Lot_Name":"Annapolis Ferry Terminal (Note: $5 per day)","CountyName":"Kitsap","CityName":"Port Orchard","Street_Location":"Annapolis Ferry Terminal","Address":"1076 Beach Dr E","ZipCode":"98366","Approx_Numb_Spaces":81}},{"type":"Feature","id":251,"geometry":{"type":"Point","coordinates":[-120.53852406951522,46.612899414300713]},"properties":{"OBJECTID":251,"Lot_Name":"Public Works","CountyName":"Yakima","CityName":"Yakima","Street_Location":"N 21st Ave and Fruitvale Blvd","Address":"2301 Fruitvale Blvd","ZipCode":"98902","Approx_Numb_Spaces":88}},{"type":"Feature","id":310,"geometry":{"type":"Point","coordinates":[-122.24423075946578,48.509549016847856]},"properties":{"OBJECTID":310,"Lot_Name":"SR 20 and FS Grade Road","CountyName":"Skagit","CityName":"Sedro Woolley","Street_Location":"SR 20 and F and S Grade Rd at NW corner","Address":"302 F and S Grade Road","ZipCode":"98284","Approx_Numb_Spaces":22}},{"type":"Feature","id":171,"geometry":{"type":"Point","coordinates":[-122.33478143135967,47.759550424728936]},"properties":{"OBJECTID":171,"Lot_Name":"Korean Zion Presbyterian Church","CountyName":"King","CityName":"Shoreline","Street_Location":"17920 Meridian Ave N","Address":"17920 Meridian Ave N","ZipCode":"98155","Approx_Numb_Spaces":25}},{"type":"Feature","id":65,"geometry":{"type":"Point","coordinates":[-123.09691900001476,47.18146737168756]},"properties":{"OBJECTID":65,"Lot_Name":"Cole Road","CountyName":"Mason","CityName":"Shelton","Street_Location":"Cole Rd and SR 3","Address":"261 SE Craig Road","ZipCode":"98584","Approx_Numb_Spaces":29}},{"type":"Feature","id":360,"geometry":{"type":"Point","coordinates":[-122.0818290975416,47.755285393081614]},"properties":{"OBJECTID":360,"Lot_Name":"Woodinville Unitarian Universalist Church","CountyName":"King","CityName":"Woodinville","Street_Location":"19020 NE Woodinville-Duvall Rd","Address":"19020 NE Woodinville-Duvall Rd","ZipCode":"98072","Approx_Numb_Spaces":30}},{"type":"Feature","id":132,"geometry":{"type":"Point","coordinates":[-122.76424234366525,47.068278671918783]},"properties":{"OBJECTID":132,"Lot_Name":"Hawks Prairie Park and Ride","CountyName":"Thurston","CityName":"Lacey","Street_Location":"2548 Hogum Bay Road","Address":"2548 Hogum Bay Road","ZipCode":"98516","Approx_Numb_Spaces":332}},{"type":"Feature","id":128,"geometry":{"type":"Point","coordinates":[-122.57493867897152,48.098788575086381]},"properties":{"OBJECTID":128,"Lot_Name":"Greenbank Park and Ride","CountyName":"Island","CityName":"Greenbank (Whidbey Island)","Street_Location":"SR 525 and Bakken Rd","Address":"3090 Firehouse Rd","ZipCode":"98253","Approx_Numb_Spaces":20}},{"type":"Feature","id":122,"geometry":{"type":"Point","coordinates":[-122.5414740236684,47.812043719598144]},"properties":{"OBJECTID":122,"Lot_Name":"George's Corners","CountyName":"Kitsap","CityName":"Kingston","Street_Location":"SR 104 and Hansville Rd","Address":"27618 Hansville Road NE","ZipCode":"98346","Approx_Numb_Spaces":225}},{"type":"Feature","id":96,"geometry":{"type":"Point","coordinates":[-122.19741587004535,47.595892631211008]},"properties":{"OBJECTID":96,"Lot_Name":"Enatai","CountyName":"King","CityName":"Bellevue","Street_Location":"Bellevue Way SE and SE 16th St","Address":"1624 Bellevue Way SE","ZipCode":"98004","Approx_Numb_Spaces":46}},{"type":"Feature","id":135,"geometry":{"type":"Point","coordinates":[-122.20748503688999,47.710994104784248]},"properties":{"OBJECTID":135,"Lot_Name":"Holy Spirit Lutheran Church","CountyName":"King","CityName":"Kirkland","Street_Location":"NE 124th St and 100th Ave NE","Address":"10021 NE 124th St","ZipCode":"98034","Approx_Numb_Spaces":40}},{"type":"Feature","id":149,"geometry":{"type":"Point","coordinates":[-122.01949314418692,47.544983970033478]},"properties":{"OBJECTID":149,"Lot_Name":"Issaquah Highlands","CountyName":"King","CityName":"Issaquah","Street_Location":"Highlands Dr NE and NE High St","Address":"1755 Highlands Dr","ZipCode":"98027","Approx_Numb_Spaces":1010}},{"type":"Feature","id":250,"geometry":{"type":"Point","coordinates":[-119.77053115125904,46.207198806300532]},"properties":{"OBJECTID":250,"Lot_Name":"Prosser","CountyName":"Benton","CityName":"Prosser","Street_Location":"7th St and Stacy Ave","Address":"7th St and Stacy Ave","ZipCode":"99350","Approx_Numb_Spaces":20}},{"type":"Feature","id":59,"geometry":{"type":"Point","coordinates":[-122.33773453608208,48.482974248855001]},"properties":{"OBJECTID":59,"Lot_Name":"Chuckanut Park and Ride","CountyName":"Skagit","CityName":"Burlington","Street_Location":"I-5 and Exit 231","Address":"999 N Burlington Blvd","ZipCode":"98233","Approx_Numb_Spaces":369}},{"type":"Feature","id":82,"geometry":{"type":"Point","coordinates":[-122.18681563440785,47.400299171495945]},"properties":{"OBJECTID":82,"Lot_Name":"East Hill Friends Church","CountyName":"King","CityName":"Kent","Street_Location":"22600 116th Ave SE","Address":"22600 116th Ave SE","ZipCode":"98031","Approx_Numb_Spaces":20}},{"type":"Feature","id":252,"geometry":{"type":"Point","coordinates":[-122.29934815996251,47.185404530722018]},"properties":{"OBJECTID":252,"Lot_Name":"Puyallup Red Lot","CountyName":"Pierce","CityName":"Puyallup","Street_Location":"7th Ave and 5th St. SW","Address":"700 5th Street SW","ZipCode":"98371","Approx_Numb_Spaces":219}},{"type":"Feature","id":306,"geometry":{"type":"Point","coordinates":[-122.7320905368352,47.891111766619574]},"properties":{"OBJECTID":306,"Lot_Name":"SR 104 and Beaver Valley Road","CountyName":"Jefferson","CityName":"Port Ludlow","Street_Location":"SR 104 and Beaver Valley Road","Address":"93 Beaver Valley Rd","ZipCode":"98365","Approx_Numb_Spaces":40}},{"type":"Feature","id":5,"geometry":{"type":"Point","coordinates":[-122.66352013774545,45.690656619088877]},"properties":{"OBJECTID":5,"Lot_Name":"99th Street Transit Center","CountyName":"Clark","CityName":"Vancouver","Street_Location":"NE 99th and NE 7th Ave","Address":"9700 NE 7th Ave.","ZipCode":"98665","Approx_Numb_Spaces":610}},{"type":"Feature","id":183,"geometry":{"type":"Point","coordinates":[-122.2963956958086,47.815980763593288]},"properties":{"OBJECTID":183,"Lot_Name":"Lynnwood Transit Center","CountyName":"Snohomish","CityName":"Lynnwood","Street_Location":"48th Ave W and 200th St SW","Address":"20100 48th Ave W","ZipCode":"98036","Approx_Numb_Spaces":1370}},{"type":"Feature","id":71,"geometry":{"type":"Point","coordinates":[-122.49094965935195,48.793012991360094]},"properties":{"OBJECTID":71,"Lot_Name":"Cordata Station and Park and Ride","CountyName":"Whatcom","CityName":"Bellingham","Street_Location":"4170 Cordata Pkwy","Address":"4170 Cordata Pkwy","ZipCode":"98226","Approx_Numb_Spaces":70}},{"type":"Feature","id":232,"geometry":{"type":"Point","coordinates":[-122.46010916774055,47.451808201783585]},"properties":{"OBJECTID":232,"Lot_Name":"Ober Park","CountyName":"King","CityName":"Vashon Island","Street_Location":"Vashon Hwy SW and SW 171st St","Address":"17106 Vashon Hwy SW","ZipCode":"98070","Approx_Numb_Spaces":48}},{"type":"Feature","id":211,"geometry":{"type":"Point","coordinates":[-122.15466348369914,47.443278096029765]},"properties":{"OBJECTID":211,"Lot_Name":"Nativity Lutheran Church","CountyName":"King","CityName":"Renton","Street_Location":"140th Ave SE and SE 177th St","Address":"17707 140th Ave SE","ZipCode":"98058","Approx_Numb_Spaces":49}},{"type":"Feature","id":263,"geometry":{"type":"Point","coordinates":[-122.20781300849002,47.481335758551054]},"properties":{"OBJECTID":263,"Lot_Name":"Renton P&R","CountyName":"King","CityName":"Renton","Street_Location":"S 2nd and Burnett Ave","Address":"232 Burnett Ave S","ZipCode":"98055","Approx_Numb_Spaces":150}},{"type":"Feature","id":131,"geometry":{"type":"Point","coordinates":[-117.40696802445441,47.769065883419543]},"properties":{"OBJECTID":131,"Lot_Name":"Hastings Park and Ride","CountyName":"Spokane","CityName":"Spokane","Street_Location":"Hastings Rd and Mayfair Rd","Address":"200 East Hastings Road","ZipCode":"99218","Approx_Numb_Spaces":135}},{"type":"Feature","id":249,"geometry":{"type":"Point","coordinates":[-122.30722241124573,47.733959918279012]},"properties":{"OBJECTID":249,"Lot_Name":"Prince of Peace Lutheran Church","CountyName":"King","CityName":"Shoreline","Street_Location":"14514 20th Ave NE","Address":"14514 20th Ave NE","ZipCode":"98155","Approx_Numb_Spaces":20}},{"type":"Feature","id":47,"geometry":{"type":"Point","coordinates":[-122.6251351084321,47.416047074637824]},"properties":{"OBJECTID":47,"Lot_Name":"Burely Bible Church","CountyName":"Kitsap","CityName":"Port Orchard","Street_Location":"Bethel Burely and Olympic Dr","Address":"14687 Olympic Dr SE","ZipCode":"98367","Approx_Numb_Spaces":20}},{"type":"Feature","id":234,"geometry":{"type":"Point","coordinates":[-124.16751103572419,47.00708838605189]},"properties":{"OBJECTID":234,"Lot_Name":"Ocean Shores Station","CountyName":"Grays Harbor","CityName":"Ocean Shores","Street_Location":"W Chance A LA Mer and Ocean Shores Blvd NW","Address":"W Chance A LA Mer and Ocean Shores Blvd NW","ZipCode":"98569","Approx_Numb_Spaces":20}},{"type":"Feature","id":150,"geometry":{"type":"Point","coordinates":[-122.06181591225352,47.541703126820181]},"properties":{"OBJECTID":150,"Lot_Name":"Issaquah TC","CountyName":"King","CityName":"Issaquah","Street_Location":"SR 900 and Newport Way","Address":"1050 17th Ave NW","ZipCode":"98027","Approx_Numb_Spaces":819}},{"type":"Feature","id":42,"geometry":{"type":"Point","coordinates":[-122.20157954964166,47.759550452906389]},"properties":{"OBJECTID":42,"Lot_Name":"Bothell","CountyName":"King","CityName":"Bothell","Street_Location":"Woodinville Dr and Kaysner Way","Address":"10303 Woodinville Dr","ZipCode":"98011","Approx_Numb_Spaces":220}},{"type":"Feature","id":115,"geometry":{"type":"Point","coordinates":[-122.27113348869727,48.267423490300445]},"properties":{"OBJECTID":115,"Lot_Name":"Freeborn","CountyName":"Snohomish","CityName":"Stanwood","Street_Location":"300th St NW (Freeborn Rd) and Hall Rd","Address":"29901 Old 99 N","ZipCode":"98292","Approx_Numb_Spaces":18}},{"type":"Feature","id":262,"geometry":{"type":"Point","coordinates":[-122.21995209384994,47.479039174317833]},"properties":{"OBJECTID":262,"Lot_Name":"Renton Fred Meyer","CountyName":"King","CityName":"Renton","Street_Location":"near 3rd Place, S of Sunset Blvd.","Address":"365 Renton Center Way SW","ZipCode":"98056","Approx_Numb_Spaces":21}},{"type":"Feature","id":222,"geometry":{"type":"Point","coordinates":[-122.62546319176272,47.389144232017223]},"properties":{"OBJECTID":222,"Lot_Name":"North Purdy/Purdy Crescent","CountyName":"Pierce","CityName":"Purdy","Street_Location":"144th St NW and Purdy Dr","Address":"6519 144th St NW","ZipCode":"98332","Approx_Numb_Spaces":200}},{"type":"Feature","id":355,"geometry":{"type":"Point","coordinates":[-119.34856526254876,46.299580033943798]},"properties":{"OBJECTID":355,"Lot_Name":"West Richland Transit Center","CountyName":"Benton","CityName":"West Richland","Street_Location":"W Van Giesen St (SR 224) and Bombing Range Rd","Address":"4749 W Van Giesen St","ZipCode":"99353","Approx_Numb_Spaces":154}},{"type":"Feature","id":74,"geometry":{"type":"Point","coordinates":[-122.68484667849104,48.209680724119423]},"properties":{"OBJECTID":74,"Lot_Name":"Coupeville Prairie Station Transit Park","CountyName":"Island","CityName":"Coupeville (Whidbey Island)","Street_Location":"201 S Main St","Address":"201 S Main St","ZipCode":"98239","Approx_Numb_Spaces":48}},{"type":"Feature","id":68,"geometry":{"type":"Point","coordinates":[-122.25079194530181,47.50266116102221]},"properties":{"OBJECTID":68,"Lot_Name":"Community Bible Fellowship","CountyName":"King","CityName":"Seattle","Street_Location":"11227 Renton Ave S","Address":"11227 Renton Ave S","ZipCode":"98178","Approx_Numb_Spaces":29}},{"type":"Feature","id":70,"geometry":{"type":"Point","coordinates":[-122.33675029518048,48.507252414585736]},"properties":{"OBJECTID":70,"Lot_Name":"Cook Road Park and Ride","CountyName":"Skagit","CityName":"Burlington","Street_Location":"Cook Road and Old Hwy 99 East side of Old 99","Address":"9501 Old Hwy 99 North Road","ZipCode":"98233","Approx_Numb_Spaces":60}},{"type":"Feature","id":169,"geometry":{"type":"Point","coordinates":[-119.27933964826174,46.276942290779743]},"properties":{"OBJECTID":169,"Lot_Name":"Knight Street Transit Center","CountyName":"Benton","CityName":"Richland","Street_Location":"Knight St and Goethals Dr","Address":"800 Knight Street","ZipCode":"99352","Approx_Numb_Spaces":50}},{"type":"Feature","id":112,"geometry":{"type":"Point","coordinates":[-117.43715168551063,47.716900614516518]},"properties":{"OBJECTID":112,"Lot_Name":"Five Mile Park and Ride","CountyName":"Spokane","CityName":"Spokane","Street_Location":"Ash St and Five Mile Rd, NE corner","Address":"1762 West 5 Mile Road","ZipCode":"99205","Approx_Numb_Spaces":99}},{"type":"Feature","id":123,"geometry":{"type":"Point","coordinates":[-121.70190852170748,47.856991320169634]},"properties":{"OBJECTID":123,"Lot_Name":"Goldbar","CountyName":"Snohomish","CityName":"Gold Bar","Street_Location":"SR 2/ 2nd St","Address":"117 Croft Ave","ZipCode":"98251","Approx_Numb_Spaces":28}},{"type":"Feature","id":124,"geometry":{"type":"Point","coordinates":[-120.82231588888476,45.758898336545599]},"properties":{"OBJECTID":124,"Lot_Name":"Goldendale Park and Ride","CountyName":"Klickitat","CityName":"Goldendale","Street_Location":"SR 97 and Centerville Hwy","Address":"Carpool Ct","ZipCode":"98620","Approx_Numb_Spaces":19}},{"type":"Feature","id":200,"geometry":{"type":"Point","coordinates":[-122.22749806000046,47.576479931576962]},"properties":{"OBJECTID":200,"Lot_Name":"Mercer Island Presbyterian Church","CountyName":"King","CityName":"Mercer Island","Street_Location":"84th Ave SE and SE 36th St","Address":"3605 84th Ave SE","ZipCode":"98040","Approx_Numb_Spaces":14}},{"type":"Feature","id":53,"geometry":{"type":"Point","coordinates":[-122.90400553187214,46.283175145845441]},"properties":{"OBJECTID":53,"Lot_Name":"Castle Rock Park and Ride","CountyName":"Cowlitz","CityName":"Castle Rock","Street_Location":"I-5 and SR 411","Address":"Huntington Ave N. a.k.a. SR 504","ZipCode":"98611","Approx_Numb_Spaces":76}},{"type":"Feature","id":88,"geometry":{"type":"Point","coordinates":[-122.07165863791417,48.01676784202224]},"properties":{"OBJECTID":88,"Lot_Name":"Ebenezer Lutheran Church","CountyName":"Snohomish","CityName":"Lake Stevens","Street_Location":"22nd St NE and 117th Ave","Address":"2111 117th Ave NE","ZipCode":"98258","Approx_Numb_Spaces":10}},{"type":"Feature","id":141,"geometry":{"type":"Point","coordinates":[-123.96010653167453,47.231007773998897]},"properties":{"OBJECTID":141,"Lot_Name":"Humptulips","CountyName":"Grays Harbor","CityName":"Humptulips","Street_Location":"US 101 and Ogden Rd","Address":"US 101 and Ogden Rd","ZipCode":"98552","Approx_Numb_Spaces":60}},{"type":"Feature","id":279,"geometry":{"type":"Point","coordinates":[-123.12841501032229,47.206729783977956]},"properties":{"OBJECTID":279,"Lot_Name":"Shelton Matlock","CountyName":"Mason","CityName":"Shelton","Street_Location":"SR 101 at Shelton-Matlock Rd W of US 101 N of Road","Address":"2415 W Railroad Ave","ZipCode":"98584","Approx_Numb_Spaces":30}},{"type":"Feature","id":145,"geometry":{"type":"Point","coordinates":[-122.9758559736931,46.660799088468458]},"properties":{"OBJECTID":145,"Lot_Name":"I-5 and SR 6","CountyName":"Lewis","CityName":"Chehalis","Street_Location":"I-5 and SR 6","Address":"860 W Main St","ZipCode":"98532","Approx_Numb_Spaces":35}},{"type":"Feature","id":228,"geometry":{"type":"Point","coordinates":[-122.32723548327122,47.702135829304893]},"properties":{"OBJECTID":228,"Lot_Name":"Northgate Transit Center","CountyName":"King","CityName":"Seattle","Street_Location":"NE 103rd St and 1st Ave NE","Address":"10200 1st Ave NE","ZipCode":"98125","Approx_Numb_Spaces":75}},{"type":"Feature","id":305,"geometry":{"type":"Point","coordinates":[-122.32329842910859,47.572214826822048]},"properties":{"OBJECTID":305,"Lot_Name":"Spokane/Airport","CountyName":"King","CityName":"Seattle","Street_Location":"Airport Way S & S Spokane St","Address":"3501 Airport Way S","ZipCode":"98134","Approx_Numb_Spaces":25}},{"type":"Feature","id":60,"geometry":{"type":"Point","coordinates":[-122.28556877946752,47.47083706803766]},"properties":{"OBJECTID":60,"Lot_Name":"Church by the Side of the Road","CountyName":"King","CityName":"Tukwila","Street_Location":"S 148th St and Pacific Hwy S","Address":"3455 S 148th St","ZipCode":"98168","Approx_Numb_Spaces":28}},{"type":"Feature","id":118,"geometry":{"type":"Point","coordinates":[-122.65203802732844,47.566965419549533]},"properties":{"OBJECTID":118,"Lot_Name":"Gateway Center","CountyName":"Kitsap","CityName":"Bremerton","Street_Location":"6th St and Montgomery","Address":"394 N Montgomery Ave","ZipCode":"98312","Approx_Numb_Spaces":104}},{"type":"Feature","id":17,"geometry":{"type":"Point","coordinates":[-117.41910706469831,47.667031938995017]},"properties":{"OBJECTID":17,"Lot_Name":"Arena","CountyName":"Spokane","CityName":"Spokane","Street_Location":"Boone and Stevens","Address":"429 W Boone Ave","ZipCode":"99201","Approx_Numb_Spaces":488}},{"type":"Feature","id":154,"geometry":{"type":"Point","coordinates":[-122.24291806516278,47.757581940602925]},"properties":{"OBJECTID":154,"Lot_Name":"Kenmore","CountyName":"King","CityName":"Kenmore","Street_Location":"Bothell Way and 73rd Ave NE","Address":"7346 NE Bothell Way","ZipCode":"98028","Approx_Numb_Spaces":606}},{"type":"Feature","id":30,"geometry":{"type":"Point","coordinates":[-122.83412427140566,47.440653276038923]},"properties":{"OBJECTID":30,"Lot_Name":"Belfair Assembly of God Church","CountyName":"Mason","CityName":"Belfair","Street_Location":"23001 NE SR 3","Address":"23001 NE SR 3","ZipCode":"98528","Approx_Numb_Spaces":40}},{"type":"Feature","id":269,"geometry":{"type":"Point","coordinates":[-122.48602763620845,47.203120991788396]},"properties":{"OBJECTID":269,"Lot_Name":"S. Tacoma Station","CountyName":"Pierce","CityName":"Tacoma","Street_Location":"S 60th and S Adams","Address":"5650 S Washington St","ZipCode":"98409","Approx_Numb_Spaces":220}},{"type":"Feature","id":356,"geometry":{"type":"Point","coordinates":[-124.09954182930979,46.858305033680203]},"properties":{"OBJECTID":356,"Lot_Name":"Westport","CountyName":"Grays Harbor","CityName":"Westport","Street_Location":"Englewood Ln S and SR 105","Address":"704 Englewood Ln S","ZipCode":"98595","Approx_Numb_Spaces":15}},{"type":"Feature","id":66,"geometry":{"type":"Point","coordinates":[-122.63891384247579,45.619462532582851]},"properties":{"OBJECTID":66,"Lot_Name":"Columbia House Park and Pool","CountyName":"Clark","CityName":"Vancouver","Street_Location":"Columbia House Blvd, west of E Grove St.","Address":"3031 Columbia House Blvd","ZipCode":"98661","Approx_Numb_Spaces":35}},{"type":"Feature","id":240,"geometry":{"type":"Point","coordinates":[-122.43583084172295,47.147674922708966]},"properties":{"OBJECTID":240,"Lot_Name":"Parkland Transit Center","CountyName":"Pierce","CityName":"Parkland","Street_Location":"Pacific Ave S and 121 St S.","Address":"301 121st Street","ZipCode":"98444","Approx_Numb_Spaces":62}},{"type":"Feature","id":172,"geometry":{"type":"Point","coordinates":[-123.53491081653581,48.099116444986038]},"properties":{"OBJECTID":172,"Lot_Name":"Laird's Corner","CountyName":"Clallam","CityName":"Port Angeles","Street_Location":"US 101 and Laird Rd","Address":"US 101 and Laird Rd","ZipCode":"98363","Approx_Numb_Spaces":46}},{"type":"Feature","id":357,"geometry":{"type":"Point","coordinates":[-121.49226226157121,45.724121362589337]},"properties":{"OBJECTID":357,"Lot_Name":"White Salmon Park and Ride","CountyName":"Klickitat","CityName":"White Salmon","Street_Location":"SR 14 behind Mt Adams Chamber of Commerce","Address":"1 Heritage Plaza","ZipCode":"98672","Approx_Numb_Spaces":51}},{"type":"Feature","id":259,"geometry":{"type":"Point","coordinates":[-122.31017499174318,47.355351725558577]},"properties":{"OBJECTID":259,"Lot_Name":"Redondo Heights P&R","CountyName":"King","CityName":"Federal Way","Street_Location":"Pacific Hwy S at S 276th St","Address":"27454 Pacific Highway S","ZipCode":"98032","Approx_Numb_Spaces":697}},{"type":"Feature","id":241,"geometry":{"type":"Point","coordinates":[-123.0949505113376,47.21460378803323]},"properties":{"OBJECTID":241,"Lot_Name":"Pear Orchard","CountyName":"Mason","CityName":"Shelton","Street_Location":"SR 3 North Shelton","Address":"SR 3 and E. Pine St","ZipCode":"98584","Approx_Numb_Spaces":20}},{"type":"Feature","id":156,"geometry":{"type":"Point","coordinates":[-122.20157943624258,47.518409182168796]},"properties":{"OBJECTID":156,"Lot_Name":"Kennydale United Methodist","CountyName":"King","CityName":"Renton","Street_Location":"Park Ave N and N 30th St","Address":"3005 Park Ave N","ZipCode":"98056","Approx_Numb_Spaces":50}},{"type":"Feature","id":267,"geometry":{"type":"Point","coordinates":[-120.12682347064781,47.367898841906992]},"properties":{"OBJECTID":267,"Lot_Name":"Rock Island Park and Ride","CountyName":"Douglas","CityName":"Rock Island","Street_Location":"SR 28 north of Battermann Rd","Address":"SR 28 north of Battermann Rd","ZipCode":"98850","Approx_Numb_Spaces":34}},{"type":"Feature","id":146,"geometry":{"type":"Point","coordinates":[-122.3203457220489,47.675889160309502]},"properties":{"OBJECTID":146,"Lot_Name":"I-5/NE 65th Street/Green Lake","CountyName":"King","CityName":"Seattle","Street_Location":"I-5 and NE 65th St","Address":"6601 8th Ave NE","ZipCode":"98115","Approx_Numb_Spaces":411}},{"type":"Feature","id":271,"geometry":{"type":"Point","coordinates":[-122.66029252182996,45.721672477771158]},"properties":{"OBJECTID":271,"Lot_Name":"Salmon Creek Park and Ride","CountyName":"Clark","CityName":"Vancouver","Street_Location":"NE 10th Ave between NE 136th St and NE 139th St","Address":"1112 NE 136th St","ZipCode":"98685","Approx_Numb_Spaces":495}},{"type":"Feature","id":235,"geometry":{"type":"Point","coordinates":[-122.57329795651,47.469196598122615]},"properties":{"OBJECTID":235,"Lot_Name":"Olalla Valley Fire Station","CountyName":"Kitsap","CityName":"Port Orchard","Street_Location":"Mullenix and Olalla Valley Rd","Address":"8696 Olalla Valley Rd SE","ZipCode":"98367","Approx_Numb_Spaces":47}},{"type":"Feature","id":85,"geometry":{"type":"Point","coordinates":[-122.13727511762029,47.570902520502749]},"properties":{"OBJECTID":85,"Lot_Name":"Eastgate Congregational Church","CountyName":"King","CityName":"Bellevue","Street_Location":"15318 SE Newport Way","Address":"15318 SE Newport Way","ZipCode":"98006","Approx_Numb_Spaces":20}},{"type":"Feature","id":191,"geometry":{"type":"Point","coordinates":[-122.17959810342245,48.061387159114034]},"properties":{"OBJECTID":191,"Lot_Name":"Marysville Cedar and Grove","CountyName":"Snohomish","CityName":"Marysville","Street_Location":"72nd Street and Cedar Ave NE quarter","Address":"1310 Grove Street","ZipCode":"98270","Approx_Numb_Spaces":222}},{"type":"Feature","id":358,"geometry":{"type":"Point","coordinates":[-122.18517530300062,47.602726610875287]},"properties":{"OBJECTID":358,"Lot_Name":"Wilburton","CountyName":"King","CityName":"Bellevue","Street_Location":"I-405 and SE 8th St","Address":"720 114th Ave SE","ZipCode":"98005","Approx_Numb_Spaces":186}},{"type":"Feature","id":195,"geometry":{"type":"Point","coordinates":[-123.26522573312008,47.053514821520949]},"properties":{"OBJECTID":195,"Lot_Name":"McCleary Station","CountyName":"Grays Harbor","CityName":"McCleary","Street_Location":"3rd St and W Maple St","Address":"315 S 3rd St","ZipCode":"98557","Approx_Numb_Spaces":9}},{"type":"Feature","id":45,"geometry":{"type":"Point","coordinates":[-121.90466312472007,45.664082021415936]},"properties":{"OBJECTID":45,"Lot_Name":"Bridge of the Gods Park and Ride","CountyName":"Skamania","CityName":"Stevenson","Street_Location":"SR 14 and Bridge of the Gods","Address":"SR 14 and Bridge of the Gods","ZipCode":"98648","Approx_Numb_Spaces":3}},{"type":"Feature","id":78,"geometry":{"type":"Point","coordinates":[-120.33478422391055,46.549251283453891]},"properties":{"OBJECTID":78,"Lot_Name":"Deeringhoff","CountyName":"Yakima","CityName":"Moxee","Street_Location":"SR 24 and Deeringhoff Rd","Address":"171 Deeringhoff Rd","ZipCode":"98936","Approx_Numb_Spaces":32}},{"type":"Feature","id":321,"geometry":{"type":"Point","coordinates":[-122.24357446756022,48.238552165339854]},"properties":{"OBJECTID":321,"Lot_Name":"Stanwood","CountyName":"Snohomish","CityName":"Stanwood","Street_Location":"Marine Dr/SR-532","Address":"26625 Old Hwy 99 N","ZipCode":"98292","Approx_Numb_Spaces":74}},{"type":"Feature","id":99,"geometry":{"type":"Point","coordinates":[-122.85118468748684,47.593540125419167]},"properties":{"OBJECTID":99,"Lot_Name":"Evergreen Lutheran Church","CountyName":"Kitsap","CityName":"Seabeck","Street_Location":"3200 Seabeck Holly Rd","Address":"3200 Seabeck Holly Rd","ZipCode":"98380","Approx_Numb_Spaces":14}},{"type":"Feature","id":244,"geometry":{"type":"Point","coordinates":[-122.97126308345536,47.278251985056116]},"properties":{"OBJECTID":244,"Lot_Name":"Pickering Road","CountyName":"Mason","CityName":"Shelton","Street_Location":"SR 3 and Pickering Road","Address":"SR 3 and E Pickering Road","ZipCode":"98584","Approx_Numb_Spaces":33}},{"type":"Feature","id":285,"geometry":{"type":"Point","coordinates":[-121.87349601391847,47.532844917963772]},"properties":{"OBJECTID":285,"Lot_Name":"Snoqualmie Community Park","CountyName":"King","CityName":"Snoqualmie","Street_Location":"35016 SE Ridge St","Address":"35016 SE Ridge St","ZipCode":"98065","Approx_Numb_Spaces":20}},{"type":"Feature","id":348,"geometry":{"type":"Point","coordinates":[-119.17533715780114,46.184422806537924]},"properties":{"OBJECTID":348,"Lot_Name":"Union and 27th","CountyName":"Benton","CityName":"Kennewick","Street_Location":"27th Ave and Union St","Address":"4001 W 27th Ave","ZipCode":"99337","Approx_Numb_Spaces":50}},{"type":"Feature","id":298,"geometry":{"type":"Point","coordinates":[-122.03688158578784,47.582385467667244]},"properties":{"OBJECTID":298,"Lot_Name":"South Sammamish","CountyName":"King","CityName":"Sammamish","Street_Location":"228th Ave SE and Issaquah-Pine Lake Rd","Address":"3015 228th Ave SE","ZipCode":"98074","Approx_Numb_Spaces":265}},{"type":"Feature","id":41,"geometry":{"type":"Point","coordinates":[-122.18484702845615,47.174249724547145]},"properties":{"OBJECTID":41,"Lot_Name":"Bonney Lake (SR410)","CountyName":"Pierce","CityName":"Bonney Lake","Street_Location":"184th Ave E and SR 410","Address":"9201 Sky Island Road E.","ZipCode":"98391","Approx_Numb_Spaces":356}},{"type":"Feature","id":217,"geometry":{"type":"Point","coordinates":[-121.78885045787679,47.496099591844931]},"properties":{"OBJECTID":217,"Lot_Name":"North Bend","CountyName":"King","CityName":"North Bend","Street_Location":"W North Bend Way and Sydney Ave.","Address":"W. North Bend Way & Sydney Ave","ZipCode":"98045","Approx_Numb_Spaces":80}},{"type":"Feature","id":51,"geometry":{"type":"Point","coordinates":[-122.38661767181992,45.581404922998942]},"properties":{"OBJECTID":51,"Lot_Name":"Camas Park and Ride","CountyName":"Clark","CityName":"Camas","Street_Location":"SE 8th Avenue and SE Tampa Street","Address":"748 SE Tampa St","ZipCode":"98607","Approx_Numb_Spaces":20}},{"type":"Feature","id":80,"geometry":{"type":"Point","coordinates":[-121.98570064200185,47.743146330658838]},"properties":{"OBJECTID":80,"Lot_Name":"Duvall","CountyName":"King","CityName":"Duvall","Street_Location":"SR 203 and Woodinville-Duvall Rd","Address":"SR 203 & Woodinville-Duvall Rd","ZipCode":"98019","Approx_Numb_Spaces":49}},{"type":"Feature","id":242,"geometry":{"type":"Point","coordinates":[-122.25768161618325,47.302202223925534]},"properties":{"OBJECTID":242,"Lot_Name":"Peasley Canyon Road/West Valley Highway","CountyName":"King","CityName":"Auburn","Street_Location":"W Valley Rd and Peasley Canyon Rd (E of SR 167, S of SR 18)","Address":"Peasley Canyon Rd/West Valley Hwy","ZipCode":"98001","Approx_Numb_Spaces":54}},{"type":"Feature","id":351,"geometry":{"type":"Point","coordinates":[-122.46142148573738,47.42326494961506]},"properties":{"OBJECTID":351,"Lot_Name":"Valley Center","CountyName":"King","CityName":"Vashon Island","Street_Location":"Vashon Hwy SW and SW 204th St","Address":"20221 Vashon Hwy SW","ZipCode":"98070","Approx_Numb_Spaces":55}},{"type":"Feature","id":91,"geometry":{"type":"Point","coordinates":[-122.33051636529316,47.805482097120326]},"properties":{"OBJECTID":91,"Lot_Name":"Edmonds","CountyName":"Snohomish","CityName":"Edmonds","Street_Location":"S of 72nd Ave, W of 213th Pl","Address":"21300 72nd Ave W","ZipCode":"98026","Approx_Numb_Spaces":255}},{"type":"Feature","id":307,"geometry":{"type":"Point","coordinates":[-123.7186369903437,46.918016293523003]},"properties":{"OBJECTID":307,"Lot_Name":"SR 107 and US 101","CountyName":"Grays Harbor","CityName":"Grays Harbor","Street_Location":"SR 107 and US 101","Address":"1297 WA-107","ZipCode":"98537","Approx_Numb_Spaces":20}},{"type":"Feature","id":277,"geometry":{"type":"Point","coordinates":[-122.24193416157624,48.479693435104828]},"properties":{"OBJECTID":277,"Lot_Name":"Sedro Woolley South","CountyName":"Skagit","CityName":"Sedro Woolley","Street_Location":"W of SR 9, just S of Skagit river","Address":"23530 S Skagit Hwy","ZipCode":"98284","Approx_Numb_Spaces":25}},{"type":"Feature","id":223,"geometry":{"type":"Point","coordinates":[-122.32821091650257,47.701565622252559]},"properties":{"OBJECTID":223,"Lot_Name":"North Seattle","CountyName":"King","CityName":"Seattle","Street_Location":"10001 1st Ave NE","Address":"10001 1st Ave NE","ZipCode":"98133","Approx_Numb_Spaces":102}},{"type":"Feature","id":114,"geometry":{"type":"Point","coordinates":[-122.818332078908,48.049690585260876]},"properties":{"OBJECTID":114,"Lot_Name":"Four Corners Shopping Center","CountyName":"Jefferson","CityName":"Port Townsend","Street_Location":"Four Corners Rd and SR 20","Address":"63 Four Corners Rd","ZipCode":"98368","Approx_Numb_Spaces":40}},{"type":"Feature","id":247,"geometry":{"type":"Point","coordinates":[-122.65466277448697,47.747083179087134]},"properties":{"OBJECTID":247,"Lot_Name":"Poulsbo Junction","CountyName":"Kitsap","CityName":"Poulsbo","Street_Location":"Viking Ave and Lindvig","Address":"371 NW Lindvig Way","ZipCode":"98370","Approx_Numb_Spaces":35}},{"type":"Feature","id":76,"geometry":{"type":"Point","coordinates":[-122.6385866407616,47.631269765522475]},"properties":{"OBJECTID":76,"Lot_Name":"Crossroads Neighborhood Church","CountyName":"Kitsap","CityName":"Bremerton","Street_Location":"Fairgrounds Rd and Old Military Rd","Address":"7555 Old Military Rd NE","ZipCode":"98311","Approx_Numb_Spaces":107}},{"type":"Feature","id":344,"geometry":{"type":"Point","coordinates":[-122.26916461264663,47.482319998068839]},"properties":{"OBJECTID":344,"Lot_Name":"Tukwila","CountyName":"King","CityName":"Tukwila","Street_Location":"13445 Interurban Ave S","Address":"13445 Interurban Ave S","ZipCode":"98168","Approx_Numb_Spaces":267}},{"type":"Feature","id":1,"geometry":{"type":"Point","coordinates":[-119.11956299262788,46.235603812622102]},"properties":{"OBJECTID":1,"Lot_Name":"22nd Ave Transit Center","CountyName":"Franklin","CityName":"Pasco","Street_Location":"N 22nd Ave and W Sylvester St","Address":"801 N 22nd Ave","ZipCode":"99301","Approx_Numb_Spaces":50}},{"type":"Feature","id":104,"geometry":{"type":"Point","coordinates":[-122.22848216750621,47.262176052699672]},"properties":{"OBJECTID":104,"Lot_Name":"Family Life Center","CountyName":"King","CityName":"Auburn","Street_Location":"116 Lakeland Hills Way SE","Address":"116 Lakeland Hills Way SE","ZipCode":"98092","Approx_Numb_Spaces":27}},{"type":"Feature","id":296,"geometry":{"type":"Point","coordinates":[-122.62251042871898,47.375364739732717]},"properties":{"OBJECTID":296,"Lot_Name":"South Purdy","CountyName":"Pierce","CityName":"Purdy","Street_Location":"SR 16 and Goodnough Dr NW","Address":"12904 Purdy Dr NW","ZipCode":"98332","Approx_Numb_Spaces":20}},{"type":"Feature","id":14,"geometry":{"type":"Point","coordinates":[-122.6005280920033,45.64275647071225]},"properties":{"OBJECTID":14,"Lot_Name":"Andresen Park and Ride at Living Hope Church","CountyName":"Clark","CityName":"Vancouver","Street_Location":"2711 NE Andresen Road","Address":"2711 NE Andresen Road","ZipCode":"98661","Approx_Numb_Spaces":30}},{"type":"Feature","id":166,"geometry":{"type":"Point","coordinates":[-121.05141958752385,47.195428732397218]},"properties":{"OBJECTID":166,"Lot_Name":"Kittitas Park and Ride","CountyName":"Kittitas","CityName":"Cle Elum","Street_Location":"Golf Course Rd and I-90","Address":"SR 28 north of Battermann Rd","ZipCode":"98922","Approx_Numb_Spaces":26}},{"type":"Feature","id":120,"geometry":{"type":"Point","coordinates":[-122.33663010375959,48.45238565922056]},"properties":{"OBJECTID":120,"Lot_Name":"George Hopper Park and Ride","CountyName":"Skagit","CityName":"Burlington","Street_Location":"George Hopper Rd and S Burlington Blvd","Address":"1787 S Burlington Blvd","ZipCode":"98233","Approx_Numb_Spaces":77}},{"type":"Feature","id":206,"geometry":{"type":"Point","coordinates":[-122.33445366903636,48.418997984863481]},"properties":{"OBJECTID":206,"Lot_Name":"Mount Vernon Park and Ride","CountyName":"Skagit","CityName":"Mt Vernon","Street_Location":"I-5 and Kincaid St (across from Skagit Station)","Address":"S. 4th Street","ZipCode":"98273","Approx_Numb_Spaces":44}},{"type":"Feature","id":361,"geometry":{"type":"Point","coordinates":[-122.74324448733097,45.90456696823437]},"properties":{"OBJECTID":361,"Lot_Name":"Woodland Park and Ride","CountyName":"Cowlitz","CityName":"Woodland","Street_Location":"I-5 and SR 503","Address":"900 Goerig St","ZipCode":"98674","Approx_Numb_Spaces":84}},{"type":"Feature","id":13,"geometry":{"type":"Point","coordinates":[-122.67992557969505,48.50462767823403]},"properties":{"OBJECTID":13,"Lot_Name":"Anacortes Ferry Terminal","CountyName":"Skagit","CityName":"Anacortes","Street_Location":"Multiple locations on west side of road approaching Ferry Terminal","Address":"2100 Ferry Terminal Road","ZipCode":"98221","Approx_Numb_Spaces":1265}},{"type":"Feature","id":237,"geometry":{"type":"Point","coordinates":[-122.33609364822668,47.520049563951432]},"properties":{"OBJECTID":237,"Lot_Name":"Olson/Myers","CountyName":"King","CityName":"Seattle","Street_Location":"Olson Place SW and Myers Way S","Address":"9000 Olson Pl SW","ZipCode":"98106","Approx_Numb_Spaces":100}},{"type":"Feature","id":72,"geometry":{"type":"Point","coordinates":[-122.06444048922097,47.358632610704397]},"properties":{"OBJECTID":72,"Lot_Name":"Cornerstone United Methodist Church","CountyName":"King","CityName":"Covington","Street_Location":"20730 SE 272nd St (SR 516)","Address":"20730 SE 272nd St","ZipCode":"98042","Approx_Numb_Spaces":20}},{"type":"Feature","id":320,"geometry":{"type":"Point","coordinates":[-122.18386292838611,47.506926260865647]},"properties":{"OBJECTID":320,"Lot_Name":"St. Matthew Lutheran Church","CountyName":"King","CityName":"Renton","Street_Location":"NE 16th St and Edmonds Ave NE","Address":"2516 NE 16th St","ZipCode":"98056","Approx_Numb_Spaces":128}},{"type":"Feature","id":331,"geometry":{"type":"Point","coordinates":[-122.36496502490428,47.571558644972995]},"properties":{"OBJECTID":331,"Lot_Name":"SW Spokane Street","CountyName":"King","CityName":"Seattle","Street_Location":"26th Ave SW and SW Spokane St","Address":"3599 26th Ave SW","ZipCode":"98126","Approx_Numb_Spaces":55}},{"type":"Feature","id":40,"geometry":{"type":"Point","coordinates":[-122.00407311630305,47.309748196692702]},"properties":{"OBJECTID":40,"Lot_Name":"Black Diamond Masonic Lodge","CountyName":"King","CityName":"Black Diamond","Street_Location":"32523 3rd Ave","Address":"32523 3rd Ave","ZipCode":"98010","Approx_Numb_Spaces":30}},{"type":"Feature","id":359,"geometry":{"type":"Point","coordinates":[-122.15138279375999,47.756597709359617]},"properties":{"OBJECTID":359,"Lot_Name":"Woodinville","CountyName":"King","CityName":"Woodinville","Street_Location":"140th Ave NE and NE 179th St","Address":"17800 140th Ave NE","ZipCode":"98072","Approx_Numb_Spaces":438}},{"type":"Feature","id":12,"geometry":{"type":"Point","coordinates":[-122.54377051847378,47.621755364012458]},"properties":{"OBJECTID":12,"Lot_Name":"American Legion Post","CountyName":"Kitsap","CityName":"Bainbridge Island","Street_Location":"7880 NE Bucklin Hill Rd","Address":"7880 NE Bucklin Hill Rd","ZipCode":"98110","Approx_Numb_Spaces":5}},{"type":"Feature","id":24,"geometry":{"type":"Point","coordinates":[-122.34167118475391,47.774970340525137]},"properties":{"OBJECTID":24,"Lot_Name":"Aurora Village Transit Center","CountyName":"King","CityName":"Shoreline","Street_Location":"N 200th St and Meridian Ave N (East of Aurora)","Address":"1524 N 200th St","ZipCode":"98133","Approx_Numb_Spaces":202}},{"type":"Feature","id":199,"geometry":{"type":"Point","coordinates":[-122.23176315084692,47.58861901481329]},"properties":{"OBJECTID":199,"Lot_Name":"Mercer Island","CountyName":"King","CityName":"Mercer Island","Street_Location":"80th Ave SE and N Mercer Way","Address":"8000 N Mercer Way","ZipCode":"98040","Approx_Numb_Spaces":447}},{"type":"Feature","id":113,"geometry":{"type":"Point","coordinates":[-124.38497492502145,47.945245170489798]},"properties":{"OBJECTID":113,"Lot_Name":"Forks Transit Center","CountyName":"Clallam","CityName":"Forks","Street_Location":"US 101 and E East St","Address":"551 South Forks Ave","ZipCode":"98331","Approx_Numb_Spaces":92}},{"type":"Feature","id":309,"geometry":{"type":"Point","coordinates":[-122.18222242285545,47.300561815623389]},"properties":{"OBJECTID":309,"Lot_Name":"SR 18/Auburn","CountyName":"King","CityName":"Auburn","Street_Location":"SR 18 and Auburn-Black Diamond Rd","Address":"11903 SE Auburn-Black Diamond Road","ZipCode":"98092","Approx_Numb_Spaces":26}},{"type":"Feature","id":7,"geometry":{"type":"Point","coordinates":[-122.17402059908837,47.877988551296724]},"properties":{"OBJECTID":7,"Lot_Name":"Advent Lutheran Church","CountyName":"Snohomish","CityName":"Mill Creek","Street_Location":"4306 132nd St SE","Address":"4306 132nd St SE","ZipCode":"98012","Approx_Numb_Spaces":62}},{"type":"Feature","id":43,"geometry":{"type":"Point","coordinates":[-122.66581754117341,47.572870910623585]},"properties":{"OBJECTID":43,"Lot_Name":"Bremerton United Methodist Church","CountyName":"Kitsap","CityName":"Bremerton","Street_Location":"Marina Dr and Dora St","Address":"1150 Marine Dr","ZipCode":"98312","Approx_Numb_Spaces":53}},{"type":"Feature","id":212,"geometry":{"type":"Point","coordinates":[-122.13793122650381,47.463947353594833]},"properties":{"OBJECTID":212,"Lot_Name":"New Life Church @ Renton","CountyName":"King","CityName":"Renton","Street_Location":"152nd and Renton-Maple Valley Hwy","Address":"15711 152nd Ave SE","ZipCode":"98059","Approx_Numb_Spaces":25}},{"type":"Feature","id":158,"geometry":{"type":"Point","coordinates":[-122.23241922911635,47.383238820717906]},"properties":{"OBJECTID":158,"Lot_Name":"Kent Garage","CountyName":"King","CityName":"Kent","Street_Location":"301 Railroad Ave N","Address":"301 Railroad Ave N","ZipCode":"98032","Approx_Numb_Spaces":877}},{"type":"Feature","id":203,"geometry":{"type":"Point","coordinates":[-122.23537218664983,47.84813295654903]},"properties":{"OBJECTID":203,"Lot_Name":"Mill Creek Community Church","CountyName":"Snohomish","CityName":"Mill Creek","Street_Location":"16415 North Road","Address":"16415 North Road","ZipCode":"98012","Approx_Numb_Spaces":30}},{"type":"Feature","id":187,"geometry":{"type":"Point","coordinates":[-122.23865303642481,47.879628962329591]},"properties":{"OBJECTID":187,"Lot_Name":"Mariner","CountyName":"Snohomish","CityName":"Everett","Street_Location":"132nd St SW and 4th Ave W","Address":"13102 4th Ave W (so. of 128th St SW)","ZipCode":"98204","Approx_Numb_Spaces":644}},{"type":"Feature","id":117,"geometry":{"type":"Point","coordinates":[-120.48898345535918,46.607978180941167]},"properties":{"OBJECTID":117,"Lot_Name":"Gateway","CountyName":"Yakima","CityName":"Yakima","Street_Location":"N Fair Ave (Across from Target)","Address":"101 North Fair Avenue","ZipCode":"98901","Approx_Numb_Spaces":64}},{"type":"Feature","id":103,"geometry":{"type":"Point","coordinates":[-117.41910711047031,47.768081629174546]},"properties":{"OBJECTID":103,"Lot_Name":"Fairwood","CountyName":"Spokane","CityName":"Spokane","Street_Location":"W Hastings Road and Mayfair Road","Address":"511 W Hastings Rd","ZipCode":"99218","Approx_Numb_Spaces":200}},{"type":"Feature","id":340,"geometry":{"type":"Point","coordinates":[-122.06214399009407,47.540718875468443]},"properties":{"OBJECTID":340,"Lot_Name":"Tibbetts Lot","CountyName":"King","CityName":"Issaquah","Street_Location":"1675 Newport Way NW","Address":"1675 Newport Way NW","ZipCode":"98027","Approx_Numb_Spaces":170}},{"type":"Feature","id":257,"geometry":{"type":"Point","coordinates":[-122.12382373521297,47.67654537486726]},"properties":{"OBJECTID":257,"Lot_Name":"Redmond","CountyName":"King","CityName":"Redmond","Street_Location":"161st Ave NE and NE 83rd St","Address":"16201 NE 83rd St","ZipCode":"98052","Approx_Numb_Spaces":377}},{"type":"Feature","id":4,"geometry":{"type":"Point","coordinates":[-122.41155269096797,47.191966175620848]},"properties":{"OBJECTID":4,"Lot_Name":"72nd St. Transit Center","CountyName":"Pierce","CityName":"Tacoma","Street_Location":"72nd St E and West of E Portland Ave","Address":"1319 E 72nd St","ZipCode":"98404","Approx_Numb_Spaces":68}},{"type":"Feature","id":304,"geometry":{"type":"Point","coordinates":[-122.50079154019585,47.51184745072802]},"properties":{"OBJECTID":304,"Lot_Name":"Southworth Ferry Terminal","CountyName":"Kitsap","CityName":"Southworth","Street_Location":"South side of Southworth Drive just before Ferry Terminal where Southworth turns into SR 160","Address":"11564 SE State Highway 160","ZipCode":"98386","Approx_Numb_Spaces":340}},{"type":"Feature","id":107,"geometry":{"type":"Point","coordinates":[-122.30066054812355,47.312700888626324]},"properties":{"OBJECTID":107,"Lot_Name":"Federal Way/S. 320th Street","CountyName":"King","CityName":"Federal Way","Street_Location":"23rd Ave S and S 323rd St","Address":"32320 23rd Ave S","ZipCode":"98003","Approx_Numb_Spaces":877}},{"type":"Feature","id":312,"geometry":{"type":"Point","coordinates":[-120.78983603563213,46.748397798510403]},"properties":{"OBJECTID":312,"Lot_Name":"SR 410 and US 12","CountyName":"Yakima","CityName":"Naches","Street_Location":"SR 410 and US 12","Address":"50 Washington 410","ZipCode":"98937","Approx_Numb_Spaces":25}},{"type":"Feature","id":295,"geometry":{"type":"Point","coordinates":[-122.33642215613304,48.38586156882738]},"properties":{"OBJECTID":295,"Lot_Name":"South Mount Vernon Park and Ride","CountyName":"Skagit","CityName":"Mt Vernon","Street_Location":"Old Hwy 99 and Hickok Rd","Address":"4011 Old Hwy 99 South Road","ZipCode":"98273","Approx_Numb_Spaces":382}},{"type":"Feature","id":83,"geometry":{"type":"Point","coordinates":[-120.28622823806464,47.399643397542171]},"properties":{"OBJECTID":83,"Lot_Name":"East Wenatchee Park and Ride","CountyName":"Douglas","CityName":"East Wenatchee","Street_Location":"SR 28 and 3rd St SE","Address":"310 Rock Island Rd","ZipCode":"98802","Approx_Numb_Spaces":40}},{"type":"Feature","id":227,"geometry":{"type":"Point","coordinates":[-122.32821491571468,47.700923621532709]},"properties":{"OBJECTID":227,"Lot_Name":"Northgate TC Interim (Lot B)","CountyName":"King","CityName":"Seattle","Street_Location":"9580 1st Ave NE","Address":"9580 1st Ave NE","ZipCode":"98125","Approx_Numb_Spaces":99}},{"type":"Feature","id":192,"geometry":{"type":"Point","coordinates":[-122.18386318604058,48.053841239487312]},"properties":{"OBJECTID":192,"Lot_Name":"Marysville I (South)","CountyName":"Snohomish","CityName":"Marysville","Street_Location":"Ash Ave and 6th St (NE of I-5 and 4th)","Address":"6th St/Ash Ave.","ZipCode":"98270","Approx_Numb_Spaces":74}},{"type":"Feature","id":134,"geometry":{"type":"Point","coordinates":[-122.35873141051792,47.517096804049082]},"properties":{"OBJECTID":134,"Lot_Name":"Holy Family Church","CountyName":"King","CityName":"Seattle","Street_Location":"9641 20th Ave SW","Address":"9641 20th Ave SW","ZipCode":"98106","Approx_Numb_Spaces":23}},{"type":"Feature","id":22,"geometry":{"type":"Point","coordinates":[-122.23110684852922,47.307123471850112]},"properties":{"OBJECTID":22,"Lot_Name":"Auburn Surface Lot at Auburn Station","CountyName":"King","CityName":"Auburn","Street_Location":"A St SW and 1st St SW","Address":"A St SW & 2nd St SW","ZipCode":"98001","Approx_Numb_Spaces":113}},{"type":"Feature","id":173,"geometry":{"type":"Point","coordinates":[-122.15169086453351,47.605627636188338]},"properties":{"OBJECTID":173,"Lot_Name":"Lake Hills Baptist Church","CountyName":"King","CityName":"Bellevue","Street_Location":"140th Ave SE and SE 5th St","Address":"506 140th Ave SE","ZipCode":"98005","Approx_Numb_Spaces":50}},{"type":"Feature","id":229,"geometry":{"type":"Point","coordinates":[-122.32592315165232,47.703120080483394]},"properties":{"OBJECTID":229,"Lot_Name":"Northgate Transit Center Extension","CountyName":"King","CityName":"Seattle","Street_Location":"3rd Ave NE and NE 103rd St","Address":"3rd Ave NE & NE 103rd St","ZipCode":"98125","Approx_Numb_Spaces":448}},{"type":"Feature","id":328,"geometry":{"type":"Point","coordinates":[-122.33346887767345,47.28284528481781]},"properties":{"OBJECTID":328,"Lot_Name":"Sunrise United Methodist Church","CountyName":"King","CityName":"Federal Way","Street_Location":"150 S 356th St","Address":"150 S 356th St","ZipCode":"98003","Approx_Numb_Spaces":25}},{"type":"Feature","id":28,"geometry":{"type":"Point","coordinates":[-122.10052981409622,47.673920719470061]},"properties":{"OBJECTID":28,"Lot_Name":"Bear Creek","CountyName":"King","CityName":"Redmond","Street_Location":"178th PL NE and NE Union Hill Road","Address":"7760 178th PL NE","ZipCode":"98052","Approx_Numb_Spaces":283}},{"type":"Feature","id":95,"geometry":{"type":"Point","coordinates":[-123.40794201472352,47.003646113000841]},"properties":{"OBJECTID":95,"Lot_Name":"Elma Station","CountyName":"Grays Harbor","CityName":"Elma","Street_Location":"6th and Main St","Address":"601 E Main Street","ZipCode":"98541","Approx_Numb_Spaces":21}},{"type":"Feature","id":256,"geometry":{"type":"Point","coordinates":[-119.47337410908862,46.251947839626844]},"properties":{"OBJECTID":256,"Lot_Name":"Red Mountain Park and Ride","CountyName":"Benton","CityName":"Benton City","Street_Location":"I-82 and SR 225","Address":"I-82 and SR 225","ZipCode":"99320","Approx_Numb_Spaces":49}},{"type":"Feature","id":18,"geometry":{"type":"Point","coordinates":[-122.12940139957935,48.196229430588481]},"properties":{"OBJECTID":18,"Lot_Name":"Arlington","CountyName":"Snohomish","CityName":"Arlington","Street_Location":"HWY 9 & 4th Street","Address":"West 4th street","ZipCode":"98223","Approx_Numb_Spaces":25}},{"type":"Feature","id":81,"geometry":{"type":"Point","coordinates":[-122.53983355215644,47.680482293352767]},"properties":{"OBJECTID":81,"Lot_Name":"East Day Road on Phelps Road","CountyName":"Kitsap","CityName":"Bainbridge Island","Street_Location":"12900 Phelps Road NE","Address":"12900 Phelps Road NE","ZipCode":"98110","Approx_Numb_Spaces":45}},{"type":"Feature","id":125,"geometry":{"type":"Point","coordinates":[-122.21076582699391,47.616834177329373]},"properties":{"OBJECTID":125,"Lot_Name":"Grace Lutheran Church","CountyName":"King","CityName":"Bellevue","Street_Location":"NE 8th St and 96th Ave NE","Address":"9625 NE 8th St","ZipCode":"98009","Approx_Numb_Spaces":50}},{"type":"Feature","id":36,"geometry":{"type":"Point","coordinates":[-122.30886284698828,47.786453258335321]},"properties":{"OBJECTID":36,"Lot_Name":"Bethesda Lutheran Church","CountyName":"Snohomish","CityName":"Mountlake Terrace","Street_Location":"W of 56th Ave, N of 236th","Address":"23406 56th Ave W","ZipCode":"98043","Approx_Numb_Spaces":30}},{"type":"Feature","id":9,"geometry":{"type":"Point","coordinates":[-122.35315452563432,48.620441180787076]},"properties":{"OBJECTID":9,"Lot_Name":"Alger","CountyName":"Skagit","CityName":"Alger","Street_Location":"1458 Lake Samish Road","Address":"1458 Lake Samish Road","ZipCode":"98226","Approx_Numb_Spaces":45}},{"type":"Feature","id":58,"geometry":{"type":"Point","coordinates":[-117.58314871269167,47.482977131849125]},"properties":{"OBJECTID":58,"Lot_Name":"Cheney K Street Station Park and Ride","CountyName":"Spokane","CityName":"Cheney","Street_Location":"K Street and 1st Ave","Address":"201 W 2nd Street","ZipCode":"99004","Approx_Numb_Spaces":28}},{"type":"Feature","id":175,"geometry":{"type":"Point","coordinates":[-122.40039857195828,48.689338663928552]},"properties":{"OBJECTID":175,"Lot_Name":"Lake Samish Park and Ride","CountyName":"Whatcom","CityName":"Bellingham","Street_Location":"SE quadrant of I-5 exit 246 and Samish Way","Address":"5102 S Samish Way","ZipCode":"98229","Approx_Numb_Spaces":19}},{"type":"Feature","id":130,"geometry":{"type":"Point","coordinates":[-122.51588337698506,47.504301529100751]},"properties":{"OBJECTID":130,"Lot_Name":"Harper Church","CountyName":"Kitsap","CityName":"Port Orchard","Street_Location":"Sedgwick Rd (SR 160) and Wilson Creek Rd SE","Address":"10384 Sedgwick Rd SE","ZipCode":"98367","Approx_Numb_Spaces":462}},{"type":"Feature","id":98,"geometry":{"type":"Point","coordinates":[-122.19764265848931,47.975101227868919]},"properties":{"OBJECTID":98,"Lot_Name":"Everett Station","CountyName":"Snohomish","CityName":"Everett","Street_Location":"3201 Smith Ave","Address":"3201 Smith Ave","ZipCode":"98201","Approx_Numb_Spaces":1107}},{"type":"Feature","id":69,"geometry":{"type":"Point","coordinates":[-122.22470286667054,47.564325626084624]},"properties":{"OBJECTID":69,"Lot_Name":"Congregational Church of Mercer Island","CountyName":"King","CityName":"Mercer Island","Street_Location":"86th Ave SE and Island Crest Way","Address":"4545 Island Crest Way","ZipCode":"98040","Approx_Numb_Spaces":28}},{"type":"Feature","id":308,"geometry":{"type":"Point","coordinates":[-119.24259466007119,47.097150748670785]},"properties":{"OBJECTID":308,"Lot_Name":"SR 17 and I-90","CountyName":"Grant","CityName":"Moses Lake","Street_Location":"I-90 and SR 17","Address":"470 Washington 17","ZipCode":"98837","Approx_Numb_Spaces":26}},{"type":"Feature","id":216,"geometry":{"type":"Point","coordinates":[-122.33609360712887,47.430154722037102]},"properties":{"OBJECTID":216,"Lot_Name":"Normandy Park Congregational","CountyName":"King","CityName":"Normandy Park","Street_Location":"N side of 1st Ave S near 192nd Ave","Address":"19247 1st Avenue South","ZipCode":"98166","Approx_Numb_Spaces":10}},{"type":"Feature","id":297,"geometry":{"type":"Point","coordinates":[-122.21339042156252,47.472149414593211]},"properties":{"OBJECTID":297,"Lot_Name":"South Renton","CountyName":"King","CityName":"Renton","Street_Location":"S Grady Way and Shattuck Ave S","Address":"205 S 7th St","ZipCode":"98055","Approx_Numb_Spaces":373}},{"type":"Feature","id":87,"geometry":{"type":"Point","coordinates":[-120.3351127090358,47.470509400963898]},"properties":{"OBJECTID":87,"Lot_Name":"Easy Street","CountyName":"Chelan","CityName":"Wenatchee","Street_Location":"SR 2 and SR 97","Address":"150 Easy Street","ZipCode":"98801","Approx_Numb_Spaces":29}},{"type":"Feature","id":264,"geometry":{"type":"Point","coordinates":[-120.51883907051376,46.632912499315971]},"properties":{"OBJECTID":264,"Lot_Name":"Rest Haven Exit","CountyName":"Yakima","CityName":"Selah","Street_Location":"Rest Haven Rd and I-82","Address":"24 Rest Haven Rd","ZipCode":"98901","Approx_Numb_Spaces":75}},{"type":"Feature","id":313,"geometry":{"type":"Point","coordinates":[-122.48274678309774,47.16178249906006]},"properties":{"OBJECTID":313,"Lot_Name":"SR 512 (Lakewood)","CountyName":"Pierce","CityName":"Lakewood","Street_Location":"SE side of S Tacoma Wy and SR 512","Address":"10417 S Tacoma Way","ZipCode":"98499","Approx_Numb_Spaces":493}},{"type":"Feature","id":318,"geometry":{"type":"Point","coordinates":[-122.20157949080978,47.637831526954926]},"properties":{"OBJECTID":318,"Lot_Name":"St. Luke's Lutheran Church-Bellevue","CountyName":"King","CityName":"Bellevue","Street_Location":"Bellevue Way NE and NE 30th PL","Address":"3030 Bellevue Way NE","ZipCode":"98004","Approx_Numb_Spaces":30}},{"type":"Feature","id":278,"geometry":{"type":"Point","coordinates":[-123.10457113166191,48.081230555282573]},"properties":{"OBJECTID":278,"Lot_Name":"Sequim Transit Center","CountyName":"Clallam","CityName":"Sequim","Street_Location":"N 2nd Ave and W Cedar St","Address":"190 W Cedar Street","ZipCode":"98382","Approx_Numb_Spaces":23}},{"type":"Feature","id":155,"geometry":{"type":"Point","coordinates":[-122.23996532400852,47.756925769048621]},"properties":{"OBJECTID":155,"Lot_Name":"Kenmore Community Church","CountyName":"King","CityName":"Kenmore","Street_Location":"Bothell Way NE and 75th Ave NE","Address":"7504 NE Bothell Way","ZipCode":"98028","Approx_Numb_Spaces":15}},{"type":"Feature","id":108,"geometry":{"type":"Point","coordinates":[-122.57067396422993,48.848130987986025]},"properties":{"OBJECTID":108,"Lot_Name":"Ferndale Station Park and Ride","CountyName":"Whatcom","CityName":"Ferndale","Street_Location":"I-5 and Axton Rd (E of I-5)","Address":"1675 Main St","ZipCode":"98248","Approx_Numb_Spaces":131}},{"type":"Feature","id":326,"geometry":{"type":"Point","coordinates":[-122.24085778380837,47.201726604583662]},"properties":{"OBJECTID":326,"Lot_Name":"Sumner Red Apple Market Lot","CountyName":"Pierce","CityName":"Puyallup","Street_Location":"Alder Ave and Academy St","Address":"822 Alder Ave","ZipCode":"98390","Approx_Numb_Spaces":48}},{"type":"Feature","id":347,"geometry":{"type":"Point","coordinates":[-122.36004363969477,47.294328204693805]},"properties":{"OBJECTID":347,"Lot_Name":"Twin Lakes","CountyName":"King","CityName":"Federal Way","Street_Location":"21st Ave SW and SW 344th","Address":"2231 SW 344th Street","ZipCode":"98023","Approx_Numb_Spaces":600}},{"type":"Feature","id":162,"geometry":{"type":"Point","coordinates":[-122.24324598714446,47.385535400883235]},"properties":{"OBJECTID":162,"Lot_Name":"Kent/James Street","CountyName":"King","CityName":"Kent","Street_Location":"N Lincoln Ave and W James St","Address":"902 W James St","ZipCode":"98032","Approx_Numb_Spaces":713}},{"type":"Feature","id":178,"geometry":{"type":"Point","coordinates":[-122.40171057901352,48.032515765968377]},"properties":{"OBJECTID":178,"Lot_Name":"Langley Noble Creek Transit Park","CountyName":"Island","CityName":"Langley (Whidbey Island)","Street_Location":"Camano Ave and Sandy Point","Address":"830 Camano Ave","ZipCode":"98260","Approx_Numb_Spaces":64}},{"type":"Feature","id":286,"geometry":{"type":"Point","coordinates":[-122.34331148941384,47.517424900746612]},"properties":{"OBJECTID":286,"Lot_Name":"Sonrise Evangelical Free Church","CountyName":"King","CityName":"Seattle","Street_Location":"610 SW Roxbury street","Address":"610 SW Roxbury street","ZipCode":"98108","Approx_Numb_Spaces":10}},{"type":"Feature","id":105,"geometry":{"type":"Point","coordinates":[-122.03917799930827,47.210338925058728]},"properties":{"OBJECTID":105,"Lot_Name":"Farmer's Park","CountyName":"King","CityName":"Enumclaw","Street_Location":"SE 436th St (SR 164) and 228th Ave SE","Address":"22630 SE 436th Street","ZipCode":"98022","Approx_Numb_Spaces":25}},{"type":"Feature","id":292,"geometry":{"type":"Point","coordinates":[-122.30525364423541,47.161454442707701]},"properties":{"OBJECTID":292,"Lot_Name":"South Hill P&R","CountyName":"Pierce","CityName":"Puyallup","Street_Location":"3300 94th Ave E","Address":"3300 94th Ave E","ZipCode":"98373","Approx_Numb_Spaces":354}},{"type":"Feature","id":37,"geometry":{"type":"Point","coordinates":[-122.33379705598615,47.498724151722463]},"properties":{"OBJECTID":37,"Lot_Name":"Beverly Park First Baptist Church","CountyName":"King","CityName":"Seattle","Street_Location":"11659 1st Ave S","Address":"11659 1st Ave S","ZipCode":"98168","Approx_Numb_Spaces":12}},{"type":"Feature","id":102,"geometry":{"type":"Point","coordinates":[-122.51063462651739,48.719850394102529]},"properties":{"OBJECTID":102,"Lot_Name":"Fairhaven Park and Ride","CountyName":"Whatcom","CityName":"Bellingham","Street_Location":"Harris and 4th","Address":"400 Harris Ave","ZipCode":"98225","Approx_Numb_Spaces":237}},{"type":"Feature","id":6,"geometry":{"type":"Point","coordinates":[-123.8150935448501,46.976415107016884]},"properties":{"OBJECTID":6,"Lot_Name":"Aberdeen Station","CountyName":"Grays Harbor","CityName":"Aberdeen","Street_Location":"E Wishkah St and S G St","Address":"101 S G Street","ZipCode":"98520","Approx_Numb_Spaces":35}},{"type":"Feature","id":281,"geometry":{"type":"Point","coordinates":[-122.30230115333886,47.734616091945917]},"properties":{"OBJECTID":281,"Lot_Name":"Shoreline United Methodist Church","CountyName":"King","CityName":"Shoreline","Street_Location":"NE 145th St/25th Ave NE","Address":"14511 125th Ave NE","ZipCode":"98155","Approx_Numb_Spaces":20}},{"type":"Feature","id":280,"geometry":{"type":"Point","coordinates":[-122.34692052016764,47.76742442061844]},"properties":{"OBJECTID":280,"Lot_Name":"Shoreline","CountyName":"King","CityName":"Shoreline","Street_Location":"Aurora Ave N and N 192nd St","Address":"18821 Aurora Ave N","ZipCode":"98133","Approx_Numb_Spaces":393}},{"type":"Feature","id":261,"geometry":{"type":"Point","coordinates":[-122.20846918314871,47.48133575885911]},"properties":{"OBJECTID":261,"Lot_Name":"Renton City Municipal Garage","CountyName":"King","CityName":"Renton","Street_Location":"655 S 2nd St (Garage Floors 4-7)","Address":"655 S 2nd St","ZipCode":"98055","Approx_Numb_Spaces":150}},{"type":"Feature","id":339,"geometry":{"type":"Point","coordinates":[-122.3259231520091,47.701479671960293]},"properties":{"OBJECTID":339,"Lot_Name":"Thornton Place Garage","CountyName":"King","CityName":"Seattle","Street_Location":"3rd Ave. NE and NE 100th St","Address":"3rd Ave NE & NE 100th St","ZipCode":"98125","Approx_Numb_Spaces":350}},{"type":"Feature","id":243,"geometry":{"type":"Point","coordinates":[-117.26195509181962,47.653908635246303]},"properties":{"OBJECTID":243,"Lot_Name":"Pence-Cole Valley Transit Center","CountyName":"Spokane","CityName":"Spokane Valley","Street_Location":"4th Ave and University Rd","Address":"10501 E 4th Ave","ZipCode":"99206","Approx_Numb_Spaces":236}},{"type":"Feature","id":46,"geometry":{"type":"Point","coordinates":[-122.31903342909241,47.755613421957392]},"properties":{"OBJECTID":46,"Lot_Name":"Buddha Jewel Monastery","CountyName":"King","CityName":"Shoreline","Street_Location":"NE 175th and 10th Ave NE","Address":"17418 8th Ave NE","ZipCode":"98155","Approx_Numb_Spaces":40}},{"type":"Feature","id":238,"geometry":{"type":"Point","coordinates":[-122.13694705250231,47.632910282913763]},"properties":{"OBJECTID":238,"Lot_Name":"Overlake","CountyName":"King","CityName":"Redmond","Street_Location":"152nd Ave NE and NE 24th St","Address":"2650 152nd Ave NE","ZipCode":"98052","Approx_Numb_Spaces":203}},{"type":"Feature","id":52,"geometry":{"type":"Point","coordinates":[-122.2117501629676,47.794327291140618]},"properties":{"OBJECTID":52,"Lot_Name":"Canyon Park","CountyName":"Snohomish","CityName":"Bothell","Street_Location":"W of SR 405 and SR 527","Address":"22400 17th Ave SE","ZipCode":"98021","Approx_Numb_Spaces":302}},{"type":"Feature","id":317,"geometry":{"type":"Point","coordinates":[-122.29147423995028,47.361585302335691]},"properties":{"OBJECTID":317,"Lot_Name":"St. Columba's Episcopal Church","CountyName":"King","CityName":"Kent","Street_Location":"26715 Military Rd S","Address":"26715 Military Rd S","ZipCode":"98032","Approx_Numb_Spaces":15}},{"type":"Feature","id":143,"geometry":{"type":"Point","coordinates":[-122.19116600526991,48.154045660476356]},"properties":{"OBJECTID":143,"Lot_Name":"I-5 & SR531","CountyName":"Snohomish","CityName":"Marysville","Street_Location":"2917 174th St NE","Address":"2917 174th St NE","ZipCode":"98271","Approx_Numb_Spaces":62}},{"type":"Feature","id":97,"geometry":{"type":"Point","coordinates":[-120.20814450979023,47.677201954451007]},"properties":{"OBJECTID":97,"Lot_Name":"Entiat Park and Ride","CountyName":"Chelan","CityName":"Entiat","Street_Location":"SR 97 Alt and Lakeshore Dr","Address":"SR 97 Alt and Lakeshore Dr","ZipCode":"98822","Approx_Numb_Spaces":17}},{"type":"Feature","id":322,"geometry":{"type":"Point","coordinates":[-122.34921732838882,48.239208300633969]},"properties":{"OBJECTID":322,"Lot_Name":"Stanwood I-5","CountyName":"Snohomish","CityName":"Stanwood","Street_Location":"SR 532/Old Hwy 99 (near Marine Dr)","Address":"8701 267th St NW","ZipCode":"98292","Approx_Numb_Spaces":104}},{"type":"Feature","id":27,"geometry":{"type":"Point","coordinates":[-122.46174983742048,48.003644422442164]},"properties":{"OBJECTID":27,"Lot_Name":"Bayview Park and Ride","CountyName":"Island","CityName":"Langley (Whidbey Island)","Street_Location":"SR 525 and Bayview Rd","Address":"2832 Washington 525","ZipCode":"98260","Approx_Numb_Spaces":85}},{"type":"Feature","id":142,"geometry":{"type":"Point","coordinates":[-123.59826321860764,48.117004501018982]},"properties":{"OBJECTID":142,"Lot_Name":"Hwy 112 and Peters Rd","CountyName":"Clallam","CityName":"Port Angeles","Street_Location":"SR 112 and Peters Rd","Address":"SR 112 and Peters Rd","ZipCode":"98363","Approx_Numb_Spaces":6}},{"type":"Feature","id":129,"geometry":{"type":"Point","coordinates":[-122.78195933072671,48.108959110434064]},"properties":{"OBJECTID":129,"Lot_Name":"Haines Place","CountyName":"Jefferson","CityName":"Port Townsend","Street_Location":"12th St and Haines St","Address":"440 12th Street","ZipCode":"98368","Approx_Numb_Spaces":289}},{"type":"Feature","id":314,"geometry":{"type":"Point","coordinates":[-122.24177309507959,48.479620671049858]},"properties":{"OBJECTID":314,"Lot_Name":"SR 9 and S Skagit Hwy Park and Ride","CountyName":"Skagit","CityName":"Sedro Woolley","Street_Location":"SR 9 and S Skagit Hwy","Address":"SR 9 and S Skagit Hwy","ZipCode":"98284","Approx_Numb_Spaces":52}},{"type":"Feature","id":152,"geometry":{"type":"Point","coordinates":[-122.32428256300274,47.314669371585111]},"properties":{"OBJECTID":152,"Lot_Name":"Journey Church","CountyName":"King","CityName":"Federal Way","Street_Location":"S 320th St and 8th Ave S","Address":"701 S 320th St","ZipCode":"98003","Approx_Numb_Spaces":24}},{"type":"Feature","id":92,"geometry":{"type":"Point","coordinates":[-122.38300971948239,47.811715675015506]},"properties":{"OBJECTID":92,"Lot_Name":"Edmonds Ferry Terminal","CountyName":"Snohomish","CityName":"Edmonds","Street_Location":"Southeast of Ferry Terminal, next to Sounder Station","Address":"199 Sunset Ave S","ZipCode":"98020","Approx_Numb_Spaces":64}},{"type":"Feature","id":294,"geometry":{"type":"Point","coordinates":[-122.19633017121102,47.644065101492217]},"properties":{"OBJECTID":294,"Lot_Name":"South Kirkland","CountyName":"King","CityName":"Kirkland","Street_Location":"NE 38th PL and NE 37th Circle","Address":"3677 108th Avenue NE","ZipCode":"98033","Approx_Numb_Spaces":833}},{"type":"Feature","id":86,"geometry":{"type":"Point","coordinates":[-122.20453237901725,47.915390046354666]},"properties":{"OBJECTID":86,"Lot_Name":"Eastmont","CountyName":"Snohomish","CityName":"Everett","Street_Location":"19th Ave and El Capitan Way","Address":"9029 El Capitan Way","ZipCode":"98208","Approx_Numb_Spaces":389}},{"type":"Feature","id":67,"geometry":{"type":"Point","coordinates":[-120.30656942837199,47.421296899095552]},"properties":{"OBJECTID":67,"Lot_Name":"Columbia Station","CountyName":"Chelan","CityName":"Wenatchee","Street_Location":"Kittitas St and S Columbia St","Address":"335 S Columbia St","ZipCode":"98801","Approx_Numb_Spaces":67}},{"type":"Feature","id":29,"geometry":{"type":"Point","coordinates":[-120.40499408582963,46.564671185836538]},"properties":{"OBJECTID":29,"Lot_Name":"Beaudry Road","CountyName":"Yakima","CityName":"Moxee","Street_Location":"SR 24 and Beaudry Rd","Address":"7208 Postma Rd","ZipCode":"98901","Approx_Numb_Spaces":50}},{"type":"Feature","id":221,"geometry":{"type":"Point","coordinates":[-122.63760244313367,47.748723607891712]},"properties":{"OBJECTID":221,"Lot_Name":"North Kitsap Baptist Church","CountyName":"Kitsap","CityName":"Poulsbo","Street_Location":"20516 Little Valley Rd NE","Address":"20516 Little Valley Rd NE","ZipCode":"98370","Approx_Numb_Spaces":57}},{"type":"Feature","id":303,"geometry":{"type":"Point","coordinates":[-119.29968081823229,46.252992197368336]},"properties":{"OBJECTID":303,"Lot_Name":"Southwest Richland","CountyName":"Benton","CityName":"Richland","Street_Location":"Windmill Rd and Columbia Park Trail","Address":"Windmill Rd","ZipCode":"99352","Approx_Numb_Spaces":139}},{"type":"Feature","id":219,"geometry":{"type":"Point","coordinates":[-122.58707739718456,47.318606323600619]},"properties":{"OBJECTID":219,"Lot_Name":"North Gig Harbor (Kimball Drive)","CountyName":"Pierce","CityName":"Gig Harbor","Street_Location":"SR-16 and Kimball Dr","Address":"6808 Kimball Dr","ZipCode":"98335","Approx_Numb_Spaces":306}},{"type":"Feature","id":2,"geometry":{"type":"Point","coordinates":[-120.5608337392472,46.617820667358608]},"properties":{"OBJECTID":2,"Lot_Name":"40th Avenue","CountyName":"Yakima","CityName":"Yakima","Street_Location":"N 40th Ave and River Rd","Address":"East of 3906 River Road","ZipCode":"98902","Approx_Numb_Spaces":42}},{"type":"Feature","id":10,"geometry":{"type":"Point","coordinates":[-122.29278656913586,47.357648310218615]},"properties":{"OBJECTID":10,"Lot_Name":"All Saints Lutheran Church","CountyName":"King","CityName":"Auburn","Street_Location":"27225 Military Rd S","Address":"27225 Military Rd S","ZipCode":"98001","Approx_Numb_Spaces":75}},{"type":"Feature","id":189,"geometry":{"type":"Point","coordinates":[-122.81509525968902,47.049905989105426]},"properties":{"OBJECTID":189,"Lot_Name":"Martin Way","CountyName":"Thurston","CityName":"Lacey","Street_Location":"I-5 and Martin Way","Address":"4800 Martin Way E","ZipCode":"98516","Approx_Numb_Spaces":318}},{"type":"Feature","id":209,"geometry":{"type":"Point","coordinates":[-122.62185430056535,47.468540414940556]},"properties":{"OBJECTID":209,"Lot_Name":"Mullenix and Highway 16 Park and Ride","CountyName":"Kitsap","CityName":"Port Orchard","Street_Location":"SR 16 and Mullenix Road","Address":"2550 SE Mullenix Road","ZipCode":"98367","Approx_Numb_Spaces":92}},{"type":"Feature","id":84,"geometry":{"type":"Point","coordinates":[-122.15236694893576,47.580416940290831]},"properties":{"OBJECTID":84,"Lot_Name":"Eastgate","CountyName":"King","CityName":"Bellevue","Street_Location":"SE Eastgate Wy and 141st Ave","Address":"14200 SE Eastgate Way","ZipCode":"98007","Approx_Numb_Spaces":1614}},{"type":"Feature","id":198,"geometry":{"type":"Point","coordinates":[-122.9768402484838,46.711323924570081]},"properties":{"OBJECTID":198,"Lot_Name":"Mellen St Park and Ride","CountyName":"Lewis","CityName":"Centralia","Street_Location":"I-5 and Mellen St (Exit 81)","Address":"900 Airport Road","ZipCode":"98531","Approx_Numb_Spaces":102}},{"type":"Feature","id":274,"geometry":{"type":"Point","coordinates":[-124.28064444412963,48.070244951650416]},"properties":{"OBJECTID":274,"Lot_Name":"Sappho Junction","CountyName":"Clallam","CityName":"Sappho","Street_Location":"US 101 and SR 113","Address":"14 Burnt Mountain Rd","ZipCode":"98363","Approx_Numb_Spaces":30}},{"type":"Feature","id":208,"geometry":{"type":"Point","coordinates":[-122.9978377354533,47.049905950059866]},"properties":{"OBJECTID":208,"Lot_Name":"Mud Bay","CountyName":"Thurston","CityName":"Olympia","Street_Location":"Mud Bay Rd and Madrona Beach Rd (off SR 101)","Address":"510 Madrona Beach Rd NW","ZipCode":"98502","Approx_Numb_Spaces":130}},{"type":"Feature","id":21,"geometry":{"type":"Point","coordinates":[-122.23110684852922,47.307123471850112]},"properties":{"OBJECTID":21,"Lot_Name":"Auburn Garage at Auburn Station","CountyName":"King","CityName":"Auburn","Street_Location":"A St SW and 1st St SW","Address":"A St SW & 2nd St SW","ZipCode":"98001","Approx_Numb_Spaces":520}},{"type":"Feature","id":226,"geometry":{"type":"Point","coordinates":[-122.32723548248028,47.703120080576838]},"properties":{"OBJECTID":226,"Lot_Name":"Northgate Mall Garage","CountyName":"King","CityName":"Seattle","Street_Location":"Just north of Northgate Transit Center (Parking for commuters on floors 1 and 2) NE 103rd St. and 1st Ave. NE","Address":"NE 103rd St & 1st Ave NE","ZipCode":"98125","Approx_Numb_Spaces":280}},{"type":"Feature","id":179,"geometry":{"type":"Point","coordinates":[-120.33544078713906,47.470181306196523]},"properties":{"OBJECTID":179,"Lot_Name":"Leavenworth Park and Ride","CountyName":"Chelan","CityName":"Leavenworth","Street_Location":"SR 2 near USFS","Address":"SR 2 and 12th Street","ZipCode":"98826","Approx_Numb_Spaces":42}},{"type":"Feature","id":39,"geometry":{"type":"Point","coordinates":[-122.66844286920053,48.936385382151393]},"properties":{"OBJECTID":39,"Lot_Name":"Birch Bay Square","CountyName":"Whatcom","CityName":"Blaine","Street_Location":"South side of mall near office","Address":"8115 Birch Bay Square Street","ZipCode":"98230","Approx_Numb_Spaces":10}},{"type":"Feature","id":207,"geometry":{"type":"Point","coordinates":[-122.31542451515637,47.785469019411678]},"properties":{"OBJECTID":207,"Lot_Name":"Mountlake Terrace Transit Center","CountyName":"Snohomish","CityName":"Mountlake Terrace","Street_Location":"E of I-5,N of 236th","Address":"6001 236th St SW","ZipCode":"98043","Approx_Numb_Spaces":877}},{"type":"Feature","id":202,"geometry":{"type":"Point","coordinates":[-122.24455841097617,47.589275169742962]},"properties":{"OBJECTID":202,"Lot_Name":"Mercer Island United Methodist Church","CountyName":"King","CityName":"Mercer Island","Street_Location":"SE 24th St and 70th Ave SE","Address":"7070 SE 24th St","ZipCode":"98040","Approx_Numb_Spaces":18}},{"type":"Feature","id":106,"geometry":{"type":"Point","coordinates":[-122.30492563689583,47.317622130777458]},"properties":{"OBJECTID":106,"Lot_Name":"Federal Way TC","CountyName":"King","CityName":"Federal Way","Street_Location":"S 317th St and 23rd Ave S","Address":"31261 23rd Ave S","ZipCode":"98003","Approx_Numb_Spaces":1190}},{"type":"Feature","id":38,"geometry":{"type":"Point","coordinates":[-120.58904933761434,47.557779513055976]},"properties":{"OBJECTID":38,"Lot_Name":"Big Y Park and Ride","CountyName":"Chelan","CityName":"Leavenworth","Street_Location":"SR 2 and SR 97 North Side","Address":"9351 Jeske Road","ZipCode":"98847","Approx_Numb_Spaces":32}},{"type":"Feature","id":230,"geometry":{"type":"Point","coordinates":[-122.16680256329136,47.430154759074405]},"properties":{"OBJECTID":230,"Lot_Name":"NW Life Church","CountyName":"King","CityName":"Renton","Street_Location":"131st Ave SE and SE 192nd St","Address":"13120 SE 192nd St","ZipCode":"98058","Approx_Numb_Spaces":25}},{"type":"Feature","id":363,"geometry":{"type":"Point","coordinates":[-122.36496433279434,45.997086548313483]},"properties":{"OBJECTID":363,"Lot_Name":"Yale Park and Ride","CountyName":"Cowlitz","CityName":"Yale","Street_Location":"SR 503 and SR 503 Spur","Address":"SR 503 and SR 503 Spur","ZipCode":"98603","Approx_Numb_Spaces":25}},{"type":"Feature","id":275,"geometry":{"type":"Point","coordinates":[-122.29016194273406,47.465259651126665]},"properties":{"OBJECTID":275,"Lot_Name":"SeaTac Center Garage","CountyName":"King","CityName":"SeaTac","Street_Location":"15247 International Boulevard","Address":"15247 International Boulevard","ZipCode":"98188","Approx_Numb_Spaces":62}},{"type":"Feature","id":204,"geometry":{"type":"Point","coordinates":[-117.22717825239673,47.674905990683712]},"properties":{"OBJECTID":204,"Lot_Name":"Mirabeau Point","CountyName":"Spokane","CityName":"Spokane Valley","Street_Location":"near the Valley YMCA and Spokane Valley Mall","Address":"13209 E Indiana Ave","ZipCode":"99216","Approx_Numb_Spaces":198}},{"type":"Feature","id":111,"geometry":{"type":"Point","coordinates":[-122.50538387435908,45.594856313176159]},"properties":{"OBJECTID":111,"Lot_Name":"Fisher's Landing Transit Center","CountyName":"Clark","CityName":"Vancouver","Street_Location":"SE 164th Ave and SE Cascade Park Drive","Address":"3510 SE 164th Ave","ZipCode":"98683","Approx_Numb_Spaces":759}},{"type":"Feature","id":110,"geometry":{"type":"Point","coordinates":[-122.62907216805293,47.525954995682788]},"properties":{"OBJECTID":110,"Lot_Name":"First Lutheran Church","CountyName":"Kitsap","CityName":"Port Orchard","Street_Location":"2483 Mitchell Rd SE","Address":"2483 Mitchell Rd SE","ZipCode":"98366","Approx_Numb_Spaces":13}},{"type":"Feature","id":49,"geometry":{"type":"Point","coordinates":[-122.3374059715272,47.470180884867297]},"properties":{"OBJECTID":49,"Lot_Name":"Burien TC","CountyName":"King","CityName":"Burien","Street_Location":"SW 150th St and 4th Ave SW","Address":"14900 4th Ave SW","ZipCode":"98166","Approx_Numb_Spaces":588}},{"type":"Feature","id":349,"geometry":{"type":"Point","coordinates":[-122.34757669956079,47.783172415442301]},"properties":{"OBJECTID":349,"Lot_Name":"United Presbyterian Church of Seattle","CountyName":"Snohomish","CityName":"Edmonds","Street_Location":"8506 238th St SW","Address":"8506 238th St SW","ZipCode":"98026","Approx_Numb_Spaces":58}},{"type":"Feature","id":218,"geometry":{"type":"Point","coordinates":[-122.22323310151846,47.849773368964364]},"properties":{"OBJECTID":218,"Lot_Name":"North Creek Presbyterian Church","CountyName":"Snohomish","CityName":"Mill Creek","Street_Location":"621 164th St SE","Address":"621 164th St SE","ZipCode":"98012","Approx_Numb_Spaces":23}},{"type":"Feature","id":197,"geometry":{"type":"Point","coordinates":[-122.62808796052502,47.62109917279102]},"properties":{"OBJECTID":197,"Lot_Name":"McWilliams Road","CountyName":"Kitsap","CityName":"Bremerton","Street_Location":"SR 303 (Wheaton Way) and McWilliams","Address":"1601 NE McWilliams Road","ZipCode":"98311","Approx_Numb_Spaces":151}},{"type":"Feature","id":50,"geometry":{"type":"Point","coordinates":[-122.18025427744067,48.062043316671357]},"properties":{"OBJECTID":50,"Lot_Name":"Calvary Chapel Marysville","CountyName":"Snohomish","CityName":"Marysville","Street_Location":"1224B Cedar Ave","Address":"1224B Cedar Ave","ZipCode":"98270","Approx_Numb_Spaces":20}},{"type":"Feature","id":190,"geometry":{"type":"Point","coordinates":[-122.18320702604089,48.049904232617408]},"properties":{"OBJECTID":190,"Lot_Name":"Marysville Ash Ave","CountyName":"Snohomish","CityName":"Marysville","Street_Location":"2nd St/Ash Ave","Address":"201 Ash Ave","ZipCode":"98270","Approx_Numb_Spaces":202}},{"type":"Feature","id":32,"geometry":{"type":"Point","coordinates":[-122.20102387102506,47.599969630399777]},"properties":{"OBJECTID":32,"Lot_Name":"Bellevue Church of Christ","CountyName":"King","CityName":"Bellevue","Street_Location":"104th Ave SE and SE 11th St","Address":"1212 104th Ave SE","ZipCode":"98004","Approx_Numb_Spaces":50}},{"type":"Feature","id":151,"geometry":{"type":"Point","coordinates":[-117.4319023164081,47.651940111988928]},"properties":{"OBJECTID":151,"Lot_Name":"Jefferson St / I-90 Park and Ride","CountyName":"Spokane","CityName":"Spokane","Street_Location":"Jefferson St between 3rd Ave and 4th Ave (underneath the freeway)","Address":"Jefferson at W 3rd Ave/I-90 Alley","ZipCode":"99204","Approx_Numb_Spaces":420}},{"type":"Feature","id":345,"geometry":{"type":"Point","coordinates":[-122.28720920030534,47.464931573246005]},"properties":{"OBJECTID":345,"Lot_Name":"Tukwila International Blvd Station","CountyName":"King","CityName":"Tukwila","Street_Location":"International Blvd and Southcenter Blvd.","Address":"15426 35th Ave S","ZipCode":"98188","Approx_Numb_Spaces":600}},{"type":"Feature","id":75,"geometry":{"type":"Point","coordinates":[-122.13392486431785,47.614536638582834]},"properties":{"OBJECTID":75,"Lot_Name":"Cross of Christ Lutheran Church","CountyName":"King","CityName":"Bellevue","Street_Location":"156th Ave NE and NE 6th St","Address":"411 156th Ave NE","ZipCode":"98007","Approx_Numb_Spaces":50}},{"type":"Feature","id":25,"geometry":{"type":"Point","coordinates":[-122.49947920996301,47.512831687680958]},"properties":{"OBJECTID":25,"Lot_Name":"Bainbridge Island Ferry Terminal","CountyName":"Kitsap","CityName":"Bainbridge Island","Street_Location":"North side of Ferry Terminal","Address":"270 Olympic Drive SE","ZipCode":"98110","Approx_Numb_Spaces":89}},{"type":"Feature","id":26,"geometry":{"type":"Point","coordinates":[-122.50899375361938,47.798592312200547]},"properties":{"OBJECTID":26,"Lot_Name":"Bayside Community Church","CountyName":"Kitsap","CityName":"Kingston","Street_Location":"Barber Cut-off Road and W Kingston Rd","Address":"25992 Barber Cut-Off Rd NE","ZipCode":"98346","Approx_Numb_Spaces":210}},{"type":"Feature","id":185,"geometry":{"type":"Point","coordinates":[-122.01818073028291,47.365194288637717]},"properties":{"OBJECTID":185,"Lot_Name":"Maple Valley Town Square","CountyName":"King","CityName":"Maple Valley","Street_Location":"26520 Maple Valley Highway","Address":"26520 Maple Valley Highway","ZipCode":"98038","Approx_Numb_Spaces":97}},{"type":"Feature","id":168,"geometry":{"type":"Point","coordinates":[-121.99849581872105,47.570574471483376]},"properties":{"OBJECTID":168,"Lot_Name":"Klahanie #3","CountyName":"King","CityName":"Issaquah","Street_Location":"Klahanie Dr SE and SE 40th St","Address":"Klahanie Dr SE & 252nd Ave SE","ZipCode":"98029","Approx_Numb_Spaces":30}},{"type":"Feature","id":287,"geometry":{"type":"Point","coordinates":[-122.65269458861023,48.375690918760448]},"properties":{"OBJECTID":287,"Lot_Name":"Soundview Shopper Park and Ride","CountyName":"Island","CityName":"Oak Harbor (Whidbey Island)","Street_Location":"SR 20 and Troxell Rd","Address":"39757 SR 20","ZipCode":"98277","Approx_Numb_Spaces":15}},{"type":"Feature","id":333,"geometry":{"type":"Point","coordinates":[-122.42566030253666,47.240194426812572]},"properties":{"OBJECTID":333,"Lot_Name":"Tacoma Dome Station","CountyName":"Pierce","CityName":"Tacoma","Street_Location":"E \"G\" St and Puyallup Ave","Address":"610 Puyallup Ave (North Building) & 424 E 25th St (South Building)","ZipCode":"98421","Approx_Numb_Spaces":2337}},{"type":"Feature","id":147,"geometry":{"type":"Point","coordinates":[-120.45355040849877,46.510865504903038]},"properties":{"OBJECTID":147,"Lot_Name":"I-82 Exit 40","CountyName":"Yakima","CityName":"Yakima","Street_Location":"Yakima Valley Hwy and Exit 40 off ramp","Address":"2-52 Yakima Valley Hwy","ZipCode":"98951","Approx_Numb_Spaces":8}},{"type":"Feature","id":236,"geometry":{"type":"Point","coordinates":[-120.32625445438914,47.465260064952325]},"properties":{"OBJECTID":236,"Lot_Name":"Olds Station Park and Ride","CountyName":"Chelan","CityName":"Wenatchee","Street_Location":"Penny Rd and Euclid Ave","Address":"320 Penny Rd","ZipCode":"98801","Approx_Numb_Spaces":200}},{"type":"Feature","id":284,"geometry":{"type":"Point","coordinates":[-122.10052993656596,47.931794237730877]},"properties":{"OBJECTID":284,"Lot_Name":"Snohomish","CountyName":"Snohomish","CityName":"Snohomish","Street_Location":"SR 9 and Bickford Ave","Address":"1700 Avenue D East of Hwy 9","ZipCode":"98290","Approx_Numb_Spaces":102}},{"type":"Feature","id":205,"geometry":{"type":"Point","coordinates":[-121.99554320310116,47.868146088465558]},"properties":{"OBJECTID":205,"Lot_Name":"Monroe","CountyName":"Snohomish","CityName":"Monroe","Street_Location":"at Evergreen State Fairground next to SR 2","Address":"17433 SR 2 (west of fair grounds)","ZipCode":"98272","Approx_Numb_Spaces":103}},{"type":"Feature","id":302,"geometry":{"type":"Point","coordinates":[-120.3026324160509,47.409157816772279]},"properties":{"OBJECTID":302,"Lot_Name":"South Wenatchee","CountyName":"Chelan","CityName":"Wenatchee","Street_Location":"S Mission St and Stevens St","Address":"1001 S Mission St","ZipCode":"98801","Approx_Numb_Spaces":33}},{"type":"Feature","id":342,"geometry":{"type":"Point","coordinates":[-122.88103977428585,46.474447759414062]},"properties":{"OBJECTID":342,"Lot_Name":"Toledo-Winlock","CountyName":"Lewis","CityName":"Toledo","Street_Location":"I-5 and SR 505","Address":"100 Camus Road","ZipCode":"98591","Approx_Numb_Spaces":20}},{"type":"Feature","id":290,"geometry":{"type":"Point","coordinates":[-122.2147029509987,47.898001623667561]},"properties":{"OBJECTID":290,"Lot_Name":"South Everett P&R","CountyName":"Snohomish","CityName":"Everett","Street_Location":"I-5 and 112th St SE","Address":"I-5 and 112th St SE","ZipCode":"98208","Approx_Numb_Spaces":397}},{"type":"Feature","id":270,"geometry":{"type":"Point","coordinates":[-122.0086662353667,47.206073846866744]},"properties":{"OBJECTID":270,"Lot_Name":"Sacred Heart Church of Enumclaw","CountyName":"King","CityName":"Enumclaw","Street_Location":"Farrelly St and Griffin Ave","Address":"1614 Farrelly St","ZipCode":"98022","Approx_Numb_Spaces":40}},{"type":"Feature","id":176,"geometry":{"type":"Point","coordinates":[-122.10413888279396,47.999707492537404]},"properties":{"OBJECTID":176,"Lot_Name":"Lake Stevens","CountyName":"Snohomish","CityName":"Lake Stevens","Street_Location":"South of 4th St NE and 94th Dr NE","Address":"9414 4th St NE, Lake Stevens","ZipCode":"98258","Approx_Numb_Spaces":207}},{"type":"Feature","id":90,"geometry":{"type":"Point","coordinates":[-122.33609378722421,47.813684173323097]},"properties":{"OBJECTID":90,"Lot_Name":"Edgewood Baptist Church","CountyName":"Snohomish","CityName":"Edmonds","Street_Location":"20406 76th Ave W","Address":"20406 76th Ave W","ZipCode":"98026","Approx_Numb_Spaces":10}},{"type":"Feature","id":353,"geometry":{"type":"Point","coordinates":[-122.00440119545428,47.309420117665738]},"properties":{"OBJECTID":353,"Lot_Name":"Vashon Episcopal Church of the Holy Spirit","CountyName":"King","CityName":"Vashon Island","Street_Location":"15420 Vashon Hwy SW","Address":"15420 Vashon Hwy SW","ZipCode":"98070","Approx_Numb_Spaces":23}},{"type":"Feature","id":54,"geometry":{"type":"Point","coordinates":[-122.79442597558239,46.991179079976121]},"properties":{"OBJECTID":54,"Lot_Name":"Centennial Station","CountyName":"Thurston","CityName":"Lacey","Street_Location":"Amtrak Station","Address":"6600 Yelm Hwy SE","ZipCode":"98513","Approx_Numb_Spaces":110}},{"type":"Feature","id":35,"geometry":{"type":"Point","coordinates":[-122.53622460343627,47.63553487356041]},"properties":{"OBJECTID":35,"Lot_Name":"Bethany Lutheran Church","CountyName":"Kitsap","CityName":"Bainbridge Island","Street_Location":"Finch Road NE and High School Rd","Address":"7968 Finch Rd NE","ZipCode":"98110","Approx_Numb_Spaces":80}},{"type":"Feature","id":233,"geometry":{"type":"Point","coordinates":[-122.45978107482175,47.452136281115777]},"properties":{"OBJECTID":233,"Lot_Name":"Ober Park Annex","CountyName":"King","CityName":"Vashon Island","Street_Location":"17130 Vashon Hwy SW","Address":"17130 Vashon Hwy SW","ZipCode":"98070","Approx_Numb_Spaces":9}},{"type":"Feature","id":100,"geometry":{"type":"Point","coordinates":[-122.53163056585095,45.634882471834345]},"properties":{"OBJECTID":100,"Lot_Name":"Evergreen Park and Ride","CountyName":"Clark","CityName":"Vancouver","Street_Location":"NE 137th and NE 18th St","Address":"13601 NE 18th St","ZipCode":"98684","Approx_Numb_Spaces":279}},{"type":"Feature","id":253,"geometry":{"type":"Point","coordinates":[-122.29606732927114,47.192294293886889]},"properties":{"OBJECTID":253,"Lot_Name":"Puyallup Train Station","CountyName":"Pierce","CityName":"Puyallup","Street_Location":"131 W Main St","Address":"131 W Main St","ZipCode":"98371","Approx_Numb_Spaces":364}},{"type":"Feature","id":224,"geometry":{"type":"Point","coordinates":[-122.32395464848048,47.703448175272655]},"properties":{"OBJECTID":224,"Lot_Name":"North Seattle Interim (Lot A)","CountyName":"King","CityName":"Seattle","Street_Location":"NW corner of NE 103rd and 5th Ave NE","Address":"402 NE 103rd St.","ZipCode":"98125","Approx_Numb_Spaces":155}},{"type":"Feature","id":127,"geometry":{"type":"Point","coordinates":[-121.96896855047324,48.080416033699805]},"properties":{"OBJECTID":127,"Lot_Name":"Granite Falls","CountyName":"Snohomish","CityName":"Granite Falls","Street_Location":"Granite Ave between Pioneer and Union","Address":"305 S Granite Ave","ZipCode":"98252","Approx_Numb_Spaces":25}},{"type":"Feature","id":119,"geometry":{"type":"Point","coordinates":[-122.63989902105496,47.733959847991621]},"properties":{"OBJECTID":119,"Lot_Name":"Gateway Fellowship Church","CountyName":"Kitsap","CityName":"Poulsbo","Street_Location":"Hostmark and 8th Ave, one block W of SR 305","Address":"18901 8th Ave NE","ZipCode":"98370","Approx_Numb_Spaces":138}},{"type":"Feature","id":174,"geometry":{"type":"Point","coordinates":[-122.16581827877181,47.361257250131025]},"properties":{"OBJECTID":174,"Lot_Name":"Lake Meridian","CountyName":"King","CityName":"Kent","Street_Location":"132nd Ave SE and SE 272nd St","Address":"26805 132nd Ave SE","ZipCode":"98031","Approx_Numb_Spaces":172}},{"type":"Feature","id":245,"geometry":{"type":"Point","coordinates":[-119.28557325561394,46.31499996394254]},"properties":{"OBJECTID":245,"Lot_Name":"Port of Benton","CountyName":"Benton","CityName":"Richland","Street_Location":"Port of Benton Manufacturing Mall on Stevens Drive","Address":"1981 Snyder Street","ZipCode":"99354","Approx_Numb_Spaces":686}},{"type":"Feature","id":201,"geometry":{"type":"Point","coordinates":[-122.22487338208893,47.542031171305297]},"properties":{"OBJECTID":201,"Lot_Name":"Mercer Island QFC Village","CountyName":"King","CityName":"Mercer Island","Street_Location":"84th Ave SE and SE 68th St","Address":"8401 SE 68th Street","ZipCode":"98040","Approx_Numb_Spaces":21}},{"type":"Feature","id":138,"geometry":{"type":"Point","coordinates":[-123.88694380825551,46.977727422236462]},"properties":{"OBJECTID":138,"Lot_Name":"Hoquiam Station","CountyName":"Grays Harbor","CityName":"Hoquiam","Street_Location":"7th and \"J\" St","Address":"600 J Street","ZipCode":"98550","Approx_Numb_Spaces":14}},{"type":"Feature","id":126,"geometry":{"type":"Point","coordinates":[-123.00374312213502,46.80318726385314]},"properties":{"OBJECTID":126,"Lot_Name":"Grand Mound","CountyName":"Thurston","CityName":"Grand Mound","Street_Location":"I-5 and SR-12 (Grand Mound Highway)","Address":"20500 Old Highway 99 SW","ZipCode":"98579","Approx_Numb_Spaces":44}},{"type":"Feature","id":101,"geometry":{"type":"Point","coordinates":[-122.23832484284452,47.636847267551673]},"properties":{"OBJECTID":101,"Lot_Name":"Evergreen Point Bridge","CountyName":"King","CityName":"Medina","Street_Location":"SR 520 and 76th Ave NE Medina","Address":"SR 520 and 76th Ave NE Medina","ZipCode":"98039","Approx_Numb_Spaces":48}},{"type":"Feature","id":184,"geometry":{"type":"Point","coordinates":[-122.04508357870603,47.396034115620218]},"properties":{"OBJECTID":184,"Lot_Name":"Maple Valley","CountyName":"King","CityName":"Maple Valley","Street_Location":"SE 231st St and Renton-Maple Valley Rd (SR 169)","Address":"Maple Valley Black Diamond Rd SE","ZipCode":"98038","Approx_Numb_Spaces":122}},{"type":"Feature","id":231,"geometry":{"type":"Point","coordinates":[-122.63071297857869,48.332055834001373]},"properties":{"OBJECTID":231,"Lot_Name":"Oak Harbor Park and Ride","CountyName":"Island","CityName":"Oak Harbor (Whidbey Island)","Street_Location":"SR 20 and Hoffman Rd","Address":"34933 SR 20","ZipCode":"98277","Approx_Numb_Spaces":33}},{"type":"Feature","id":324,"geometry":{"type":"Point","coordinates":[-121.80295822052049,47.863224887667215]},"properties":{"OBJECTID":324,"Lot_Name":"Sultan","CountyName":"Snohomish","CityName":"Sultan","Street_Location":"Hwy 2 and 10th St","Address":"942 Stevens Pass Hwy","ZipCode":"98294","Approx_Numb_Spaces":38}},{"type":"Feature","id":177,"geometry":{"type":"Point","coordinates":[-122.49652629027547,47.154236577034354]},"properties":{"OBJECTID":177,"Lot_Name":"Lakewood Station","CountyName":"Pierce","CityName":"Lakewood","Street_Location":"Pacific Ave SW and 47th Ave SW","Address":"11500 Pacific Hwy SW","ZipCode":"98499","Approx_Numb_Spaces":600}},{"type":"Feature","id":350,"geometry":{"type":"Point","coordinates":[-122.53556825772408,47.227071068562751]},"properties":{"OBJECTID":350,"Lot_Name":"University Place Town Center","CountyName":"Pierce","CityName":"University Place","Street_Location":"3610 Drexler Avenue W","Address":"3610 Drexler Avenue W","ZipCode":"98466","Approx_Numb_Spaces":100}},{"type":"Feature","id":299,"geometry":{"type":"Point","coordinates":[-122.45879671048458,47.207058003693419]},"properties":{"OBJECTID":299,"Lot_Name":"South Tacoma East I (north side)","CountyName":"Pierce","CityName":"Tacoma","Street_Location":"S 56th St and S. Alaska St NW corner","Address":"5520 S Alaska St","ZipCode":"98408","Approx_Numb_Spaces":33}},{"type":"Feature","id":77,"geometry":{"type":"Point","coordinates":[-122.271262943496,47.851793636045691]},"properties":{"OBJECTID":77,"Lot_Name":"Cypress Semiconductor","CountyName":"Snohomish","CityName":"Lynnwood","Street_Location":"162nd St SW and Manor Way","Address":"27001 162nd St SW","ZipCode":"98087","Approx_Numb_Spaces":31}},{"type":"Feature","id":73,"geometry":{"type":"Point","coordinates":[-122.08150101153289,47.742818231293697]},"properties":{"OBJECTID":73,"Lot_Name":"Cottage Lake Assembly of God","CountyName":"King","CityName":"Woodinville","Street_Location":"15737 Avondale Rd","Address":"15737 Avondale Rd","ZipCode":"98072","Approx_Numb_Spaces":20}},{"type":"Feature","id":268,"geometry":{"type":"Point","coordinates":[-122.43484657674331,47.082714406814674]},"properties":{"OBJECTID":268,"Lot_Name":"Roy \"Y\"","CountyName":"Pierce","CityName":"Spanaway","Street_Location":"S 192nd and Mountain Hwy","Address":"19110 SR 7 E","ZipCode":"98387","Approx_Numb_Spaces":100}},{"type":"Feature","id":116,"geometry":{"type":"Point","coordinates":[-122.53622478106831,48.010206073720433]},"properties":{"OBJECTID":116,"Lot_Name":"Freeland Park and Ride (Trinity Lutheran Church)","CountyName":"Island","CityName":"Freeland (Whidbey Island)","Street_Location":"SR 525 and Woodard Rd","Address":"18341 SR 525","ZipCode":"98249","Approx_Numb_Spaces":70}},{"type":"Feature","id":291,"geometry":{"type":"Point","coordinates":[-122.32264212716525,47.289406954380773]},"properties":{"OBJECTID":291,"Lot_Name":"South Federal Way","CountyName":"King","CityName":"Federal Way","Street_Location":"9th Ave S and S 348th St","Address":"901 S 348th St","ZipCode":"98003","Approx_Numb_Spaces":515}},{"type":"Feature","id":34,"geometry":{"type":"Point","coordinates":[-119.48711864655641,46.263121159313812]},"properties":{"OBJECTID":34,"Lot_Name":"Benton City Park and Ride","CountyName":"Benton","CityName":"Benton City","Street_Location":"9th St and Dale Ave","Address":"9th St and Dale Ave","ZipCode":"99320","Approx_Numb_Spaces":37}},{"type":"Feature","id":273,"geometry":{"type":"Point","coordinates":[-122.03524116942604,47.602070470248528]},"properties":{"OBJECTID":273,"Lot_Name":"Sammamish Hills Lutheran Church","CountyName":"King","CityName":"Sammamish","Street_Location":"SE 8th St and 228th Ave SE","Address":"22818 SE 8th St","ZipCode":"98074","Approx_Numb_Spaces":54}},{"type":"Feature","id":64,"geometry":{"type":"Point","coordinates":[-123.02390367567291,46.175561465685568]},"properties":{"OBJECTID":64,"Lot_Name":"Coal Creek Rd Park and Ride","CountyName":"Cowlitz","CityName":"Longview","Street_Location":"5815 Ocean Beach Hwy","Address":"5815 Ocean Beach Hwy","ZipCode":"98632","Approx_Numb_Spaces":37}},{"type":"Feature","id":19,"geometry":{"type":"Point","coordinates":[-122.25833803053104,47.852726115909896]},"properties":{"OBJECTID":19,"Lot_Name":"Ash Way","CountyName":"Snohomish","CityName":"Lynnwood","Street_Location":"164th Street/Ash Way","Address":"16327 Ash Way","ZipCode":"98037","Approx_Numb_Spaces":1022}},{"type":"Feature","id":62,"geometry":{"type":"Point","coordinates":[-122.57067340924125,47.713618702164588]},"properties":{"OBJECTID":62,"Lot_Name":"Clearwater","CountyName":"Kitsap","CityName":"Suquamish","Street_Location":"SR 305 and Suquamish Way at Suquamish Clearwater Casino","Address":"15347 Suquamish Way NE","ZipCode":"98392","Approx_Numb_Spaces":96}},{"type":"Feature","id":315,"geometry":{"type":"Point","coordinates":[-122.24751158910605,48.502659270135723]},"properties":{"OBJECTID":315,"Lot_Name":"SR 9 and State Street Park and Ride","CountyName":"Skagit","CityName":"Sedro Woolley","Street_Location":"SR 20 and State St","Address":"503 W State Street","ZipCode":"98284","Approx_Numb_Spaces":20}},{"type":"Feature","id":220,"geometry":{"type":"Point","coordinates":[-122.32428275807115,47.73560033908533]},"properties":{"OBJECTID":220,"Lot_Name":"North Jackson Park","CountyName":"King","CityName":"Shoreline","Street_Location":"5th Ave NE near I-5 and NE 145th St","Address":"14711 5th Ave NE","ZipCode":"98155","Approx_Numb_Spaces":68}},{"type":"Feature","id":137,"geometry":{"type":"Point","coordinates":[-122.60971539373963,47.85206986727777]},"properties":{"OBJECTID":137,"Lot_Name":"Hood Canal East","CountyName":"Kitsap","CityName":"Port Gamble area","Street_Location":"SR 104 and SR 3","Address":" ","ZipCode":"98370","Approx_Numb_Spaces":18}},{"type":"Feature","id":8,"geometry":{"type":"Point","coordinates":[-117.58905429588803,47.642097578531235]},"properties":{"OBJECTID":8,"Lot_Name":"Airway Heights Park and Ride","CountyName":"Spokane","CityName":"Airway Heights","Street_Location":"SR 2 (by Yoke's Foods)","Address":"US 2 and 14th","ZipCode":"99001","Approx_Numb_Spaces":22}},{"type":"Feature","id":182,"geometry":{"type":"Point","coordinates":[-122.48209148086792,48.939010099570581]},"properties":{"OBJECTID":182,"Lot_Name":"Lynden Station Park and Ride","CountyName":"Whatcom","CityName":"Lynden","Street_Location":"1945 Front St","Address":"1945 Front St","ZipCode":"98264","Approx_Numb_Spaces":89}},{"type":"Feature","id":289,"geometry":{"type":"Point","coordinates":[-122.47520160388649,48.714929158826422]},"properties":{"OBJECTID":289,"Lot_Name":"South Bellingham Park and Ride (West)","CountyName":"Whatcom","CityName":"Bellingham","Street_Location":"I-5 and Old Fairhaven Parkway (Exit 250 West Side)","Address":"1801 32nd Street","ZipCode":"98225","Approx_Numb_Spaces":24}},{"type":"Feature","id":163,"geometry":{"type":"Point","coordinates":[-122.18780003333879,47.717555774858283]},"properties":{"OBJECTID":163,"Lot_Name":"Kingsgate","CountyName":"King","CityName":"Kirkland","Street_Location":"I-405 and NE 132nd St","Address":"13001 116th Way NE","ZipCode":"98034","Approx_Numb_Spaces":502}},{"type":"Feature","id":266,"geometry":{"type":"Point","coordinates":[-122.68279254574679,45.817505481450659]},"properties":{"OBJECTID":266,"Lot_Name":"Ridgefield Park and Ride","CountyName":"Clark","CityName":"Ridgefield","Street_Location":"I-5 and SR 501","Address":"NW corner of N 65th Ave and 1st circle","ZipCode":"98642","Approx_Numb_Spaces":88}},{"type":"Feature","id":258,"geometry":{"type":"Point","coordinates":[-122.03556930804942,47.69524614456715]},"properties":{"OBJECTID":258,"Lot_Name":"Redmond Ridge","CountyName":"King","CityName":"Redmond","Street_Location":"NE Cedar Park Crescent and Redmand Ridge Dr NE","Address":"NE Cedar Park Crescent & Redmond Ridge Dr NE","ZipCode":"98053","Approx_Numb_Spaces":52}},{"type":"Feature","id":327,"geometry":{"type":"Point","coordinates":[-122.24488631125629,47.200496381248925]},"properties":{"OBJECTID":327,"Lot_Name":"Sumner Train Station","CountyName":"Pierce","CityName":"Sumner","Street_Location":"810 Maple St","Address":"810 Maple St","ZipCode":"98390","Approx_Numb_Spaces":302}},{"type":"Feature","id":352,"geometry":{"type":"Point","coordinates":[-122.58379584757645,45.660144879493544]},"properties":{"OBJECTID":352,"Lot_Name":"Vancouver Mall Transit Center","CountyName":"Clark","CityName":"Vancouver","Street_Location":"Van Mall Drive, north lot","Address":"8700 NE Vancouver Mall Dr.","ZipCode":"98662","Approx_Numb_Spaces":15}},{"type":"Feature","id":362,"geometry":{"type":"Point","coordinates":[-120.45092577455074,46.578122590588393]},"properties":{"OBJECTID":362,"Lot_Name":"WSDOT","CountyName":"Yakima","CityName":"Yakima","Street_Location":"SR 24 and Riverside Rd (NE corner)","Address":"1703 University Pkwy","ZipCode":"98901","Approx_Numb_Spaces":50}},{"type":"Feature","id":148,"geometry":{"type":"Point","coordinates":[-122.52441360330994,47.650298620086943]},"properties":{"OBJECTID":148,"Lot_Name":"Island Church","CountyName":"Kitsap","CityName":"Bainbridge Island","Street_Location":"Sportsman Club Rd near SR 305","Address":"9624 Sportsman Club Road NE","ZipCode":"98110","Approx_Numb_Spaces":37}},{"type":"Feature","id":161,"geometry":{"type":"Point","coordinates":[-122.28753724601361,47.391440886095459]},"properties":{"OBJECTID":161,"Lot_Name":"Kent/Des Moines","CountyName":"King","CityName":"Kent","Street_Location":"I-5 and Kent-Des Moines Road","Address":"23405 Military Rd S","ZipCode":"98198","Approx_Numb_Spaces":370}},{"type":"Feature","id":193,"geometry":{"type":"Point","coordinates":[-122.18648788617429,48.100757163170272]},"properties":{"OBJECTID":193,"Lot_Name":"Marysville II (116th St)","CountyName":"Snohomish","CityName":"Marysville","Street_Location":"NW quadrant of I-5 and 116th St NE (34th Ave NE and 116th St)","Address":"3401 116th St NE (west of I-5)","ZipCode":"98270","Approx_Numb_Spaces":57}}]}